product,title,rev_date,post_date,pdf_url
Publication 1,Your Rights As A Taxpayer,Sep 2017,10/31/2017,https://www.irs.gov/pub/irs-pdf/p1.pdf
Publication 3,Armed Forces' Tax Guide,2025,01/15/2026,https://www.irs.gov/pub/irs-pdf/p3.pdf
Publication 5,Your Appeal Rights and How to Prepare a Protest if You Disagree,Apr 2021,05/11/2021,https://www.irs.gov/pub/irs-pdf/p5.pdf
Form 11-C,Occupational Tax and Registration Return for Wagering,Dec 2017,12/21/2017,https://www.irs.gov/pub/irs-pdf/f11c.pdf
Publication 15,(Circular E) Employer's Tax Guide,2026,12/17/2025,https://www.irs.gov/pub/irs-pdf/p15.pdf
Publication 15-A,Employer's Supplemental Tax Guide,2026,12/17/2025,https://www.irs.gov/pub/irs-pdf/p15a.pdf
Publication 15-B,Employers Tax Guide to Fringe Benefits,2026,12/23/2025,https://www.irs.gov/pub/irs-pdf/p15b.pdf
Publication 15-T,Federal Income Tax Withholding Methods,2026,12/11/2025,https://www.irs.gov/pub/irs-pdf/p15t.pdf
Publication 16,Statistics of Income - Corporation Income Tax Returns Complete Report,Sep 2025,09/30/2025,https://www.irs.gov/pub/irs-pdf/p16.pdf
Publication 17,Your Federal Income Tax (For Individuals),2025,01/21/2026,https://www.irs.gov/pub/irs-pdf/p17.pdf
Form 23,Application for Enrollment to Practice Before the Internal Revenue Service,Nov 2022,11/04/2022,https://www.irs.gov/pub/irs-pdf/f23.pdf
Publication 54,Tax Guide for U.S. Citizens and Resident Aliens Abroad,Dec 2025,01/12/2026,https://www.irs.gov/pub/irs-pdf/p54.pdf
Publication 55-B,Internal Revenue Service Data Book,May 2025,05/20/2025,https://www.irs.gov/pub/irs-pdf/p55b.pdf
Form 56,Notice Concerning Fiduciary Relationship,Nov 2022,11/16/2022,https://www.irs.gov/pub/irs-pdf/f56.pdf
Instruction 56,"Instructions for Form 56, Notice Concerning Fiduciary Relationship",Dec 2024,01/07/2025,https://www.irs.gov/pub/irs-pdf/i56.pdf
Form 56-F,Notice Concerning Fiduciary Relationship of Financial Institution,Dec 2022,11/29/2022,https://www.irs.gov/pub/irs-pdf/f56f.pdf
Form 172,"Net Operating Losses (NOLs) For Individuals, Estates, and Trusts",Dec 2024,01/16/2025,https://www.irs.gov/pub/irs-pdf/f172.pdf
Instruction 172,"Instructions for Form 172, Net Operating Losses (NOLs) for Individuals, Estates, and Trusts",Dec 2024,01/16/2025,https://www.irs.gov/pub/irs-pdf/i172.pdf
Form 211,Application for Reward for Original Information,Mar 2024,03/24/2024,https://www.irs.gov/pub/irs-pdf/f211.pdf
Publication 216,Conferences and Practice Requirements,Mar 1992,07/17/2012,https://www.irs.gov/pub/irs-pdf/p216.pdf
Publication 225,Farmer's Tax Guide,2025,11/07/2025,https://www.irs.gov/pub/irs-pdf/p225.pdf
Publication 334,Tax Guide For Small Business (For Individuals Who Use Schedule C),2025,02/12/2026,https://www.irs.gov/pub/irs-pdf/p334.pdf
Form 433-A,Collection Information Statement for Wage Earners and Self-Employed Individuals,Jul 2022,08/05/2022,https://www.irs.gov/pub/irs-pdf/f433a.pdf
Form 433-B,Collection Information Statement for Businesses,Feb 2019,02/19/2019,https://www.irs.gov/pub/irs-pdf/f433b.pdf
Form 433-D,Installment Agreement,Jul 2024,07/01/2024,https://www.irs.gov/pub/irs-pdf/f433d.pdf
Form 433-F,Collection Information Statement,Jul 2024,04/01/2025,https://www.irs.gov/pub/irs-pdf/f433f.pdf
Form 433-H,Installment Agreement Request and Collection Information Statement,Mar 2025,04/01/2025,https://www.irs.gov/pub/irs-pdf/f433h.pdf
Form 461,Limitation on Business Losses,2025,12/10/2025,https://www.irs.gov/pub/irs-pdf/f461.pdf
Instruction 461,"Instructions for Form 461, Limitation on Business Losses",2025,12/11/2025,https://www.irs.gov/pub/irs-pdf/i461.pdf
Publication 463,"Travel, Gift, and Car Expenses",2025,03/02/2026,https://www.irs.gov/pub/irs-pdf/p463.pdf
Publication 487,How to Prepare Application to Release Property Secured by Federal Tax Lien,Jan 2006,07/17/2012,https://www.irs.gov/pub/irs-pdf/p487.pdf
Publication 501,"Dependents, Standard Deduction, and Filing Information",2025,02/05/2026,https://www.irs.gov/pub/irs-pdf/p501.pdf
Publication 502,Medical and Dental Expenses,2025,02/19/2026,https://www.irs.gov/pub/irs-pdf/p502.pdf
Publication 503,Child and Dependent Care Expenses,2025,12/22/2025,https://www.irs.gov/pub/irs-pdf/p503.pdf
Publication 504,Divorced or Separated Individuals,2025,11/28/2025,https://www.irs.gov/pub/irs-pdf/p504.pdf
Publication 505,Tax Withholding and Estimated Tax,2026,04/03/2026,https://www.irs.gov/pub/irs-pdf/p505.pdf
Publication 509,Tax Calendars,2026,12/04/2025,https://www.irs.gov/pub/irs-pdf/p509.pdf
Publication 510,Excise Taxes,Dec 2025,02/06/2026,https://www.irs.gov/pub/irs-pdf/p510.pdf
Publication 514,Foreign Tax Credit for Individuals,2025,02/05/2026,https://www.irs.gov/pub/irs-pdf/p514.pdf
Publication 515,Withholding of Tax on Nonresident Aliens and Foreign Entities,2026,03/10/2026,https://www.irs.gov/pub/irs-pdf/p515.pdf
Publication 516,U.S. Government Civilian Employees Stationed Abroad,Nov 2024,12/11/2024,https://www.irs.gov/pub/irs-pdf/p516.pdf
Publication 517,Social Security and Other Information for Members of the Clergy and Religious Workers,2025,02/24/2026,https://www.irs.gov/pub/irs-pdf/p517.pdf
Publication 519,U.S. Tax Guide for Aliens,2025,02/20/2026,https://www.irs.gov/pub/irs-pdf/p519.pdf
Publication 523,Selling Your Home,2025,02/27/2026,https://www.irs.gov/pub/irs-pdf/p523.pdf
Publication 524,Credit for the Elderly or the Disabled,2023,01/16/2024,https://www.irs.gov/pub/irs-pdf/p524.pdf
Publication 525,Taxable and Nontaxable Income,2025,02/26/2026,https://www.irs.gov/pub/irs-pdf/p525.pdf
Publication 526,Charitable Contributions,2025,02/12/2026,https://www.irs.gov/pub/irs-pdf/p526.pdf
Publication 527,Residential Rental Property (Including Rental of Vacation Homes),2025,01/09/2026,https://www.irs.gov/pub/irs-pdf/p527.pdf
Publication 529,Miscellaneous Deductions,Dec 2020,01/05/2021,https://www.irs.gov/pub/irs-pdf/p529.pdf
Publication 530,Tax Information for Homeowners,2025,01/29/2026,https://www.irs.gov/pub/irs-pdf/p530.pdf
Publication 531,Reporting Tip Income,Dec 2024,12/11/2024,https://www.irs.gov/pub/irs-pdf/p531.pdf
Publication 534,Depreciating Property Placed In Service Before 1987,Nov 2016,11/07/2016,https://www.irs.gov/pub/irs-pdf/p534.pdf
Publication 537,Installment Sales,2025,02/24/2026,https://www.irs.gov/pub/irs-pdf/p537.pdf
Publication 538,Accounting Periods and Methods,Jan 2022,02/15/2022,https://www.irs.gov/pub/irs-pdf/p538.pdf
Publication 541,Partnerships,Dec 2025,01/07/2026,https://www.irs.gov/pub/irs-pdf/p541.pdf
Publication 542,Corporations,Jan 2024,02/13/2024,https://www.irs.gov/pub/irs-pdf/p542.pdf
Publication 544,Sales and Other Dispositions of Assets,2025,02/11/2026,https://www.irs.gov/pub/irs-pdf/p544.pdf
Publication 547,"Casualties, Disasters, and Thefts",2025,02/04/2026,https://www.irs.gov/pub/irs-pdf/p547.pdf
Publication 550,Investment Income and Expenses,2025,03/09/2026,https://www.irs.gov/pub/irs-pdf/p550.pdf
Publication 551,Basis of Assets,Dec 2025,01/07/2026,https://www.irs.gov/pub/irs-pdf/p551.pdf
Publication 554,Tax Guide for Seniors,2025,01/27/2026,https://www.irs.gov/pub/irs-pdf/p554.pdf
Publication 555,Community Property,Dec 2024,02/19/2025,https://www.irs.gov/pub/irs-pdf/p555.pdf
Publication 556,"Examination of Returns, Appeal Rights, and Claims for Refund",Sep 2013,10/01/2013,https://www.irs.gov/pub/irs-pdf/p556.pdf
Publication 557,Tax-Exempt Status for Your Organization,Jan 2025,02/28/2025,https://www.irs.gov/pub/irs-pdf/p557.pdf
Publication 559,"Survivors, Executors, and Administrators",2025,02/11/2026,https://www.irs.gov/pub/irs-pdf/p559.pdf
Publication 560,"Retirement Plans for Small Business (SEP, SIMPLE, and Qualified Plans)",2025,02/27/2026,https://www.irs.gov/pub/irs-pdf/p560.pdf
Publication 561,Determining the Value of Donated Property,Dec 2025,03/02/2026,https://www.irs.gov/pub/irs-pdf/p561.pdf
Publication 570,Tax Guide for Individuals With Income From U.S. Territories,2025,02/26/2026,https://www.irs.gov/pub/irs-pdf/p570.pdf
Publication 571,Tax-Sheltered Annuity Plans (403(b) Plans) For Employees of Public  Schools and Certain Tax-Exempt Organizations,Jan 2026,01/16/2026,https://www.irs.gov/pub/irs-pdf/p571.pdf
Publication 575,Pension and Annuity Income,2025,01/15/2026,https://www.irs.gov/pub/irs-pdf/p575.pdf
Publication 583,Starting a Business and Keeping Records,Dec 2024,01/29/2025,https://www.irs.gov/pub/irs-pdf/p583.pdf
Publication 584,"Casualty, Disaster, and Theft Loss Workbook (Personal-Use-Property)",Dec 2025,02/05/2026,https://www.irs.gov/pub/irs-pdf/p584.pdf
Publication 584-B,"Business Casualty, Disaster, and Theft Loss Workbook",Dec 2024,02/10/2025,https://www.irs.gov/pub/irs-pdf/p584b.pdf
Publication 587,Business Use of Your Home,2025,03/02/2026,https://www.irs.gov/pub/irs-pdf/p587.pdf
Publication 590-A,Contributions to Individual Retirement Arrangements (IRAs),2025,01/15/2026,https://www.irs.gov/pub/irs-pdf/p590a.pdf
Publication 590-B,Distributions from Individual Retirement Arrangements (IRAs),2025,01/22/2026,https://www.irs.gov/pub/irs-pdf/p590b.pdf
Publication 594,The IRS Collection Process,Jan 2026,12/11/2025,https://www.irs.gov/pub/irs-pdf/p594.pdf
Publication 595,Capital Construction Fund for Commercial Fishers,Dec 2024,12/06/2024,https://www.irs.gov/pub/irs-pdf/p595.pdf
Publication 596,Earned Income Credit (EIC),2025,12/18/2025,https://www.irs.gov/pub/irs-pdf/p596.pdf
Publication 597,Information on the United States-Canada Income Tax Treaty,Oct 2015,10/07/2015,https://www.irs.gov/pub/irs-pdf/p597.pdf
Publication 598,Tax on Unrelated Business Income of Exempt Organizations,Mar 2021,03/29/2021,https://www.irs.gov/pub/irs-pdf/p598.pdf
Notice 609,Privacy Act Notice,Oct 2013,12/14/2013,https://www.irs.gov/pub/irs-pdf/n609.pdf
Form 637,Application for Registration (For Certain Excise Tax Activities),Dec 2025,01/08/2026,https://www.irs.gov/pub/irs-pdf/f637.pdf
Form 656,Offer in Compromise,Apr 2025,04/18/2025,https://www.irs.gov/pub/irs-pdf/f656.pdf
Form 656-B,Form 656 Booklet Offer in Compromise,Apr 2025,04/18/2025,https://www.irs.gov/pub/irs-pdf/f656b.pdf
Form 656-L,Offer in Compromise (Doubt as to Liability),May 2024,05/13/2024,https://www.irs.gov/pub/irs-pdf/f656l.pdf
Form 656-PPV,Offer in Compromise - Periodic Payment Voucher,Apr 2020,05/11/2020,https://www.irs.gov/pub/irs-pdf/f656ppv.pdf
Form 673,Statement for Claiming Exemption from Withholding on Foreign Earned Income Eligible for the Exclusion(s) Provided by Section 911,Aug 2019,08/28/2019,https://www.irs.gov/pub/irs-pdf/f673.pdf
Notice 703,Read This To See If Your Social Security Benefits May Be Taxable,Nov 2025,11/14/2025,https://www.irs.gov/pub/irs-pdf/n703.pdf
Form 706,United States Estate (and Generation-Skipping Transfer) Tax Return,Aug 2025,09/04/2025,https://www.irs.gov/pub/irs-pdf/f706.pdf
Instruction 706,"Instructions for Form 706, United States Estate (and Generation-Skipping Transfer) Tax Return",Sep 2025,09/29/2025,https://www.irs.gov/pub/irs-pdf/i706.pdf
Form 706-A,United States Additional Estate Tax Return,Aug 2025,09/04/2025,https://www.irs.gov/pub/irs-pdf/f706a.pdf
Instruction 706-A,"Instructions for Form 706-A, United States Additional Estate Tax Return",Sep 2025,09/10/2025,https://www.irs.gov/pub/irs-pdf/i706a.pdf
Form 706-CE,Certification of Payment of Foreign Death Tax,Aug 2025,09/05/2025,https://www.irs.gov/pub/irs-pdf/f706ce.pdf
Form 706-GS(D),Generation-Skipping Transfer Tax Return for Distributions,Dec 2025,11/21/2025,https://www.irs.gov/pub/irs-pdf/f706gsd.pdf
Instruction 706-GS(D),"Instructions for Form 706-GSD, Generation-Skipping Transfer Tax Return for Distributions",Dec 2025,11/21/2025,https://www.irs.gov/pub/irs-pdf/i706gsd.pdf
Form 706-GS(D-1),Notification of Distribution From a Generation-Skipping Trust,Dec 2025,11/18/2025,https://www.irs.gov/pub/irs-pdf/f706gsd1.pdf
Instruction 706-GS(D-1),"Instructions for Form 706-GS(D-1), Notification of Distribution From a Generation-Skipping Trust",Dec 2025,11/18/2025,https://www.irs.gov/pub/irs-pdf/i706gsd1.pdf
Form 706-GS(T),Generation-Skipping Transfer Tax Return For Terminations,Dec 2025,11/18/2025,https://www.irs.gov/pub/irs-pdf/f706gst.pdf
Instruction 706-GS(T),"Instructions for Form 706-GS(T), Generation-Skipping Transfer Tax Return for Terminations",Dec 2025,11/14/2025,https://www.irs.gov/pub/irs-pdf/i706gst.pdf
Form 706-NA,United States Estate (and Generation-Skipping Transfer) Tax Return Estate of Nonresident Not a Citizen of the United States,Aug 2025,09/03/2025,https://www.irs.gov/pub/irs-pdf/f706na.pdf
Instruction 706-NA,"Instructions for Form 706-NA, United States Estate (and Generation-Skipping Transfer) Tax Return Estate of nonresident not a citizen of the United States",Sep 2025,09/29/2025,https://www.irs.gov/pub/irs-pdf/i706na.pdf
Form 706-QDT,U.S. Estate Tax Return for Qualified Domestic Trusts,Aug 2025,09/05/2025,https://www.irs.gov/pub/irs-pdf/f706qdt.pdf
Instruction 706-QDT,"Instructions for Form 706-QDT, U.S. Estate Tax Return for Qualified Domestic Trusts",Aug 2025,09/10/2025,https://www.irs.gov/pub/irs-pdf/i706qdt.pdf
Form 706 (Schedule A),Real Estate,Aug 2025,08/27/2025,https://www.irs.gov/pub/irs-pdf/f706sa.pdf
Form 706 (Schedule B),Stocks and Bonds,Aug 2025,08/27/2025,https://www.irs.gov/pub/irs-pdf/f706sb.pdf
Form 706 (Schedule C),"Mortgages, Notes, and Cash",Aug 2025,08/29/2025,https://www.irs.gov/pub/irs-pdf/f706sc.pdf
Form 706 (Schedule D),Insurance on the Decedent's Life,Aug 2025,08/27/2025,https://www.irs.gov/pub/irs-pdf/f706sd.pdf
Form 706 (Schedule E),Jointly Owned Property,Aug 2025,08/27/2025,https://www.irs.gov/pub/irs-pdf/f706se.pdf
Form 706 (Schedule F),Other Miscellaneous Property Not Reportable Under Any Other Schedule,Aug 2025,08/27/2025,https://www.irs.gov/pub/irs-pdf/f706sf.pdf
Form 706 (Schedule G),Transfers During the Decedent's Lifetime,Aug 2025,08/27/2025,https://www.irs.gov/pub/irs-pdf/f706sg.pdf
Form 706 (Schedule H),Powers of Appointment,Aug 2025,08/27/2025,https://www.irs.gov/pub/irs-pdf/f706sh.pdf
Form 706 (Schedule I),Annuities,Aug 2025,08/27/2025,https://www.irs.gov/pub/irs-pdf/f706si.pdf
Form 706 (Schedule J),Funeral Expenses and Expenses Incurred In Administering Property Subject to Claims,Aug 2025,08/27/2025,https://www.irs.gov/pub/irs-pdf/f706sj.pdf
Form 706 (Schedule K),"Debts, Mortgages, and Liens",Aug 2025,08/27/2025,https://www.irs.gov/pub/irs-pdf/f706sk.pdf
Form 706 (Schedule L),Net Losses During Administration and Expenses Incurred In Administering Property Not Subject to Claims,Aug 2025,08/27/2025,https://www.irs.gov/pub/irs-pdf/f706sl.pdf
Form 706 (Schedule M),"Bequests, etc., to Surviving Spouse",Aug 2025,08/27/2025,https://www.irs.gov/pub/irs-pdf/f706sm.pdf
Form 706 (Schedule O),"Charitable, Public, and Similar Gifts and Bequests",Aug 2025,08/27/2025,https://www.irs.gov/pub/irs-pdf/f706so.pdf
Form 706 (Schedule P),Credit for Certain Foreign Taxes,Aug 2025,08/27/2025,https://www.irs.gov/pub/irs-pdf/f706scp.pdf
Form 706 (Schedule PC),Protective Claim for Refund,Aug 2025,08/29/2025,https://www.irs.gov/pub/irs-pdf/f706spc.pdf
Form 706 (Schedule Q),Credit for Tax on Prior Transfers,Aug 2025,08/27/2025,https://www.irs.gov/pub/irs-pdf/f706sq.pdf
Form 706 (Schedule R),Generation-Skipping Transfer Tax,Aug 2025,08/29/2025,https://www.irs.gov/pub/irs-pdf/f706sr.pdf
Form 706 (Schedule R-1),Generating-Skipping Transfer Tax,Aug 2025,09/05/2025,https://www.irs.gov/pub/irs-pdf/f706sr1.pdf
Form 706 (Schedule T),Section 2032A Property Valuation,Aug 2025,08/29/2025,https://www.irs.gov/pub/irs-pdf/f706st.pdf
Form 706 (Schedule U),Qualified Conservation Easement Exclusion,Aug 2025,08/29/2025,https://www.irs.gov/pub/irs-pdf/f706su.pdf
Form 706 (Schedule W),Continuation Schedule for Form 706 Schedules,Aug 2025,08/29/2025,https://www.irs.gov/pub/irs-pdf/f706sw.pdf
Form 708,United States Return of Tax for Gifts and Bequests Received from Covered Expatriates,Dec 2025,01/16/2026,https://www.irs.gov/pub/irs-pdf/f708.pdf
Instruction 708,"Instructions for Form 708, United States Return of Tax for Gifts and Bequests Received from Covered Expatriates",Dec 2025,01/20/2026,https://www.irs.gov/pub/irs-pdf/i708.pdf
Form 709,United States Gift (and Generation - Skipping Transfer) Tax Return,2025,01/29/2026,https://www.irs.gov/pub/irs-pdf/f709.pdf
Instruction 709,"Instructions for Form 709, United States Gift (and Generation - Skipping Transfer) Tax Return",2025,11/14/2025,https://www.irs.gov/pub/irs-pdf/i709.pdf
Form 709-NA,United States Gift (and Generation-Skipping Transfer) Tax Return of Nonresident Not a Citizen of the United States,2025,01/13/2026,https://www.irs.gov/pub/irs-pdf/f709na.pdf
Instruction 709-NA,"Instructions for Form 709-NA, United States Gift (and Generation-Skipping Transfer) Tax Return of Nonresident Not a Citizen of the United States",2025,01/29/2026,https://www.irs.gov/pub/irs-pdf/i709na.pdf
Form 712,Life Insurance Statement,Dec 2024,01/10/2025,https://www.irs.gov/pub/irs-pdf/f712.pdf
Form 720,Quarterly Federal Excise Tax Return,Dec 2025,12/19/2025,https://www.irs.gov/pub/irs-pdf/f720.pdf
Instruction 720,"Instructions for Form 720, Quarterly Federal Excise Tax Return",Dec 2025,12/19/2025,https://www.irs.gov/pub/irs-pdf/i720.pdf
Form 720-CS,Carrier Summary Report,Sep 2010,07/17/2012,https://www.irs.gov/pub/irs-pdf/f720cs.pdf
Instruction 720-CS,"Instructions for Form 720-CS, Carrier Summary Report",Jul 2017,09/16/2017,https://www.irs.gov/pub/irs-pdf/i720cs.pdf
Form 720-TO,Terminal Operator Report,Sep 2010,07/17/2012,https://www.irs.gov/pub/irs-pdf/f720to.pdf
Instruction 720-TO,"Instructions for Form 720-TO, Terminal Operator Report",Jul 2017,09/16/2017,https://www.irs.gov/pub/irs-pdf/i720to.pdf
Form 720-X,Amended Quarterly Federal Excise Tax Return,Oct 2025,12/15/2025,https://www.irs.gov/pub/irs-pdf/f720x.pdf
Publication 721,Tax Guide to U.S. Civil Service Retirement Benefits,2025,02/13/2026,https://www.irs.gov/pub/irs-pdf/p721.pdf
Form 730,Monthly Tax Return for Wagers,Dec 2017,12/21/2017,https://www.irs.gov/pub/irs-pdf/f730.pdf
Notice 746,"Information About Your Notice, Penalty and Interest",Mar 2026,03/31/2026,https://www.irs.gov/pub/irs-pdf/n746.pdf
Publication 783,Instructions on How to Apply for Certificate of Discharge from Federal Tax Lien,Dec 2022,12/07/2022,https://www.irs.gov/pub/irs-pdf/p783.pdf
Notice 784,Could You be Personally Liable for Certain Unpaid Federal Taxes,Jun 2016,05/21/2020,https://www.irs.gov/pub/irs-pdf/n784.pdf
Publication 784,Instructions on How to Apply for a Certificate of Subordination of Federal Tax Lien,Dec 2022,12/16/2022,https://www.irs.gov/pub/irs-pdf/p784.pdf
Publication 785,Purchase Money Mortgages and Subordination of the Federal Tax Lien,Oct 2005,07/17/2012,https://www.irs.gov/pub/irs-pdf/p785.pdf
Publication 786,Instructions for Preparing Notice of Nonjudicial Sale of Property and Application for Consent to Sale,Jan 2022,01/11/2022,https://www.irs.gov/pub/irs-pdf/p786.pdf
Publication 794,Favorable Determination Letter,Nov 2023,11/21/2023,https://www.irs.gov/pub/irs-pdf/p794.pdf
Notice 797,Possible Federal Tax Refund Due to the Earned Income Credit (EIC),Sep 2025,09/12/2025,https://www.irs.gov/pub/irs-pdf/n797.pdf
Form 843,Claim for Refund and Request for Abatement,Dec 2024,12/19/2024,https://www.irs.gov/pub/irs-pdf/f843.pdf
Instruction 843,"Instructions for Form 843, Claim for Refund and Request for Abatement",Dec 2024,12/20/2024,https://www.irs.gov/pub/irs-pdf/i843.pdf
Notice 844,Federal Tax Obligations of Non-Profit Corporations,Jun 2010,02/28/2013,https://www.irs.gov/pub/irs-pdf/n844.pdf
Publication 850 (en-vie),English-Vietnamese Glossary of Words and Phrases,Sep 2023,02/26/2024,https://www.irs.gov/pub/irs-pdf/p850envn.pdf
Publication 850 (en-zh-s),English-Chinese (Simplified) Glossary of Words and Phrases,Sep 2023,01/26/2024,https://www.irs.gov/pub/irs-pdf/p850enzs.pdf
Publication 850 (en-zh-t),English-Chinese (Traditional) Glossary of Words and Phrases,Sep 2023,01/26/2024,https://www.irs.gov/pub/irs-pdf/p850enzt.pdf
Form 851,Affiliations Schedule,Oct 2016,10/14/2016,https://www.irs.gov/pub/irs-pdf/f851.pdf
Form 872-B,Consent to Extend Time to Assess Miscellaneous Excise Taxes,Dec 2004,03/14/2024,https://www.irs.gov/pub/irs-pdf/f872b.pdf
Form 886-H-AOC,Supporting Documents to Prove American Opportunity Credit,May 2017,08/13/2025,https://www.irs.gov/pub/irs-pdf/f886haoc.pdf
Form 886-H-DEP,Supporting Documents for Dependency Exemptions,Oct 2022,02/10/2023,https://www.irs.gov/pub/irs-pdf/f886hdep.pdf
Form 886-H-EIC,Documents You Need to Send to Claim the Earned Income Credit on the Basis of a Qualifying Child or Children,Oct 2022,02/10/2023,https://www.irs.gov/pub/irs-pdf/f886he.pdf
Form 886-H-HOH,Supporting Documents to Prove Head of Household Filing Status,Oct 2019,07/31/2020,https://www.irs.gov/pub/irs-pdf/f886hh.pdf
Form 886-L,Supporting Documents,Dec 2014,07/24/2025,https://www.irs.gov/pub/irs-pdf/f886l.pdf
Publication 892,How to Appeal an IRS Determination on Tax-Exempt Status,Feb 2017,02/15/2017,https://www.irs.gov/pub/irs-pdf/p892.pdf
Publication 901,U.S. Tax Treaties,Sep 2024,09/20/2024,https://www.irs.gov/pub/irs-pdf/p901.pdf
Publication 904,Estate & Gift Tax Interrelated Computations,Feb 2023,02/22/2023,https://www.irs.gov/pub/irs-pdf/p904.pdf
Form 907,Agreement to Extend the Time to Bring Suit,Jan 2026,03/26/2026,https://www.irs.gov/pub/irs-pdf/f907.pdf
Publication 907,Tax Highlights for Persons With Disabilities,2025,01/22/2026,https://www.irs.gov/pub/irs-pdf/p907.pdf
Publication 908,Bankruptcy Tax Guide,Dec 2025,02/18/2026,https://www.irs.gov/pub/irs-pdf/p908.pdf
Form 911,Request for Taxpayer Advocate Service Assistance (and Application for Taxpayer Assistance Order),Aug 2025,08/26/2025,https://www.irs.gov/pub/irs-pdf/f911.pdf
Publication 915,Social Security and Equivalent Railroad Retirement Benefits,2025,11/19/2025,https://www.irs.gov/pub/irs-pdf/p915.pdf
Form 921,Consent to Extend the Time to Assess Income Tax,Jul 2001,07/17/2012,https://www.irs.gov/pub/irs-pdf/f921.pdf
Form 921-A,Consent Fixing Period of Limitation on Assessment of Income and Profits Tax,Jan 2001,07/17/2012,https://www.irs.gov/pub/irs-pdf/f921a.pdf
Form 921-I,Consent Fixing Period of Limitation on Assessment of Income and Profits Tax,Apr 2015,10/25/2019,https://www.irs.gov/pub/irs-pdf/f921i.pdf
Form 921-M,Consent Fixing Period of Limitation to Make Partnership Adjustments,Aug 2021,08/13/2021,https://www.irs.gov/pub/irs-pdf/f921m.pdf
Form 921-P,Consent Fixing Period of Limitation on Assessment of Income and Profits Tax,Apr 2015,10/25/2019,https://www.irs.gov/pub/irs-pdf/f921p.pdf
Publication 925,Passive Activity and At-Risk Rules,2025,02/24/2026,https://www.irs.gov/pub/irs-pdf/p925.pdf
Form 926,Return by a U.S. Transferor of Property to a Foreign Corporation,Nov 2018,12/03/2018,https://www.irs.gov/pub/irs-pdf/f926.pdf
Instruction 926,"Instructions for Form 926, Return by a U.S. Transferor of Property to a Foreign Corporation",Nov 2018,12/04/2018,https://www.irs.gov/pub/irs-pdf/i926.pdf
Publication 926,Household Employer's Tax Guide,2026,12/12/2025,https://www.irs.gov/pub/irs-pdf/p926.pdf
Form 928,Taxable Fuel Bond,Sep 2017,12/12/2017,https://www.irs.gov/pub/irs-pdf/f928.pdf
Notice 931,Deposit Requirements for Employment Taxes,Sep 2025,09/17/2025,https://www.irs.gov/pub/irs-pdf/n931.pdf
Publication 936,Home Mortgage Interest Deduction,2025,12/15/2025,https://www.irs.gov/pub/irs-pdf/p936.pdf
Publication 938,Real Estate Mortgage Investment Conduits (REMICs) Reporting Information,Dec 2025,03/31/2026,https://www.irs.gov/pub/irs-pdf/p938.pdf
Publication 939,General Rule for Pensions and Annuities,Dec 2025,02/04/2026,https://www.irs.gov/pub/irs-pdf/p939.pdf
Form 940,Employer's Annual Federal Unemployment (FUTA) Tax Return,2025,11/26/2025,https://www.irs.gov/pub/irs-pdf/f940.pdf
Instruction 940,"Instructions for Form 940, Employer's Annual Federal Unemployment (FUTA) Tax Return",2025,11/24/2025,https://www.irs.gov/pub/irs-pdf/i940.pdf
Form 940-B,Request for Verification of Credit Information Shown on Form 940,May 2010,07/17/2012,https://www.irs.gov/pub/irs-pdf/f940b.pdf
Form 940 (Schedule A),Multi-State Employer and Credit Reduction Information,2025,11/24/2025,https://www.irs.gov/pub/irs-pdf/f940sa.pdf
Form 940 (Schedule R),Allocation Schedule for Aggregate Form 940 Filers,Dec 2024,11/29/2024,https://www.irs.gov/pub/irs-pdf/f940sr.pdf
Form 941,Employer's QUARTERLY Federal Tax Return,Mar 2026,02/25/2026,https://www.irs.gov/pub/irs-pdf/f941.pdf
Instruction 941,"Instructions for Form 941, Employer's QUARTERLY Federal Tax Return",Mar 2026,02/26/2026,https://www.irs.gov/pub/irs-pdf/i941.pdf
Form 941 (Schedule B),Report of Tax Liability for Semiweekly Schedule Depositors,Mar 2024,02/26/2024,https://www.irs.gov/pub/irs-pdf/f941sb.pdf
Instruction 941 (Schedule B),"Instructions for Schedule B (Form 941), Report of Tax Liability for Semiweekly Schedule Depositors",Jun 2025,05/29/2025,https://www.irs.gov/pub/irs-pdf/i941sb.pdf
Form 941 (Schedule D),"Report of Discrepancies Caused by Acquisitions, Statutory Mergers, or Consolidations",Jun 2011,07/17/2012,https://www.irs.gov/pub/irs-pdf/f941sd.pdf
Instruction 941 (Schedule D),"Instructions for Schedule D (Form 941), Report of Discrepancies Caused by Acquisitions, Statutory Mergers, or Consolidations",Jun 2011,07/17/2012,https://www.irs.gov/pub/irs-pdf/i941sd.pdf
Form 941 (Schedule R),Allocation Schedule for Aggregate Form 941 Filers,Mar 2024,02/26/2024,https://www.irs.gov/pub/irs-pdf/f941sr.pdf
Instruction 941 (Schedule R),"Instructions for Schedule R (Form 941), Allocation Schedule for Aggregate Form 941 Filers",Mar 2024,02/26/2024,https://www.irs.gov/pub/irs-pdf/i941sr.pdf
Form 941-X,Adjusted Employer's Quarterly Federal Tax Return or Claim for Refund,Apr 2025,04/16/2025,https://www.irs.gov/pub/irs-pdf/f941x.pdf
Instruction 941-X,"Instructions for Form 941-X, Adjusted Employer's Quarterly Federal Tax Return or Claim for Refund",Apr 2025,04/16/2025,https://www.irs.gov/pub/irs-pdf/i941x.pdf
Form 943,Employer's Annual Tax Return for Agricultural Employees,2025,12/04/2025,https://www.irs.gov/pub/irs-pdf/f943.pdf
Instruction 943,"Instructions for Form 943, Employer's Annual Tax Return for Agricultural Employees",2025,12/04/2025,https://www.irs.gov/pub/irs-pdf/i943.pdf
Form 943-A,Agricultural Employer's Record of Federal Tax Liability,Dec 2024,12/11/2024,https://www.irs.gov/pub/irs-pdf/f943a.pdf
Instruction 943-A,"Instructions for Form 943-A, Agricultural Employer???s Record of Federal Tax Liability",Dec 2025,12/16/2025,https://www.irs.gov/pub/irs-pdf/i943a.pdf
Form 943 (Schedule R),Allocation Schedule for Aggregate Form 943 Filers,Dec 2025,12/16/2025,https://www.irs.gov/pub/irs-pdf/f943sr.pdf
Instruction 943 (Schedule R),"Instructions for Schedule R (Form 943), Allocation Schedule for Aggregate Form 943 Filers",Dec 2025,12/16/2025,https://www.irs.gov/pub/irs-pdf/i943sr.pdf
Form 943-X,Adjusted Employer's Annual Federal Tax Return for Agricultural Employees or Claim for Refund,Feb 2026,02/24/2026,https://www.irs.gov/pub/irs-pdf/f943x.pdf
Instruction 943-X,"Instructions for Form 943-X, Adjusted Employer's Annual Federal Tax Return for Agricultural Employees or Claim for Refund",Feb 2026,02/24/2026,https://www.irs.gov/pub/irs-pdf/i943x.pdf
Form 944,Employer's Annual Federal Tax Return,2025,11/24/2025,https://www.irs.gov/pub/irs-pdf/f944.pdf
Instruction 944,"Instructions for Form 944, Employer's Annual Federal Tax Return",2025,11/24/2025,https://www.irs.gov/pub/irs-pdf/i944.pdf
Form 944-X,Adjusted Employer's Annual Federal Tax Return or Claim for Refund,Apr 2025,04/16/2025,https://www.irs.gov/pub/irs-pdf/f944x.pdf
Instruction 944-X,"Instructions for Form 944-X, Adjusted Employer's ANNUAL Federal Tax Return or Claim for Refund",Feb 2026,02/24/2026,https://www.irs.gov/pub/irs-pdf/i944x.pdf
Form 945,Annual Return of Withheld Federal Income Tax,2025,10/15/2025,https://www.irs.gov/pub/irs-pdf/f945.pdf
Instruction 945,"Instructions for Form 945, Annual Return of Withheld Federal Income Tax",2025,10/15/2025,https://www.irs.gov/pub/irs-pdf/i945.pdf
Form 945-A,Annual Record of Federal Tax Liability,Dec 2024,12/11/2024,https://www.irs.gov/pub/irs-pdf/f945a.pdf
Instruction 945-A,"Instructions for Form 945-A, Annual Record of Federal Tax Liability",Dec 2025,12/04/2025,https://www.irs.gov/pub/irs-pdf/i945a.pdf
Form 945-X,Adjusted Annual Return of Withheld Federal Income Tax or Claim for Refund,Feb 2025,02/27/2025,https://www.irs.gov/pub/irs-pdf/f945x.pdf
Instruction 945-X,"Instructions for Form 945-X, Adjusted Annual Return of Withheld Federal Income Tax or Claim for Refund",Feb 2025,02/28/2025,https://www.irs.gov/pub/irs-pdf/i945x.pdf
Publication 946,How To Depreciate Property,2025,03/13/2026,https://www.irs.gov/pub/irs-pdf/p946.pdf
Publication 947,Practice Before the IRS and Power of Attorney,Feb 2018,02/26/2018,https://www.irs.gov/pub/irs-pdf/p947.pdf
Form 952,Consent to Extend Period of Limitation on Assessment of Income Taxes,Dec 2006,07/17/2012,https://www.irs.gov/pub/irs-pdf/f952.pdf
Publication 957,Reporting Back Pay and Special Wage Payments to the Social Security Administration,Jan 2024,09/03/2024,https://www.irs.gov/pub/irs-pdf/p957.pdf
Publication 962,Life's a little easier with EITC,Jan 2026,01/26/2026,https://www.irs.gov/pub/irs-pdf/p962.pdf
Publication 963,Federal - State Reference Guide: A Federal-State Cooperative Publication,May 2025,05/19/2025,https://www.irs.gov/pub/irs-pdf/p963.pdf
Form 965-A,Individual Report of Net 965 Tax Liability,Jan 2021,12/01/2020,https://www.irs.gov/pub/irs-pdf/f965a.pdf
Instruction 965-A,"Instructions for Form 965-A, Individual Report of Net 965 Tax Liability",Jan 2021,12/29/2020,https://www.irs.gov/pub/irs-pdf/i965a.pdf
Form 965-B,Corporate and Real Estate Investment Trust (REIT) Report of Net 965 Tax Liability and Electing REIT Report of 965 Amounts,Jan 2021,12/01/2020,https://www.irs.gov/pub/irs-pdf/f965b.pdf
Instruction 965-B,"Instructions for Form 965-B, Corporate and Real Estate Investment Trust (REIT) Report of Net 965 Tax Liability and Electing REIT Report of 965 Amounts",Jan 2021,12/29/2020,https://www.irs.gov/pub/irs-pdf/i965b.pdf
Form 965-C,Transfer Agreement Under Section 965(h)(3),Dec 2019,01/28/2020,https://www.irs.gov/pub/irs-pdf/f965c.pdf
Instruction 965-C,"Instructions for Form 965-C, Transfer Agreement Under Section 965(h)(3)",Dec 2019,01/28/2020,https://www.irs.gov/pub/irs-pdf/i965c.pdf
Form 965-D,Transfer Agreement Under Section 965(i)(2),Dec 2019,01/07/2020,https://www.irs.gov/pub/irs-pdf/f965d.pdf
Instruction 965-D,"Instructions for Form 965-D, Transfer Agreement Under Section 965(i)(2)",Dec 2019,01/27/2020,https://www.irs.gov/pub/irs-pdf/i965d.pdf
Form 965-E,Consent Agreement Under Section 965(i)(4)(D),Dec 2019,01/07/2020,https://www.irs.gov/pub/irs-pdf/f965e.pdf
Instruction 965-E,"Instructions for Form 965-E, Consent Agreement Under Section 965(i)(4)(D)",Dec 2019,01/27/2020,https://www.irs.gov/pub/irs-pdf/i965e.pdf
Form 965 (Schedule D),"Schedule D (Form 965), U.S. Shareholder's Aggregate Foreign Cash Position",Jan 2019,12/21/2018,https://www.irs.gov/pub/irs-pdf/f965sd.pdf
Form 965 (Schedule F),Foreign Taxes Deemed Paid by Domestic Corporation,Dec 2020,11/13/2020,https://www.irs.gov/pub/irs-pdf/f965sf.pdf
Form 965 (Schedule H),Amounts Reported on Forms 1116 and 1118 and Disallowed Foreign Taxes,Dec 2020,11/13/2020,https://www.irs.gov/pub/irs-pdf/f965sh.pdf
Form 966,Corporate Dissolution or Liquidation,Oct 2016,10/17/2016,https://www.irs.gov/pub/irs-pdf/f966.pdf
Publication 966,Electronic Choices to Pay All Your Federal Taxes,Mar 2012,08/06/2012,https://www.irs.gov/pub/irs-pdf/p966.pdf
Publication 969,Health Savings Accounts and Other Tax-Favored Health Plans,2025,02/13/2026,https://www.irs.gov/pub/irs-pdf/p969.pdf
Form 970,Application to Use Lifo Inventory Method,Nov 2020,12/04/2020,https://www.irs.gov/pub/irs-pdf/f970.pdf
Publication 970,Tax Benefits for Education,2025,02/11/2026,https://www.irs.gov/pub/irs-pdf/p970.pdf
Publication 971,Innocent Spouse Relief,Dec 2021,02/09/2022,https://www.irs.gov/pub/irs-pdf/p971.pdf
Form 972,Consent of Shareholder to Include Specific Amount in Gross Income,Dec 2016,12/13/2016,https://www.irs.gov/pub/irs-pdf/f972.pdf
Publication 972,Child Tax Credit,2022,02/24/2022,https://www.irs.gov/pub/irs-pdf/p972.pdf
Form 973,Corporation Claim for Deduction for Consent Dividends,Nov 2016,11/15/2016,https://www.irs.gov/pub/irs-pdf/f973.pdf
Publication 974,Premium Tax Credit (PTC),2025,02/17/2026,https://www.irs.gov/pub/irs-pdf/p974.pdf
Form 976,"Claim for Deficiency Dividends Deductions by a Personal Holding Company, Regulated Investment Company, or Real Estate Investment Trust",Nov 2022,11/08/2022,https://www.irs.gov/pub/irs-pdf/f976.pdf
Publication 976,Disaster Relief,Feb 2018,03/02/2018,https://www.irs.gov/pub/irs-pdf/p976.pdf
Form 982,Reduction of Tax Attributes Due to Discharge of Indebtedness (and Section 1082 Basis Adjustment),Mar 2018,03/08/2018,https://www.irs.gov/pub/irs-pdf/f982.pdf
Instruction 982,"Instructions for Form 982, Reduction of Tax Attributes Due to Discharge of Indebtedness (and Section 1082 Basis Adjustment)",Dec 2021,12/27/2021,https://www.irs.gov/pub/irs-pdf/i982.pdf
Notice 989,"Commonly Asked Questions When IRS Determines Your Work Status is ""Employee""",Aug 2015,05/11/2020,https://www.irs.gov/pub/irs-pdf/n989.pdf
Form 990,Return of Organization Exempt From Income Tax,2025,12/12/2025,https://www.irs.gov/pub/irs-pdf/f990.pdf
Instruction 990,"Instructions for Form 990, Return of Organization Exempt From Income Tax",2025,12/12/2025,https://www.irs.gov/pub/irs-pdf/i990.pdf
Form 990-BL,Information and Initial Excise Tax Return for Black Lung Benefit Trusts and Certain Related Persons,Dec 2013,08/29/2013,https://www.irs.gov/pub/irs-pdf/f990bl.pdf
Instruction 990-BL,"Instructions for Form 990-BL, Information and Initial Excise Tax Return for Black Lung Benefit Trusts and Certain Related Persons",Jan 2020,01/29/2020,https://www.irs.gov/pub/irs-pdf/i990bl.pdf
Form 990-EZ,Short Form Return of Organization Exempt From Income Tax,2025,01/13/2026,https://www.irs.gov/pub/irs-pdf/f990ez.pdf
Instruction 990-EZ,"Instructions for Form 990-EZ, Short Form Return of Organization Exempt From Income Tax",2025,01/15/2026,https://www.irs.gov/pub/irs-pdf/i990ez.pdf
"Form 990, 990-EZ, 990PF (Sch B)",Schedule of Contributors,Dec 2024,01/08/2025,https://www.irs.gov/pub/irs-pdf/f990ezb.pdf
Form 990 or 990-EZ (Sch A),Public Charity Status and Public Support,2025,12/09/2025,https://www.irs.gov/pub/irs-pdf/f990sa.pdf
Instruction 990 or 990-EZ (Sch A),"Instructions for Schedule A (Form 990 or Form 990-EZ), Public Charity Status and Public Support",2025,01/16/2026,https://www.irs.gov/pub/irs-pdf/i990sa.pdf
Form 990 or 990-EZ (Sch C),Political Campaign and Lobbying Activities,2025,11/10/2025,https://www.irs.gov/pub/irs-pdf/f990sc.pdf
Form 990 or 990-EZ (Sch E),Schools,Dec 2024,01/02/2025,https://www.irs.gov/pub/irs-pdf/f990se.pdf
Form 990 or 990-EZ (Sch G),Supplemental Information Regarding Fundraising or Gaming Activities,Dec 2024,01/13/2025,https://www.irs.gov/pub/irs-pdf/f990sg.pdf
Instruction 990 or 990-EZ (Sch G),"Instructions for Schedule G (Form 990), Supplemental Information Regarding Fundraising or Gaming Activities",Dec 2024,01/13/2025,https://www.irs.gov/pub/irs-pdf/i990sg.pdf
Form 990 or 990-EZ (Sch L),Transactions With Interested Persons,Dec 2024,01/14/2025,https://www.irs.gov/pub/irs-pdf/f990sl.pdf
Instruction 990 or 990-EZ (Sch L),"Instructions for Schedule L (Form 990), Transactions with Interested Persons",Dec 2024,01/15/2025,https://www.irs.gov/pub/irs-pdf/i990sl.pdf
Form 990-PF,Return of Private Foundation or Section 4947(a)(1) Trust Treated as Private Foundation,2025,12/04/2025,https://www.irs.gov/pub/irs-pdf/f990pf.pdf
Instruction 990-PF,"Instructions for Form 990-PF, Return of Private Foundation or Section 4947(a)(1) Trust Treated as Private Foundation",2025,01/15/2026,https://www.irs.gov/pub/irs-pdf/i990pf.pdf
Instruction 990 (Sch C),Instructions for Schedule C (Form 990) Political Campaign and Lobbying Activities,2025,12/16/2025,https://www.irs.gov/pub/irs-pdf/i990sc.pdf
Instruction 990 (Schedule B),"Instructions for Schedule B (Form 990), Schedule of Contributors",Dec 2024,01/15/2025,https://www.irs.gov/pub/irs-pdf/i990sb.pdf
Form 990 (Schedule D),Supplemental Financial Statements,Dec 2024,12/30/2024,https://www.irs.gov/pub/irs-pdf/f990sd.pdf
Instruction 990 (Schedule D),"Instructions for Schedule D (Form 990), Supplemental Financial Statements",Dec 2024,12/30/2024,https://www.irs.gov/pub/irs-pdf/i990sd.pdf
Instruction 990 (Schedule E),"Instructions for Schedule E (Form 990), Schools",Dec 2024,01/06/2025,https://www.irs.gov/pub/irs-pdf/i990se.pdf
Form 990 (Schedule F),Statement of Activities Outside the United States,Dec 2024,01/14/2025,https://www.irs.gov/pub/irs-pdf/f990sf.pdf
Instruction 990 (Schedule F),"Instructions for Schedule F (Form 990), Statement of Activities Outside the United States",Dec 2024,01/13/2025,https://www.irs.gov/pub/irs-pdf/i990sf.pdf
Form 990 (Schedule H),Hospitals,2025,11/19/2025,https://www.irs.gov/pub/irs-pdf/f990sh.pdf
Instruction 990 (Schedule H),"Instructions for Schedule H (Form 990), Hospitals",2025,12/16/2025,https://www.irs.gov/pub/irs-pdf/i990sh.pdf
Form 990 (Schedule I),"Grants and Other Assistance to Organizations, Governments, and Individuals in the United States",Dec 2024,12/30/2024,https://www.irs.gov/pub/irs-pdf/f990si.pdf
Instruction 990 (Schedule I),"Instructions for Schedule I (Form 990), Grants and Other Assistance to Organizations, Governments, and Individuals in the United States",Dec 2024,12/30/2024,https://www.irs.gov/pub/irs-pdf/i990si.pdf
Form 990 (Schedule J),Compensation Information,Dec 2024,01/14/2025,https://www.irs.gov/pub/irs-pdf/f990sj.pdf
Instruction 990 (Schedule J),"Instructions for Schedule J (Form 990), Compensation Information",Dec 2024,01/13/2025,https://www.irs.gov/pub/irs-pdf/i990sj.pdf
Form 990 (Schedule K),Supplemental Information on Tax-Exempt Bonds,Dec 2024,01/13/2025,https://www.irs.gov/pub/irs-pdf/f990sk.pdf
Instruction 990 (Schedule K),"Instructions for Schedule K (Form 990), Supplemental Information on Tax-Exempt Bonds",Dec 2024,01/15/2025,https://www.irs.gov/pub/irs-pdf/i990sk.pdf
Form 990 (Schedule M),Noncash Contributions,2025,01/13/2026,https://www.irs.gov/pub/irs-pdf/f990sm.pdf
Form 990 (Schedule N),"Liquidation, Termination, Dissolution or Significant Disposition of Assets",2025,12/04/2025,https://www.irs.gov/pub/irs-pdf/f990sn.pdf
Form 990 (Schedule O),Supplemental Information to Form 990 or 990-EZ,Dec 2024,01/14/2025,https://www.irs.gov/pub/irs-pdf/f990so.pdf
Instruction 990 (Schedule O),"Instructions for Schedule O (Form 990), Supplemental Information for Form 990 or 990-EZ",Dec 2024,01/14/2025,https://www.irs.gov/pub/irs-pdf/i990so.pdf
Form 990 (Schedule R),Related Organizations and Unrelated Partnerships,Dec 2024,01/07/2025,https://www.irs.gov/pub/irs-pdf/f990sr.pdf
Instruction 990 (Schedule R),"Instructions for Schedule R (Form 990), Related Organizations and Unrelated Partnerships",Dec 2024,01/08/2025,https://www.irs.gov/pub/irs-pdf/i990sr.pdf
Form 990-T,Exempt Organization Business Income Tax Return,2025,01/13/2026,https://www.irs.gov/pub/irs-pdf/f990t.pdf
Instruction 990-T,"Instructions for Form 990-T, Exempt Organization Business Income Tax Return (and proxy tax under section 6033(e))",2025,02/04/2026,https://www.irs.gov/pub/irs-pdf/i990t.pdf
Form 990-T (Schedule A),Unrelated Business Taxable Income From an Unrelated Trade or Business,2025,01/13/2026,https://www.irs.gov/pub/irs-pdf/f990tsa.pdf
Form 1000,Ownership Certificate,Sep 2016,09/07/2016,https://www.irs.gov/pub/irs-pdf/f1000.pdf
Notice 1015,Have You Told Your Employees About the Earned Income Credit (EIC)?,Dec 2025,11/26/2025,https://www.irs.gov/pub/irs-pdf/n1015.pdf
Notice 1016,How to Stop Interest on Your Account,Feb 2006,06/19/2019,https://www.irs.gov/pub/irs-pdf/n1016.pdf
Publication 1020,Appeal Procedures Employee Plans Examinations,Apr 2020,05/20/2020,https://www.irs.gov/pub/irs-pdf/p1020.pdf
Instruction 1023,"Instructions for Form 1023, Application for Recognition of Exemption Under Section 501(c)(3) of the Internal Revenue Code",Dec 2024,01/08/2025,https://www.irs.gov/pub/irs-pdf/i1023.pdf
Form 1023-EZ,Streamlined Application for Recognition of Exemption Under Section 501(c)(3) of the Internal Revenue Code,Jun 2014,07/01/2014,https://www.irs.gov/pub/irs-pdf/f1023ez.pdf
Instruction 1023-EZ,"Instructions for Form 1023-EZ, Streamlined Application for Recognition of Exemption Under Section 501(c)(3) of the Internal Revenue Code",Jan 2025,01/02/2025,https://www.irs.gov/pub/irs-pdf/i1023ez.pdf
Form 1024,Application for Recognition of Exemption Under Section 501(a),Jan 2018,06/13/2023,https://www.irs.gov/pub/irs-pdf/f1024.pdf
Instruction 1024,"Instructions for Form 1024, Application for Recognition of Exemption Under Section 501(a) or Section 521 of the Internal Revenue Code",Jan 2022,03/09/2022,https://www.irs.gov/pub/irs-pdf/i1024.pdf
Publication 1024,How to Prepare Application for Certificate of Nonattachment of Federal Tax Lien,Apr 2016,04/11/2016,https://www.irs.gov/pub/irs-pdf/p1024.pdf
Form 1024-A,Application for Recognition of Exemption Under Section 501(c)(4) of the Internal Revenue Code,Jan 2018,06/29/2023,https://www.irs.gov/pub/irs-pdf/f1024a.pdf
Instruction 1024-A,"Instructions for Form 1024-A, Application for Recognition of Exemption Under Section 501(c)(4) of the Internal Revenue Code",Jan 2021,06/29/2023,https://www.irs.gov/pub/irs-pdf/i1024a.pdf
Notice 1027,How to Prepare Media Label for Form W-4,Apr 1998,07/17/2012,https://www.irs.gov/pub/irs-pdf/n1027.pdf
Form 1028,Application for Recognition of Exemption Under Section 521 of the Internal Revenue Code,Sep 2006,11/27/2019,https://www.irs.gov/pub/irs-pdf/f1028.pdf
Instruction 1028,"Instructions for Form 1028, Application for Recognition of Exemption Under Section 521 of the Internal Revenue Code",Sep 2006,07/17/2012,https://www.irs.gov/pub/irs-pdf/i1028.pdf
Publication 1035,Extending the Tax Assessment Period,Sep 2017,09/18/2017,https://www.irs.gov/pub/irs-pdf/p1035.pdf
Notice 1036,Early Release Copies of the Percentage Method Tables for Income Tax Withholding,Dec 2018,12/11/2018,https://www.irs.gov/pub/irs-pdf/n1036.pdf
Form 1040,U.S. Individual Income Tax Return,2025,01/02/2026,https://www.irs.gov/pub/irs-pdf/f1040.pdf
Instruction 1040,Instructions for Form 1040 (and Form 1040-SR),2025,02/27/2026,https://www.irs.gov/pub/irs-pdf/i1040gi.pdf
Publication 1040,Tax and Earned Income Credit Tables,2025,01/15/2026,https://www.irs.gov/pub/irs-pdf/p1040.pdf
Form 1040-C,U.S. Departing Alien Income Tax Return,Jan 2024,01/08/2024,https://www.irs.gov/pub/irs-pdf/f1040c.pdf
Instruction 1040-C,"Instructions for Form 1040-C, U.S. Departing Alien Income Tax Return",Jan 2026,02/19/2026,https://www.irs.gov/pub/irs-pdf/i1040c.pdf
Form 1040-ES,Estimated Tax For Individuals,2026,02/13/2026,https://www.irs.gov/pub/irs-pdf/f1040es.pdf
Form 1040-NR,U.S. Nonresident Alien Income Tax Return,2025,01/06/2026,https://www.irs.gov/pub/irs-pdf/f1040nr.pdf
Instruction 1040-NR,"Instructions for Form 1040-NR, U.S. Nonresident Alien Income Tax Return",2025,01/29/2026,https://www.irs.gov/pub/irs-pdf/i1040nr.pdf
Form 1040-NR (Schedule A),Itemized Deductions,2025,01/06/2026,https://www.irs.gov/pub/irs-pdf/f1040nra.pdf
Form 1040-NR (Schedule NEC),Tax on Income Not Effectively Connected With a U.S. Trade or Business,2025,01/06/2026,https://www.irs.gov/pub/irs-pdf/f1040nrn.pdf
Form 1040-NR (Schedule OI),Other Information,2025,01/06/2026,https://www.irs.gov/pub/irs-pdf/f1040nro.pdf
Form 1040-NR (Schedule P),Foreign Partner's Interests in Certain Partnerships Transferred During Tax Year,2025,01/06/2026,https://www.irs.gov/pub/irs-pdf/f1040nrp.pdf
Form 1040 (Schedule 1),Additional Income and Adjustments to Income,2025,01/02/2026,https://www.irs.gov/pub/irs-pdf/f1040s1.pdf
Form 1040 (Schedule 1-A),Additional Deductions,2025,01/02/2026,https://www.irs.gov/pub/irs-pdf/f1040s1a.pdf
Form 1040 (Schedule 2),Additional Taxes,2025,01/02/2026,https://www.irs.gov/pub/irs-pdf/f1040s2.pdf
Form 1040 (Schedule 3),Additional Credits and Payments,2025,01/02/2026,https://www.irs.gov/pub/irs-pdf/f1040s3.pdf
Form 1040 (Schedule 8812),Credits for Qualifying Children and Other Dependents,2025,12/19/2025,https://www.irs.gov/pub/irs-pdf/f1040s8.pdf
Instruction 1040 (Schedule 8812),"Instructions for Schedule 8812 (Form 1040), Credit for Qualifying Children and Other Dependents",2025,01/26/2026,https://www.irs.gov/pub/irs-pdf/i1040s8.pdf
Form 1040 (Schedule A),Itemized Deductions,2025,12/18/2025,https://www.irs.gov/pub/irs-pdf/f1040sa.pdf
Instruction 1040 (Schedule A),"Instructions for Schedule A (Form 1040), Itemized Deductions",2025,12/18/2025,https://www.irs.gov/pub/irs-pdf/i1040sca.pdf
Form 1040 (Schedule B),Interest and Ordinary Dividends,2025,11/03/2025,https://www.irs.gov/pub/irs-pdf/f1040sb.pdf
Instruction 1040 (Schedule B),"Instructions for Schedule B (Form 1040), Interest and Ordinary Dividends",2025,11/05/2025,https://www.irs.gov/pub/irs-pdf/i1040sb.pdf
Form 1040 (Schedule C),Profit or Loss From Business (Sole Proprietorship),2025,01/06/2026,https://www.irs.gov/pub/irs-pdf/f1040sc.pdf
Instruction 1040 (Schedule C),"Instructions for Schedule C (Form 1040), Profit or Loss From Business",2025,01/06/2026,https://www.irs.gov/pub/irs-pdf/i1040sc.pdf
Form 1040 (Schedule D),Capital Gains and Losses,2025,12/17/2025,https://www.irs.gov/pub/irs-pdf/f1040sd.pdf
Instruction 1040 (Schedule D),"Instructions for Schedule D (Form 1040), Capital Gains and Losses",2025,12/17/2025,https://www.irs.gov/pub/irs-pdf/i1040sd.pdf
Form 1040 (Schedule E),Supplemental Income and Loss,2025,12/18/2025,https://www.irs.gov/pub/irs-pdf/f1040se.pdf
Instruction 1040 (Schedule E),"Instructions for Schedule E (Form 1040), Supplemental Income and Loss",2025,12/18/2025,https://www.irs.gov/pub/irs-pdf/i1040se.pdf
Form 1040 (Schedule EIC),Earned Income Credit Qualifying Child Information,2025,12/18/2025,https://www.irs.gov/pub/irs-pdf/f1040sei.pdf
Form 1040 (Schedule F),Profit or Loss From Farming,2025,12/18/2025,https://www.irs.gov/pub/irs-pdf/f1040sf.pdf
Instruction 1040 (Schedule F),"Instructions for Schedule F (Form 1040), Profit or Loss From Farming",2025,12/18/2025,https://www.irs.gov/pub/irs-pdf/i1040sf.pdf
Form 1040 (Schedule H),Household Employment Taxes,2025,12/04/2025,https://www.irs.gov/pub/irs-pdf/f1040sh.pdf
Instruction 1040 (Schedule H),"Instructions for Schedule H (Form 1040), Household Employment Taxes",2025,12/04/2025,https://www.irs.gov/pub/irs-pdf/i1040sh.pdf
Form 1040 (Schedule J),Income Averaging for Individuals With Income from Farming or Fishing,2025,12/08/2025,https://www.irs.gov/pub/irs-pdf/f1040sj.pdf
Instruction 1040 (Schedule J),"Instructions for Schedule J (Form 1040), Income Averaging for Individuals With Income from Farming or Fishing",2025,12/18/2025,https://www.irs.gov/pub/irs-pdf/i1040sj.pdf
Form 1040 (Schedule LEP),Request for Change in Language Preference,Dec 2024,12/11/2024,https://www.irs.gov/pub/irs-pdf/f1040lep.pdf
Instruction 1040 (Schedule LEP),"Instructions for Schedule LEP (Form 1040), Request for Change in Language Preference",Dec 2024,12/12/2024,https://www.irs.gov/pub/irs-pdf/i1040lep.pdf
Form 1040 (Schedule R),Credit for the Elderly or the Disabled,2025,10/03/2025,https://www.irs.gov/pub/irs-pdf/f1040sr.pdf
Instruction 1040 (Schedule R),"Instructions for Schedule R (Form 1040), Credit for the Elderly or the Disabled",2025,11/17/2025,https://www.irs.gov/pub/irs-pdf/i1040sr.pdf
Form 1040 (Schedule SE),Self-Employment Tax,2025,11/06/2025,https://www.irs.gov/pub/irs-pdf/f1040sse.pdf
Instruction 1040 (Schedule SE),"Instructions for Schedule SE (Form 1040), Self-Employment Tax",2025,11/06/2025,https://www.irs.gov/pub/irs-pdf/i1040sse.pdf
Form 1040-SR,U.S. Income Tax Return for Seniors,2025,01/02/2026,https://www.irs.gov/pub/irs-pdf/f1040s.pdf
Form 1040-SS,U.S. Self-Employment Tax Return (Including the Additional Child Tax Credit for Bona Fide Residents of Puerto Rico),2025,01/07/2026,https://www.irs.gov/pub/irs-pdf/f1040ss.pdf
Instruction 1040-SS,"Instructions for Form 1040-SS, U.S. Self-Employment Tax Return (Including the Additional Child Tax Credit for Bona Fide Residents of Puerto Rico)",2025,01/08/2026,https://www.irs.gov/pub/irs-pdf/i1040ss.pdf
Form 1040-V,Payment Voucher for Individuals,2025,01/06/2026,https://www.irs.gov/pub/irs-pdf/f1040v.pdf
Form 1040-X,Amended U.S. Individual Income Tax Return,Dec 2025,02/20/2026,https://www.irs.gov/pub/irs-pdf/f1040x.pdf
Instruction 1040-X,"Instructions for Form 1040-X, Amended U.S. Individual Income Tax Return",Dec 2025,03/02/2026,https://www.irs.gov/pub/irs-pdf/i1040x.pdf
Form 1041,U.S. Income Tax Return for Estates and Trusts,2025,01/08/2026,https://www.irs.gov/pub/irs-pdf/f1041.pdf
Instruction 1041,"Instructions for Form 1041 and Schedules A, B, G, J and K-1, U.S. Income Tax Return for Estates and Trusts",2025,03/05/2026,https://www.irs.gov/pub/irs-pdf/i1041.pdf
Form 1041-A,U.S. Information Return Trust Accumulation of Charitable Amounts,Sep 2018,09/05/2018,https://www.irs.gov/pub/irs-pdf/f1041a.pdf
Form 1041-ES,Estimated Income Tax for Estates and Trusts,2026,12/01/2025,https://www.irs.gov/pub/irs-pdf/f1041es.pdf
Form 1041-N,U.S. Income Tax Return for Electing Alaska Native Settlement Trusts,Dec 2025,01/12/2026,https://www.irs.gov/pub/irs-pdf/f1041n.pdf
Instruction 1041-N,"Instructions for Form 1041-N, U.S. Income Tax Return for Electing Alaska Native Settlement Trusts",Dec 2025,01/14/2026,https://www.irs.gov/pub/irs-pdf/i1041n.pdf
Form 1041-QFT,U.S. Income Tax Return for Qualified Funeral Trusts,Dec 2025,11/25/2025,https://www.irs.gov/pub/irs-pdf/f1041qft.pdf
Instruction 1041-QFT,"Instructions for Form 1041-QFT, U.S. Income Tax Return for Qualified Funeral Trusts",2025,01/13/2026,https://www.irs.gov/pub/irs-pdf/i1041qft.pdf
Form 1041 (Schedule D),Capital Gains and Losses,2025,12/22/2025,https://www.irs.gov/pub/irs-pdf/f1041sd.pdf
Instruction 1041 (Schedule D),"Instructions for Schedule D (Form 1041), Capital Gains and Losses",2025,12/22/2025,https://www.irs.gov/pub/irs-pdf/i1041sd.pdf
Form 1041 (Schedule I),Alternative Minimum Tax-Estates and Trusts,2025,01/05/2026,https://www.irs.gov/pub/irs-pdf/f1041si.pdf
Instruction 1041 (Schedule I),"Instructions for Schedule I (Form 1041), Alternative Minimum Tax-Estates and Trusts",2025,01/05/2026,https://www.irs.gov/pub/irs-pdf/i1041si.pdf
Form 1041 (Schedule J),Accumulation Distribution for Certain Complex Trusts,2025,12/16/2025,https://www.irs.gov/pub/irs-pdf/f1041sj.pdf
Form 1041 (Schedule K-1),"Beneficiary's Share of Income, Deductions, Credits, etc.",2025,12/16/2025,https://www.irs.gov/pub/irs-pdf/f1041sk1.pdf
Instruction 1041 (Schedule K-1),Instructions for Schedule K-1 (Form 1041) for a Beneficiary Filing Form 1040 or 1040-SR,2025,12/11/2025,https://www.irs.gov/pub/irs-pdf/i1041sk1.pdf
Form 1041-T,Allocation of Estimated Tax Payments to Beneficiaries (Under Code section 643(g)),2025,11/12/2025,https://www.irs.gov/pub/irs-pdf/f1041t.pdf
Form 1041-V,Payment Voucher for Estates and Trusts,2025,11/26/2025,https://www.irs.gov/pub/irs-pdf/f1041v.pdf
Form 1042,Annual Withholding Tax Return for U.S. Source Income of Foreign Persons,2025,12/09/2025,https://www.irs.gov/pub/irs-pdf/f1042.pdf
Instruction 1042,"Instructions for Form 1042, Annual Withholding Tax Return for U.S. Source Income of Foreign Persons",2025,12/09/2025,https://www.irs.gov/pub/irs-pdf/i1042.pdf
Form 1042-S,Foreign Person's U.S. Source Income Subject to Withholding,2026,12/19/2025,https://www.irs.gov/pub/irs-pdf/f1042s.pdf
Form 1042-S,Foreign Person's U.S. Source Income Subject to Withholding,2025,02/13/2026,https://www.irs.gov/pub/irs-pdf/f1042s--2025.pdf
Instruction 1042-S,"Instructions for Form 1042-S, Foreign Person's U.S. Source Income Subject to Withholding",2026,12/09/2025,https://www.irs.gov/pub/irs-pdf/i1042s.pdf
Instruction 1042-S,"Instructions for Form 1042-S, Foreign Person's U.S. Source Income Subject to Withholding",2025,02/13/2026,https://www.irs.gov/pub/irs-pdf/i1042s--2025.pdf
Form 1042 (Schedule Q),Tax Liability of Qualified Derivatives Dealer (QDD),2025,12/01/2025,https://www.irs.gov/pub/irs-pdf/f1042sq.pdf
Form 1042-T,Annual Summary and Transmittal of Forms 1042-S,2025,10/28/2025,https://www.irs.gov/pub/irs-pdf/f1042t.pdf
Form 1045,Application for Tentative Refund,2025,12/17/2025,https://www.irs.gov/pub/irs-pdf/f1045.pdf
Instruction 1045,"Instructions for Form 1045, Application for Tentative Refund",2025,01/05/2026,https://www.irs.gov/pub/irs-pdf/i1045.pdf
Form 1065,U.S. Return of Partnership Income,2025,01/08/2026,https://www.irs.gov/pub/irs-pdf/f1065.pdf
Instruction 1065,"Instructions for Form 1065, U.S. Return of Partnership Income",2025,01/16/2026,https://www.irs.gov/pub/irs-pdf/i1065.pdf
Form 1065 (Schedule B-1),Information on Partners Owning 50% or More of the Partnership,Aug 2019,11/12/2019,https://www.irs.gov/pub/irs-pdf/f1065sb1.pdf
Form 1065 (Schedule B-2),Election Out of Partnership Level Tax Treatment,Dec 2018,12/19/2018,https://www.irs.gov/pub/irs-pdf/f1065sb2.pdf
Instruction 1065 (Schedule B-2),"Instructions for Form 1065 (Schedule B-2), Election Out of Partnership Level Tax Treatment",Dec 2018,12/26/2018,https://www.irs.gov/pub/irs-pdf/i1065sb2.pdf
Form 1065 (Schedule C),Additional Information for Schedule M-3 Filers,Dec 2014,11/03/2014,https://www.irs.gov/pub/irs-pdf/f1065sc.pdf
Instruction 1065 (Schedule C),"Instructions for Schedule C (Form 1065), Additional Information for Schedule M-3 Filers",Dec 2014,11/03/2014,https://www.irs.gov/pub/irs-pdf/i1065sc.pdf
Form 1065 (Schedule D),Capital Gains and Losses,2025,01/13/2026,https://www.irs.gov/pub/irs-pdf/f1065sd.pdf
Instruction 1065 (Schedule D),"Instructions for Schedule D (Form 1065), Capital Gains and Losses",2025,01/08/2026,https://www.irs.gov/pub/irs-pdf/i1065sd.pdf
Form 1065 (Schedule K-1),"Partner's Share of Income, Deductions, Credits, etc.",2025,01/06/2026,https://www.irs.gov/pub/irs-pdf/f1065sk1.pdf
Instruction 1065 (Schedule K-1),"Partner's Instructions for Schedule K-1 (Form 1065), Partner's Shares of Income, Credits, Deductions, etc.",2025,01/06/2026,https://www.irs.gov/pub/irs-pdf/i1065sk1.pdf
Form 1065 (Schedule K-2),Partners' Distributive Share Items - International,2025,01/12/2026,https://www.irs.gov/pub/irs-pdf/f1065sk2.pdf
Instruction 1065 (Schedule K-2 & K-3),"Partnership Instructions for Schedules K-2 and K-3 (Form 1065), Partners' Distributive Share Items - International and Partner's Share of Income, Deductions, Credits, etc. - International",2025,01/12/2026,https://www.irs.gov/pub/irs-pdf/i1065s23.pdf
Form 1065 (Schedule K-3),"Partner's Share of Income, Deductions, Credits, etc. - International",2025,12/17/2025,https://www.irs.gov/pub/irs-pdf/f1065sk3.pdf
Instruction 1065 (Schedule K-3),"Partner's Instructions for Schedule K-3 (Form 1065), Partner's Share of Income, Deductions, Credits, etc. - International (For Partner's Use Only)",2025,12/17/2025,https://www.irs.gov/pub/irs-pdf/i1065sk3.pdf
Form 1065 (Schedule M-3),Net Income (Loss) Reconciliation for Certain Partnerships,Dec 2021,01/03/2022,https://www.irs.gov/pub/irs-pdf/f1065sm3.pdf
Instruction 1065 (Schedule M-3),"Instructions for Form 1065 Schedule M-3, Net Income (Loss) Reconciliation for Certain Partnerships",Nov 2023,11/13/2023,https://www.irs.gov/pub/irs-pdf/i1065sm3.pdf
Form 1065-X,Amended Return or Administrative Adjustment Request (AAR),Oct 2025,12/04/2025,https://www.irs.gov/pub/irs-pdf/f1065x.pdf
Instruction 1065-X,"Instructions for Form 1065-X, Amended Return or Administrative Adjustment Request (AAR)",Oct 2025,12/04/2025,https://www.irs.gov/pub/irs-pdf/i1065x.pdf
Form 1066,U.S. Real Estate Mortgage Investment Conduit (REMIC) Income Tax Return,2025,12/12/2025,https://www.irs.gov/pub/irs-pdf/f1066.pdf
Instruction 1066,"Instructions for Form 1066, U.S. Real Estate Mortgage Investment Conduit (REMIC) Income Tax Return",2025,12/12/2025,https://www.irs.gov/pub/irs-pdf/i1066.pdf
Form 1066 (Schedule Q),Quarterly Notice to Residual Interest Holder of REMIC Taxable Income or Net Loss Allocation,Sep 2018,09/13/2018,https://www.irs.gov/pub/irs-pdf/f1066sq.pdf
Publication 1075,"Tax Information Security Guidelines for Federal, State and Local Agencies",Nov 2021,12/09/2021,https://www.irs.gov/pub/irs-pdf/p1075.pdf
Form 1094-B,Transmittal of Health Coverage Information Returns,2025,10/09/2025,https://www.irs.gov/pub/irs-pdf/f1094b.pdf
Instruction 1094-B and 1095-B,Instructions for Forms 1094-B and 1095-B,2025,11/04/2025,https://www.irs.gov/pub/irs-pdf/i109495b.pdf
Form 1094-C,Transmittal of Employer-Provided Health Insurance Offer and Coverage Information Returns,2025,10/01/2025,https://www.irs.gov/pub/irs-pdf/f1094c.pdf
Instruction 1094-C and 1095-C,Instructions for Forms 1094-C and 1095-C,2025,11/04/2025,https://www.irs.gov/pub/irs-pdf/i109495c.pdf
Form 1095-A,Health Insurance Marketplace Statement,2025,10/02/2025,https://www.irs.gov/pub/irs-pdf/f1095a.pdf
Instruction 1095-A,"Instructions for Form 1095-A, Health Insurance Marketplace Statement",2025,10/16/2025,https://www.irs.gov/pub/irs-pdf/i1095a.pdf
Form 1095-B,Health Coverage,2025,10/09/2025,https://www.irs.gov/pub/irs-pdf/f1095b.pdf
Form 1095-C,Employer-Provided Health Insurance Offer and Coverage,2025,10/01/2025,https://www.irs.gov/pub/irs-pdf/f1095c.pdf
Form 1096,Annual Summary and Transmittal of U.S. Information Returns (Info Copy Only),2025,04/01/2025,https://www.irs.gov/pub/irs-pdf/f1096.pdf
Form 1097-BTC,Bond Tax Credit,Apr 2025,04/01/2025,https://www.irs.gov/pub/irs-pdf/f1097btc.pdf
Instruction 1097-BTC,"Instructions for Form 1097-BTC, Bond Tax Credit",Apr 2025,03/21/2025,https://www.irs.gov/pub/irs-pdf/i1097btc.pdf
Form 1098,Mortgage Interest Statement (Info Copy Only),Apr 2025,03/21/2025,https://www.irs.gov/pub/irs-pdf/f1098.pdf
Instruction 1098,"Instructions for Form 1098, Mortgage Interest Statement",Dec 2026,01/14/2026,https://www.irs.gov/pub/irs-pdf/i1098.pdf
Form 1098-C,"Contributions of Motor Vehicles, Boats, and Airplanes",Apr 2025,03/13/2025,https://www.irs.gov/pub/irs-pdf/f1098c.pdf
Instruction 1098-C,"Instructions for Form 1098-C, Contributions of Motor Vehicles, Boats, and Airplanes",Nov 2019,10/30/2019,https://www.irs.gov/pub/irs-pdf/i1098c.pdf
Form 1098-E,Student Loan Interest Statement,2026,03/25/2026,https://www.irs.gov/pub/irs-pdf/f1098e.pdf
Instruction 1098-E and 1098-T,"Instructions for Forms 1098-E and 1098-T, Student Loan Interest Statement and Tuition Statement",2026,03/25/2026,https://www.irs.gov/pub/irs-pdf/i1098et.pdf
Form 1098-F,"Fines, Penalties, and Other Amounts (Info Copy Only)",Apr 2025,03/13/2025,https://www.irs.gov/pub/irs-pdf/f1098f.pdf
Instruction 1098-F,"Instructions for Form 1098-F, Fines, Penalties and Other Amounts",Apr 2025,03/20/2025,https://www.irs.gov/pub/irs-pdf/i1098f.pdf
Form 1098-Q,Qualifying Longevity Annuity Contract Information (Info Copy Only),Apr 2025,03/21/2025,https://www.irs.gov/pub/irs-pdf/f1098q.pdf
Instruction 1098-Q,"Instructions for Form 1098-Q, Qualifying Longevity Annuity Contract Information",Apr 2025,03/20/2025,https://www.irs.gov/pub/irs-pdf/i1098q.pdf
Form 1098-T,Tuition Statement,2026,03/25/2026,https://www.irs.gov/pub/irs-pdf/f1098t.pdf
Publication 1099,"General Instructions for Certain Information Returns (Forms 1096, 1097, 1098, 1099, 3921, 3922, 5498, and W-2G)",2026,03/26/2026,https://www.irs.gov/pub/irs-pdf/p1099.pdf
Form 1099-A,Acquisition or Abandonment of Secured Property (Info Copy Only),Apr 2025,03/20/2025,https://www.irs.gov/pub/irs-pdf/f1099a.pdf
Instruction 1099-A and 1099-C,"Instructions for Forms 1099-A and 1099-C, Acquisition or Abandonment of Secured Property and Cancellation of Debt",Apr 2025,03/20/2025,https://www.irs.gov/pub/irs-pdf/i1099ac.pdf
Form 1099-B,Proceeds From Broker and Barter Exchange Transactions,2026,12/22/2025,https://www.irs.gov/pub/irs-pdf/f1099b.pdf
Form 1099-B,Proceeds From Broker and Barter Exchange Transactions,2025,02/19/2026,https://www.irs.gov/pub/irs-pdf/f1099b--2025.pdf
Instruction 1099-B,"Instructions for Form 1099-B, Proceeds From Broker and Barter Exchange Transactions",2026,12/22/2025,https://www.irs.gov/pub/irs-pdf/i1099b.pdf
Instruction 1099-B,"Instructions for Form 1099-B, Proceeds From Broker and Barter Exchange Transactions",2025,02/19/2026,https://www.irs.gov/pub/irs-pdf/i1099b--2025.pdf
Form 1099-C,Cancellation of Debt (Info Copy Only),Apr 2025,03/20/2025,https://www.irs.gov/pub/irs-pdf/f1099c.pdf
Form 1099-CAP,Changes in Corporate Control and Capital Structure,Apr 2025,03/13/2025,https://www.irs.gov/pub/irs-pdf/f1099cap.pdf
Instruction 1099-CAP,"Instructions for Form 1099-CAP, Changes in Corporate Control and Capital Structure",Apr 2025,03/20/2025,https://www.irs.gov/pub/irs-pdf/i1099cap.pdf
Form 1099-DA,Digital Asset Proceeds from Broker Transactions,2026,01/12/2026,https://www.irs.gov/pub/irs-pdf/f1099da.pdf
Form 1099-DA,Digital Asset Proceeds from Broker Transactions,2025,02/19/2026,https://www.irs.gov/pub/irs-pdf/f1099da--2025.pdf
Instruction 1099-DA,"Instructions for Form 1099-DA, Digital Asset Proceeds From Broker Transactions",2025,06/18/2025,https://www.irs.gov/pub/irs-pdf/i1099da.pdf
Form 1099-DIV,Dividends and Distributions,Jan 2024,12/30/2025,https://www.irs.gov/pub/irs-pdf/f1099div.pdf
Instruction 1099-DIV,"Instructions for Form 1099-DIV, Dividends and Distributions",Jan 2024,02/15/2024,https://www.irs.gov/pub/irs-pdf/i1099div.pdf
Form 1099-G,Certain Government Payments (Info Copy Only),Mar 2024,03/06/2024,https://www.irs.gov/pub/irs-pdf/f1099g.pdf
Instruction 1099-G,"Instructions for Form 1099-G, Certain Government Payments",Mar 2024,03/28/2024,https://www.irs.gov/pub/irs-pdf/i1099g.pdf
Instruction 1099 General Instructions,"General Instructions for Certain Information Returns (Forms 1096, 1097, 1098, 1099, 3921, 3922, 5498, and W-2G)",2025,01/13/2025,https://www.irs.gov/pub/irs-pdf/i1099gi.pdf
Form 1099-H,Health Coverage Tax Credit (HCTC) Advance Payments,Apr 2025,03/21/2025,https://www.irs.gov/pub/irs-pdf/f1099h.pdf
Instruction 1099-H,"Instructions for Form 1099-H, Health Coverage Tax Credit (HCTC) Advance Payments",Apr 2025,03/20/2025,https://www.irs.gov/pub/irs-pdf/i1099h.pdf
Form 1099-INT,Interest Income (Info Copy Only),Jan 2024,01/17/2024,https://www.irs.gov/pub/irs-pdf/f1099int.pdf
Instruction 1099-INT and 1099-OID,"Instructions for Forms 1099-INT and 1099-OID, Interest Income and Original Issue Discount",Jan 2024,01/26/2024,https://www.irs.gov/pub/irs-pdf/i1099int.pdf
Form 1099-K,Payment Card and Third Party Network Transactions,Mar 2024,03/07/2024,https://www.irs.gov/pub/irs-pdf/f1099k.pdf
Instruction 1099-K,"Instructions for Form 1099-K, Payment Card and Third Party Network Transactions",Mar 2024,03/07/2024,https://www.irs.gov/pub/irs-pdf/i1099k.pdf
Form 1099-LS,Reportable Life Insurance Sale (Info Copy Only),Apr 2025,03/19/2025,https://www.irs.gov/pub/irs-pdf/f1099ls.pdf
Instruction 1099-LS,"Instructions for Form 1099-LS, Reportable Life Insurance Sale",Apr 2025,03/25/2025,https://www.irs.gov/pub/irs-pdf/i1099ls.pdf
Form 1099-LTC,Long-Term Care and Accelerated Death Benefits,Apr 2025,03/19/2025,https://www.irs.gov/pub/irs-pdf/f1099ltc.pdf
Instruction 1099-LTC,"Instructions for Form 1099-LTC, Long Term Care and Accelerated Death Benefits",Apr 2025,03/18/2025,https://www.irs.gov/pub/irs-pdf/i1099ltc.pdf
Form 1099-MISC,Miscellaneous Information (Info Copy Only),Apr 2025,03/12/2025,https://www.irs.gov/pub/irs-pdf/f1099msc.pdf
Instruction 1099-MISC and 1099-NEC,"Instructions for Forms 1099-MISC and 1099-NEC, Miscellaneous Information and Nonemployee Compensation",Apr 2025,03/24/2025,https://www.irs.gov/pub/irs-pdf/i1099mec.pdf
Form 1099-NEC,Nonemployee Compensation (Info Copy Only),Apr 2025,03/12/2025,https://www.irs.gov/pub/irs-pdf/f1099nec.pdf
Form 1099-OID,Original Issue Discount (Info Copy Only),Jan 2024,01/17/2024,https://www.irs.gov/pub/irs-pdf/f1099oid.pdf
Form 1099-PATR,Taxable Distributions Received From Cooperatives (Info Copy Only),Apr 2025,03/19/2025,https://www.irs.gov/pub/irs-pdf/f1099ptr.pdf
Instruction 1099-PATR,"Instructions for Form 1099-PATR, Taxable Distributions Received From Cooperatives",Apr 2025,03/20/2025,https://www.irs.gov/pub/irs-pdf/i1099ptr.pdf
Form 1099-Q,Payments from Qualified Education Programs (Under Sections 529 and 530),Apr 2025,03/18/2025,https://www.irs.gov/pub/irs-pdf/f1099q.pdf
Instruction 1099-Q,"Instructions for Form 1099-Q, Payments from Qualified Education Programs (Under Sections 529 and 530)",Apr 2025,03/18/2025,https://www.irs.gov/pub/irs-pdf/i1099q.pdf
Form 1099-QA,Distributions From ABLE Accounts,Apr 2025,03/20/2025,https://www.irs.gov/pub/irs-pdf/f1099qa.pdf
Instruction 1099-QA and 5498-QA,"Instructions for Forms 1099-QA and 5498-QA, Distributions From ABLE Accounts and ABLE Account Contribution Information",2025,03/20/2025,https://www.irs.gov/pub/irs-pdf/i1099qa.pdf
Form 1099-R,"Distributions From Pensions, Annuities, Retirement or Profit-Sharing Plans, IRAs, Insurance Contracts, etc. (Info Copy Only)",2025,03/24/2025,https://www.irs.gov/pub/irs-pdf/f1099r.pdf
Instruction 1099-R and 5498,"Instructions for Forms 1099-R and 5498, Distributions From Pensions, Annuities, Retirement or Profit-Sharing Plans, IRAs, Insurance Contracts, etc.",2025,05/12/2025,https://www.irs.gov/pub/irs-pdf/i1099r.pdf
Form 1099-S,Proceeds from Real Estate Transactions (Info Copy Only),Apr 2025,03/12/2025,https://www.irs.gov/pub/irs-pdf/f1099s.pdf
Instruction 1099-S,"Instructions for Form 1099-S, Proceeds From Real Estate Transactions",Apr 2025,03/20/2025,https://www.irs.gov/pub/irs-pdf/i1099s.pdf
Form 1099-SA,"Distributions From an HSA, Archer MSA, or Medicare Advantage MSA",Apr 2025,03/21/2025,https://www.irs.gov/pub/irs-pdf/f1099sa.pdf
Instruction 1099-SA and 5498-SA,"Instructions for Forms 1099-SA and 5498-SA, Distributions From an HSA, Archer MSA, or Medicare Advantage MSA, and HSA, Archer MSA, or Medicare Advantage MSA Information",Dec 2026,12/23/2025,https://www.irs.gov/pub/irs-pdf/i1099sa.pdf
Form 1099-SB,Seller's Investment in Life Insurance Contract (Info Copy Only),Apr 2025,03/13/2025,https://www.irs.gov/pub/irs-pdf/f1099sb.pdf
Instruction 1099-SB,"Instructions for Form 1099-SB, Seller's Investment in Life Insurance Contract",Apr 2025,04/01/2025,https://www.irs.gov/pub/irs-pdf/i1099sb.pdf
Publication 1101,Application Package and Guidelines for Managing a TCE Program,May 2025,05/02/2025,https://www.irs.gov/pub/irs-pdf/p1101.pdf
Form 1116,Foreign Tax Credit,2025,01/06/2026,https://www.irs.gov/pub/irs-pdf/f1116.pdf
Instruction 1116,"Instructions for Form 1116, Foreign Tax Credit",2025,01/08/2026,https://www.irs.gov/pub/irs-pdf/i1116.pdf
Form 1116 (Schedule B),Foreign Tax Carryover Reconciliation Schedule,Dec 2022,12/13/2022,https://www.irs.gov/pub/irs-pdf/f1116sb.pdf
Instruction 1116 (Schedule B),"Instructions for Schedule B (Form 1116), Foreign Tax Carryover Reconciliation Schedule",Dec 2022,01/04/2023,https://www.irs.gov/pub/irs-pdf/i1116sb.pdf
Form 1116 (Schedule C),Foreign Tax Redeterminations,Dec 2025,12/30/2025,https://www.irs.gov/pub/irs-pdf/f1116sc.pdf
Instruction 1116 (Schedule C),"Instructions for Schedule C (Form 1116), Foreign Tax Redeterminations",Dec 2025,12/31/2025,https://www.irs.gov/pub/irs-pdf/i1116sc.pdf
Form 1117,Income Tax Surety Bond,Jan 1981,11/13/2013,https://www.irs.gov/pub/irs-pdf/f1117.pdf
Form 1118,Foreign Tax Credit - Corporations,Dec 2025,12/22/2025,https://www.irs.gov/pub/irs-pdf/f1118.pdf
Instruction 1118,"Instructions for Form 1118, Foreign Tax Credit - Corporations",Dec 2025,12/22/2025,https://www.irs.gov/pub/irs-pdf/i1118.pdf
Form 1118 (Schedule I),Reduction of Foreign Oil and Gas Taxes,Dec 2021,12/21/2021,https://www.irs.gov/pub/irs-pdf/f1118s1.pdf
Form 1118 (Schedule J),"Adjustments to Separate Limitation Income (Loss) Categories for Determining Numerators of Limitation Fractions, Year-End Recharacterization Balances, and Overall Foreign and Domestic Loss Account Balances",Dec 2020,11/10/2020,https://www.irs.gov/pub/irs-pdf/f1118sj.pdf
Instruction 1118 (Schedule J),"Instructions for Schedule J (Form 1118), Adjustments to Separate Limitation Income (Loss) Categories for Determining Numerators of Limitation Fractions",Dec 2020,01/29/2021,https://www.irs.gov/pub/irs-pdf/i1118sj.pdf
Form 1118 (Schedule K),Foreign Tax Carryover Reconciliation Schedule,Dec 2018,12/03/2018,https://www.irs.gov/pub/irs-pdf/f1118sk.pdf
Instruction 1118 (Schedule K),"Instructions for Schedule K (Form 1118), Foreign Tax Carryover Reconciliation Schedule",Dec 2018,12/04/2018,https://www.irs.gov/pub/irs-pdf/i1118sk.pdf
Form 1118 (Schedule L),Foreign Tax Redeterminations,Dec 2025,12/09/2025,https://www.irs.gov/pub/irs-pdf/f1118sl.pdf
Instruction 1118 (Schedule L),"Instructions for Schedule L (Form 1118), Foreign Tax Redetermination",Dec 2025,12/09/2025,https://www.irs.gov/pub/irs-pdf/i1118sl.pdf
Form 1120,U.S. Corporation Income Tax Return,2025,01/08/2026,https://www.irs.gov/pub/irs-pdf/f1120.pdf
Instruction 1120,"Instructions for Form 1120, U.S. Corporation Income Tax Return",2025,01/20/2026,https://www.irs.gov/pub/irs-pdf/i1120.pdf
Form 1120-C,U.S. Income Tax Return for Cooperative Associations,2025,01/09/2026,https://www.irs.gov/pub/irs-pdf/f1120c.pdf
Instruction 1120-C,"Instructions for Form 1120-C, U.S. Income Tax Return for Cooperative Associations",2025,01/20/2026,https://www.irs.gov/pub/irs-pdf/i1120c.pdf
Form 1120-F,U.S. Income Tax Return of a Foreign Corporation,2025,01/08/2026,https://www.irs.gov/pub/irs-pdf/f1120f.pdf
Instruction 1120-F,"Instructions for Form 1120-F, U.S. Income Tax Return of a Foreign Corporation",2025,01/26/2026,https://www.irs.gov/pub/irs-pdf/i1120f.pdf
Form 1120-FSC,U.S. Income Tax Return of a Foreign Sales Corporation,Dec 2025,01/08/2026,https://www.irs.gov/pub/irs-pdf/f1120fsc.pdf
Instruction 1120-FSC,"Instructions for Form 1120-FSC, U.S. Income Tax Return of a Foreign Sales Corporation",Dec 2025,02/12/2026,https://www.irs.gov/pub/irs-pdf/i1120fsc.pdf
Form 1120-F (Schedule H),Deductions Allocated to Effectively Connected Income Under Regulations Section 1.861-8,2025,12/22/2025,https://www.irs.gov/pub/irs-pdf/f1120fh.pdf
Instruction 1120-F (Schedule H),"Instructions for Schedule H (Form 1120-F), Deductions Allocated To Effectively Connected Income Under Regulations Section 1.861-8",2025,01/07/2026,https://www.irs.gov/pub/irs-pdf/i1120fh.pdf
Form 1120-F (Schedule I),Interest Expense Allocation Under Regulations Section 1.882-5,2025,12/22/2025,https://www.irs.gov/pub/irs-pdf/f1120fi.pdf
Instruction 1120-F (Schedule I),"Instructions for Schedule I (Form 1120-F), Interest Expense Allocation Under Regulations Section 1.882-5",2025,01/07/2026,https://www.irs.gov/pub/irs-pdf/i1120fi.pdf
Form 1120-F (Schedule M-3),Net Income (Loss) Reconciliation for Foreign Corporations With Reportable Assets of $10 Million or More,2025,12/22/2025,https://www.irs.gov/pub/irs-pdf/f1120fm3.pdf
Instruction 1120-F (Schedule M-3),"Instructions for Schedule M-3 (Form 1120-F), Net Income (Loss) Reconciliation for Foreign Corporations With Reportable Assets of $10 Million or More",2025,01/08/2026,https://www.irs.gov/pub/irs-pdf/i1120fm3.pdf
Form 1120-F (Schedule P),List of Foreign Partner's Interests in Partnerships,2025,12/22/2025,https://www.irs.gov/pub/irs-pdf/f1120fp.pdf
Instruction 1120-F (Schedule P),"Instructions for Schedule P (Form 1120-F), List of Foreign Partner's Interests in Partnerships",2025,01/07/2026,https://www.irs.gov/pub/irs-pdf/i1120fp.pdf
Form 1120-F (Schedule Q),Tax Liability of Qualified Derivatives Dealer (QDD),2025,12/22/2025,https://www.irs.gov/pub/irs-pdf/f1120fq.pdf
Form 1120-F (Schedule S),Exclusion of Income from the International Operation of Ships or Aircraft Under Section 883,Dec 2022,12/30/2022,https://www.irs.gov/pub/irs-pdf/f1120fs.pdf
Instruction 1120-F (Schedule S),"Instructions for Schedule S (Form 1120-F), Exclusion of Income from the International Operation of Ships or Aircraft Under Section 883",Dec 2022,12/27/2022,https://www.irs.gov/pub/irs-pdf/i1120fs.pdf
"Form 1120-F Schedules M-1, M-2",Reconciliation of Income (Loss) and Analysis of Unappropriated Retained Earnings per Books,Dec 2025,12/22/2025,https://www.irs.gov/pub/irs-pdf/f1120fm1.pdf
Form 1120-F (Schedule V),"List of Vessels or Aircraft, Operators, and Owners",Dec 2022,12/29/2022,https://www.irs.gov/pub/irs-pdf/f1120fv.pdf
Instruction 1120-F (Schedule V),"Instructions for Schedule V (Form 1120-F), List of Vessels or Aircraft, Operators, and Owners",Dec 2022,12/27/2022,https://www.irs.gov/pub/irs-pdf/i1120fv.pdf
Form 1120-FSC (Schedule P),Transfer Price or Commission,Sep 2017,09/16/2017,https://www.irs.gov/pub/irs-pdf/f1120fsp.pdf
Form 1120-H,U.S. Income Tax Return for Homeowners Associations,2025,01/08/2026,https://www.irs.gov/pub/irs-pdf/f1120h.pdf
Instruction 1120-H,"Instructions for Form 1120-H, U.S. Income Tax Return for Homeowners Associations",2025,01/16/2026,https://www.irs.gov/pub/irs-pdf/i1120h.pdf
Form 1120-IC-DISC,Interest Charge Domestic International Sales Corporation Return,Dec 2025,01/13/2026,https://www.irs.gov/pub/irs-pdf/f1120icd.pdf
Instruction 1120-IC-DISC,"Instructions for Form 1120-IC-DISC, Interest Charge Domestic International Sales Corporation Return",Dec 2025,01/29/2026,https://www.irs.gov/pub/irs-pdf/i1120icd.pdf
Form 1120-IC-DISC (Schedule K),Shareholder's Statement of IC-DISC Distributions,Nov 2018,11/21/2018,https://www.irs.gov/pub/irs-pdf/f1120idk.pdf
Form 1120-IC-DISC (Schedule P),Intercompany Transfer Price or Commission,Sep 2017,09/16/2017,https://www.irs.gov/pub/irs-pdf/f1120idp.pdf
Form 1120-IC-DISC (Schedule Q),Borrower's Certificate of Compliance With the Rules for Producer's Loan,Sep 2016,09/02/2016,https://www.irs.gov/pub/irs-pdf/f1120idq.pdf
Form 1120-L,U.S. Life Insurance Company Income Tax Return,2025,01/08/2026,https://www.irs.gov/pub/irs-pdf/f1120l.pdf
Instruction 1120-L,"Instructions for Form 1120-L, U.S. Life Insurance Company Income Tax Return",2025,01/29/2026,https://www.irs.gov/pub/irs-pdf/i1120l.pdf
Form 1120-L (Schedule M-3),Net Income (Loss) Reconciliation for U.S. Life Insurance Companies With Total Assets of $10 Million or More,Dec 2021,11/29/2021,https://www.irs.gov/pub/irs-pdf/f1120ls3.pdf
Instruction 1120-L (Schedule M-3),"Instructions for Schedule M-3 (Form 1120-L), Net Income (Loss) Reconciliation for U.S. Life Insurance Companies With Total Assets of $10 Million or More",Dec 2025,01/08/2026,https://www.irs.gov/pub/irs-pdf/i1120lm3.pdf
Form 1120-ND,Return for Nuclear Decommissioning Funds and Certain Related Persons,Dec 2025,01/08/2026,https://www.irs.gov/pub/irs-pdf/f1120nd.pdf
Instruction 1120-ND,"Instructions for Form 1120-ND, Return for Nuclear Decommissioning Funds and Certain Related Persons",Dec 2025,01/09/2026,https://www.irs.gov/pub/irs-pdf/i1120nd.pdf
Form 1120-PC,U.S. Property and Casualty Insurance Company Income Tax Return,2025,01/08/2026,https://www.irs.gov/pub/irs-pdf/f1120pc.pdf
Instruction 1120-PC,"Instructions for Form 1120-PC, U.S. Property and Casualty Insurance Company Income Tax Return",2025,01/28/2026,https://www.irs.gov/pub/irs-pdf/i1120pc.pdf
Form 1120-PC (Schedule M-3),Net Income (Loss) Reconciliation for U.S. Property and Casualty Insurance Companies with Total Assets of $10 Million or More,Dec 2021,12/10/2021,https://www.irs.gov/pub/irs-pdf/f1120pm3.pdf
Instruction 1120-PC (Schedule M-3),"Instructions for Schedule M-3 (Form 1120-PC), Net Income (Loss) Reconciliation for U.S. Property and Casualty Insurance Companies With Total Assets of $10 Million or More",Dec 2025,01/08/2026,https://www.irs.gov/pub/irs-pdf/i1120pm3.pdf
Form 1120-POL,U.S. Income Tax Return for Certain Political Organizations,2025,11/13/2025,https://www.irs.gov/pub/irs-pdf/f1120pol.pdf
Instruction 1120-POL,"Instructions for Form 1120-POL, U.S. Income Tax Return for Certain Political Organizations",2025,12/15/2025,https://www.irs.gov/pub/irs-pdf/i1120pol.pdf
Form 1120-REIT,U.S. Income Tax Return for Real Estate Investment Trusts,2025,01/09/2026,https://www.irs.gov/pub/irs-pdf/f1120rei.pdf
Instruction 1120-REIT,"Instructions for Form 1120-REIT, U.S. Income Tax Return for Real Estate Investment Trusts",2025,01/30/2026,https://www.irs.gov/pub/irs-pdf/i1120rei.pdf
Form 1120-RIC,U.S. Income Tax Return For Regulated Investment Companies,2025,01/08/2026,https://www.irs.gov/pub/irs-pdf/f1120ric.pdf
Instruction 1120-RIC,"Instructions for Form 1120-RIC, U.S. Income Tax Return For Regulated Investment Companies",2025,01/29/2026,https://www.irs.gov/pub/irs-pdf/i1120ric.pdf
Form 1120-S,U.S. Income Tax Return for an S Corporation,2025,01/08/2026,https://www.irs.gov/pub/irs-pdf/f1120s.pdf
Instruction 1120-S,"Instructions for Form 1120-S, U.S. Income Tax Return for an S Corporation",2025,01/30/2026,https://www.irs.gov/pub/irs-pdf/i1120s.pdf
Form 1120 (Schedule B),Additional Information for Schedule M-3 Filers,Dec 2018,11/15/2018,https://www.irs.gov/pub/irs-pdf/f1120sb.pdf
Form 1120 (Schedule D),Capital Gains and Losses,2025,12/12/2025,https://www.irs.gov/pub/irs-pdf/f1120sd.pdf
Instruction 1120 (Schedule D),"Instructions for Schedule D (Form 1120), Capital Gains and Losses",2025,12/11/2025,https://www.irs.gov/pub/irs-pdf/i1120sd.pdf
Form 1120 (Schedule G),Information on Certain Persons Owning the Corporation's Voting Stock,Dec 2011,07/17/2012,https://www.irs.gov/pub/irs-pdf/f1120sg.pdf
Form 1120 (Schedule H),Section 280H Limitations for a Personal Service Corporation (PSC),Dec 2011,07/17/2012,https://www.irs.gov/pub/irs-pdf/f1120sh.pdf
Form 1120 (Schedule M-3),Net Income (Loss) Reconciliation for Corporations With Total Assets of $10 Million or More,Dec 2019,12/10/2019,https://www.irs.gov/pub/irs-pdf/f1120sm3.pdf
Instruction 1120 (Schedule M-3),"Instructions for Schedule M-3 (Form 1120), Net Income (Loss) Reconciliation for Corporations With Total Assets of $10 Million or More",Jun 2025,07/07/2025,https://www.irs.gov/pub/irs-pdf/i1120sm3.pdf
Form 1120 (Schedule N),Foreign Operations of U.S. Corporations,2025,01/05/2026,https://www.irs.gov/pub/irs-pdf/f1120sn.pdf
Form 1120 (Schedule O),Consent Plan and Apportionment Schedule for a Controlled Group,Dec 2018,12/10/2018,https://www.irs.gov/pub/irs-pdf/f1120so.pdf
Instruction 1120 (Schedule O),"Instructions for Schedule O (Form 1120), Consent Plan and Apportionment Schedule for a Controlled Group",Dec 2018,12/10/2018,https://www.irs.gov/pub/irs-pdf/i1120so.pdf
Form 1120 (Schedule PH),U.S. Personal Holding Company (PHC) Tax,Nov 2015,11/10/2015,https://www.irs.gov/pub/irs-pdf/f1120sph.pdf
Instruction 1120 (Schedule PH),"Instructions for Schedule PH (Form 1120), U.S. Personal Holding Company (PHC) Tax",Dec 2016,01/10/2017,https://www.irs.gov/pub/irs-pdf/i1120sph.pdf
Form 1120 (Schedule UTP),Uncertain Tax Position Statement,Dec 2022,12/21/2022,https://www.irs.gov/pub/irs-pdf/f1120utp.pdf
Instruction 1120 (Schedule UTP),"Instructions for Schedule UTP (Form 1120), Uncertain Tax Position Statement",Dec 2022,12/21/2022,https://www.irs.gov/pub/irs-pdf/i1120utp.pdf
Form 1120-SF,U.S. Income Tax Return for Settlement Funds (Under Section 468B),Dec 2025,12/16/2025,https://www.irs.gov/pub/irs-pdf/f1120sf.pdf
Instruction 1120-SF,"Instructions for Form 1120-SF, U.S. Income Tax Return for Settlement Funds",Dec 2025,12/15/2025,https://www.irs.gov/pub/irs-pdf/i1120sf.pdf
Form 1120-S (Schedule B-1),Information on Certain Shareholders of an S Corporation,Dec 2020,12/16/2020,https://www.irs.gov/pub/irs-pdf/f1120ssb.pdf
Form 1120-S (Schedule D),Capital Gains and Losses and Built-In Gains,2025,12/31/2025,https://www.irs.gov/pub/irs-pdf/f1120ssd.pdf
Instruction 1120-S (Schedule D),"Instructions for Schedule D (Form 1120-S), Capital Gains and Losses and Built-In Gains",2025,12/31/2025,https://www.irs.gov/pub/irs-pdf/i1120ssd.pdf
Form 1120-S (Schedule K-1),"Shareholder's Share of Income, Deductions, Credits, etc.",2025,01/13/2026,https://www.irs.gov/pub/irs-pdf/f1120ssk.pdf
Instruction 1120-S (Schedule K-1),"Shareholder's Instructions for Schedule K-1 (Form 1120-S), Shareholder's Share of Income, Deductions, Credits, etc.",2025,01/12/2026,https://www.irs.gov/pub/irs-pdf/i1120ssk.pdf
Form 1120-S (Schedule K-2),Shareholders' Pro Rata Share Items-International,2025,01/09/2026,https://www.irs.gov/pub/irs-pdf/f1120sk2.pdf
Instruction 1120-S (Schedule K-2 & K-3),"S Corporation Instructions for Schedules K-2 and K-3 (Form 1120-S), Shareholders' Pro Rata Share Items - International and Shareholder's Share of Income, Deductions, Credits, etc. - International",2025,01/12/2026,https://www.irs.gov/pub/irs-pdf/i1120s23.pdf
Form 1120-S (Schedule K-3),"Shareholder's Share of Income, Deductions, Credits, etc. - International",2025,01/12/2026,https://www.irs.gov/pub/irs-pdf/f1120sk3.pdf
Instruction 1120-S (Schedule K-3),"Shareholder's Instructions for Schedule K-3 (Form 1120-S), Shareholder's Share of Income, Deductions, Credits, etc. - International",2025,01/12/2026,https://www.irs.gov/pub/irs-pdf/i1120sk3.pdf
Form 1120-S (Schedule M-3),Net Income (Loss) Reconciliation for S Corporations With Total Assets of $10 Million or More,Dec 2019,11/22/2019,https://www.irs.gov/pub/irs-pdf/f1120ss3.pdf
Instruction 1120-S (Schedule M-3),"Instructions for Schedule M-3 (Form 1120-S), Net Income (Loss) Reconciliation for S Corporations With Total Assets of $10 Million or More",Dec 2019,11/22/2019,https://www.irs.gov/pub/irs-pdf/i1120ss3.pdf
Form 1120-X,Amended U.S. Corporation Income Tax Return,Dec 2025,12/16/2025,https://www.irs.gov/pub/irs-pdf/f1120x.pdf
Instruction 1120-X,"Instruction for Form 1120-X, Amended U.S. Corporation Income Tax Return",Dec 2025,12/15/2025,https://www.irs.gov/pub/irs-pdf/i1120x.pdf
Form 1122,Authorization and Consent of Subsidiary Corporation to be Included in a Consolidated Income Tax Return,Dec 2003,07/17/2012,https://www.irs.gov/pub/irs-pdf/f1122.pdf
Form 1125-A,Cost of Goods Sold,Nov 2024,12/18/2024,https://www.irs.gov/pub/irs-pdf/f1125a.pdf
Form 1125-E,Compensation of Officers,Oct 2016,10/21/2016,https://www.irs.gov/pub/irs-pdf/f1125e.pdf
Instruction 1125-E,"Instructions for Form 1125-E, Compensation of Officers",Oct 2018,11/01/2018,https://www.irs.gov/pub/irs-pdf/i1125e.pdf
Form 1127,Application for Extension of Time for Payment of Tax Due to Undue Hardship,Dec 2024,11/26/2024,https://www.irs.gov/pub/irs-pdf/f1127.pdf
Form 1128,"Application to Adopt, Change or Retain a Tax Year",Oct 2014,04/28/2017,https://www.irs.gov/pub/irs-pdf/f1128.pdf
Instruction 1128,"Instructions for Form 1128, Application to Adopt, Change, or Retain a Tax Year",Nov 2017,10/31/2017,https://www.irs.gov/pub/irs-pdf/i1128.pdf
Publication 1136,"Statistics of Income (SOI) Bulletin, Fall 2025 (Publication 1136)",Dec 2025,12/08/2025,https://www.irs.gov/pub/irs-pdf/p1136.pdf
Form 1138,Extension of Time For Payment of Taxes By a Corporation Expecting a Net Operating Loss Carryback,Nov 2018,11/29/2018,https://www.irs.gov/pub/irs-pdf/f1138.pdf
Form 1139,Corporation Application for Tentative Refund,Dec 2025,12/08/2025,https://www.irs.gov/pub/irs-pdf/f1139.pdf
Instruction 1139,"Instructions for Form 1139, Corporation Application for Tentative Refund",Dec 2025,12/05/2025,https://www.irs.gov/pub/irs-pdf/i1139.pdf
Publication 1141,General Rules and Specifications for Substitute Forms W-2 and W-3,Jul 2025,07/30/2025,https://www.irs.gov/pub/irs-pdf/p1141.pdf
Publication 1153,How to Apply for a Certificate of Subordination of Federal Estate Tax Lien Under IRC 6325(d) of the Internal Revenue Code,Mar 2026,03/03/2026,https://www.irs.gov/pub/irs-pdf/p1153.pdf
Publication 1167,General Rules and Specifications for Substitute Forms and Schedules,Oct 2025,11/14/2025,https://www.irs.gov/pub/irs-pdf/p1167.pdf
Publication 1179,"General Rules and Specifications for Substitute Forms 1096, 1098, 1099, 5498, and Certain Other Information Returns",Jul 2025,07/24/2025,https://www.irs.gov/pub/irs-pdf/p1179.pdf
Publication 1187,"Specifications for Electronic Filing of Form 1042-S, Foreign Person's U.S. Source Income Subject to Withholding",Sep 2025,09/17/2025,https://www.irs.gov/pub/irs-pdf/p1187.pdf
Publication 1212,Guide to Original Issue Discount (OID) Instruments,Dec 2025,01/27/2026,https://www.irs.gov/pub/irs-pdf/p1212.pdf
Notice 1214,Helpful Contacts for Your Notice of Deficiency,Oct 2019,05/13/2020,https://www.irs.gov/pub/irs-pdf/n1214.pdf
Notice 1215,What to do If You Disagree with the Penalty,Nov 2006,07/17/2012,https://www.irs.gov/pub/irs-pdf/n1215.pdf
Publication 1220,"Specifications for Electronic Filing of Forms 1097, 1098, 1099, 3921, 3922, 5498, and W-2G",Apr 2026,04/03/2026,https://www.irs.gov/pub/irs-pdf/p1220.pdf
Publication 1223,General Rules and Specifications For Substitute Forms W-2c and W-3c,Oct 2024,10/07/2024,https://www.irs.gov/pub/irs-pdf/p1223.pdf
Publication 1239,"Specifications for Electronic Filing of Form 8027, Employer's Annual Information Return of Tip Income and Allocated Tips",Sep 2025,10/07/2025,https://www.irs.gov/pub/irs-pdf/p1239.pdf
Publication 1281,Backup Withholding for Missing and Incorrect Name/TINs (including instructions for reading tape cartridges and CD/DVD formats),Dec 2023,01/23/2024,https://www.irs.gov/pub/irs-pdf/p1281.pdf
Publication 1304,Statistics of Income Individual Income Tax Returns Complete Report,Jan 2025,04/28/2025,https://www.irs.gov/pub/irs-pdf/p1304.pdf
Form 1310,Statement of Person Claiming Refund Due a Deceased Taxpayer,Dec 2025,01/02/2026,https://www.irs.gov/pub/irs-pdf/f1310.pdf
Publication 1321,Special Instructions for Bona Fide Residents Of Puerto Rico Who Must File A U.S. Individual Income Tax Return (Form 1040 or Form 1040-SR),Oct 2025,10/17/2025,https://www.irs.gov/pub/irs-pdf/p1321.pdf
Publication 1335,Backup Withholding Questions and Answers,Apr 2023,04/26/2023,https://www.irs.gov/pub/irs-pdf/p1335.pdf
Publication 1345,Authorized IRS e-file Providers of Individual Income Tax Returns,Dec 2025,12/31/2025,https://www.irs.gov/pub/irs-pdf/p1345.pdf
Form 1363,Export Exemption Certificate,Aug 2021,10/08/2021,https://www.irs.gov/pub/irs-pdf/f1363.pdf
Notice 1392,Supplemental Form W-4 Instructions for Nonresident Aliens,Jan 2020,01/15/2020,https://www.irs.gov/pub/irs-pdf/n1392.pdf
Publication 1415,Federal Tax Compliance Research: Tax Gap Estimates,Oct 2022,10/28/2022,https://www.irs.gov/pub/irs-pdf/p1415.pdf
Notice 1421,How Bankruptcy Affects Your Rights to File a Petition in Tax Court in Response to a Notice of Deficiency,Jan 2012,03/30/2021,https://www.irs.gov/pub/irs-pdf/n1421.pdf
Publication 1436,Assurance Testing System (ATS) Guidelines for Modernized e-File (MeF) Individual Tax Returns,Oct 2025,09/29/2025,https://www.irs.gov/pub/irs-pdf/p1436.pdf
Publication 1450,Instructions for Requesting a Certificate of Release of Federal Tax Lien,Jul 2018,02/26/2020,https://www.irs.gov/pub/irs-pdf/p1450.pdf
Publication 1457,Actuarial Valuations Version 4A,Jun 2023,06/26/2023,https://www.irs.gov/pub/irs-pdf/p1457.pdf
Publication 1458,Actuarial Valuations Version 4B,Jun 2023,06/26/2023,https://www.irs.gov/pub/irs-pdf/p1458.pdf
Notice 1459,"Explanation of Unpaid, Deferred Social Security Taxes Reported by Third-Party Payers (TPPs)",May 2025,06/05/2025,https://www.irs.gov/pub/irs-pdf/n1459.pdf
Publication 1459,Actuarial Valuations Version 4C,Jun 2023,06/26/2023,https://www.irs.gov/pub/irs-pdf/p1459.pdf
Publication 1468,Guidelines for Notices of Federal Tax Liens and Centralized Lien Processing,Jan 2014,01/14/2014,https://www.irs.gov/pub/irs-pdf/p1468.pdf
Publication 1474,Technical Specifications Guide For Reporting Agent Authorization and Federal Tax Depositors,Jun 2025,07/22/2025,https://www.irs.gov/pub/irs-pdf/p1474.pdf
Publication 1494,"Tables for Figuring Amount Exempt from Levy on Wages, Salary, and Other Income (Forms 668-W(ACS) and 668-W(ICS))",Dec 2025,12/15/2025,https://www.irs.gov/pub/irs-pdf/p1494.pdf
Publication 1500,The IRS Research Bulletin,Jun 2025,06/04/2025,https://www.irs.gov/pub/irs-pdf/p1500.pdf
Publication 1516,"Specifications for Electronic Filing of Forms 8596, Information Returns for Federal Contracts",Dec 2025,12/22/2025,https://www.irs.gov/pub/irs-pdf/p1516.pdf
Publication 1518-A,Tax Calendar Options for Businesses and Self-Employed,Dec 2018,04/23/2019,https://www.irs.gov/pub/irs-pdf/p1518a.pdf
Publication 1544,"Reporting Cash Payments of Over $10,000",Sep 2014,09/12/2014,https://www.irs.gov/pub/irs-pdf/p1544.pdf
Publication 1546,The Taxpayer Advocate Service Is Your Voice at the IRS,Jun 2022,07/11/2022,https://www.irs.gov/pub/irs-pdf/p1546.pdf
Publication 1546-EZ,The Taxpayer Advocate Service Is Your Voice at the IRS,Jun 2022,07/11/2022,https://www.irs.gov/pub/irs-pdf/p1546ez.pdf
Publication 1577,Applying for Educational Financial Aid,Oct 2024,12/20/2024,https://www.irs.gov/pub/irs-pdf/p1577.pdf
Publication 1586,Reasonable Cause Regulations and Requirements for Missing and Incorrect Name/TINs on Information Returns (including instructions for reading CD/DVDs),Jul 2023,07/07/2023,https://www.irs.gov/pub/irs-pdf/p1586.pdf
Publication 1635,Understanding Your EIN,Feb 2014,07/15/2020,https://www.irs.gov/pub/irs-pdf/p1635.pdf
Publication 1660,Collection Appeal Rights,Jan 2020,01/16/2020,https://www.irs.gov/pub/irs-pdf/p1660.pdf
Publication 1771,Charitable Contributions - Substantiation and Disclosure Requirements,Nov 2023,12/06/2023,https://www.irs.gov/pub/irs-pdf/p1771.pdf
Publication 1779,Independent Contractor or Employee,Mar 2023,03/22/2023,https://www.irs.gov/pub/irs-pdf/p1779.pdf
Publication 1819,"LifeCycle: Divorce and non-custodial, separated, or never married parents",Aug 2024,09/12/2024,https://www.irs.gov/pub/irs-pdf/p1819.pdf
Publication 1828,Tax Guide for Churches and Religious Organizations,Aug 2015,08/27/2015,https://www.irs.gov/pub/irs-pdf/p1828.pdf
Publication 1854,How to Prepare a Collection Information Statement (Form 433-A),Apr 2025,04/29/2025,https://www.irs.gov/pub/irs-pdf/p1854.pdf
Publication 1915,Understanding Your IRS Individual Taxpayer Identification Number ITIN,Dec 2025,01/27/2026,https://www.irs.gov/pub/irs-pdf/p1915.pdf
Publication 1976,Do you Qualify for Relief under Section 530?,Dec 2025,12/19/2025,https://www.irs.gov/pub/irs-pdf/p1976.pdf
Form 2032,Contract Coverage Under Title II of the Social Security Act,Nov 2024,11/19/2024,https://www.irs.gov/pub/irs-pdf/f2032.pdf
Publication 2043,IRS Refund Information Guidelines for the Tax Preparation Community,Jan 2021,02/19/2021,https://www.irs.gov/pub/irs-pdf/p2043.pdf
Form 2063,U.S. Departing Alien Income Tax Statement,Sep 2024,09/16/2024,https://www.irs.gov/pub/irs-pdf/f2063.pdf
Publication 2104,National Taxpayer Advocate Annual Report to Congress,Dec 2025,02/13/2026,https://www.irs.gov/pub/irs-pdf/p2104.pdf
Publication 2104-B,National Taxpayer Advocate Annual Report to Congress: Research Reports,Jan 2024,02/01/2024,https://www.irs.gov/pub/irs-pdf/p2104b.pdf
Publication 2104-C,National Taxpayer Advocate Annual Report to Congress (Executive Summary),Dec 2025,02/13/2026,https://www.irs.gov/pub/irs-pdf/p2104c.pdf
Publication 2105,Why do I have to Pay Taxes?,May 2023,05/18/2023,https://www.irs.gov/pub/irs-pdf/p2105.pdf
Form 2106,Employee Business Expenses,2025,11/21/2025,https://www.irs.gov/pub/irs-pdf/f2106.pdf
Instruction 2106,"Instructions for Form 2106, Employee Business Expenses",2025,11/21/2025,https://www.irs.gov/pub/irs-pdf/i2106.pdf
Publication 2108,Federal Agency TIN Matching Program,Nov 2024,12/05/2024,https://www.irs.gov/pub/irs-pdf/p2108.pdf
Form 2120,Multiple Support Declaration,Dec 2025,01/14/2026,https://www.irs.gov/pub/irs-pdf/f2120.pdf
Form 2159,Payroll Deduction Agreement,Jul 2024,07/01/2024,https://www.irs.gov/pub/irs-pdf/f2159.pdf
Form 2210,"Underpayment of Estimated Tax by Individuals, Estates and Trusts",2025,01/14/2026,https://www.irs.gov/pub/irs-pdf/f2210.pdf
Instruction 2210,"Instructions for Form 2210, Underpayment of Estimated Tax by Individuals, Estates, and Trusts",2025,02/26/2026,https://www.irs.gov/pub/irs-pdf/i2210.pdf
Form 2210-F,Underpayment of Estimated Tax by Farmers and Fishers,2025,01/14/2026,https://www.irs.gov/pub/irs-pdf/f2210f.pdf
Instruction 2210-F,"Instructions for Form 2210-F, Underpayment of Estimated Tax by Farmers and Fishers",2025,02/19/2026,https://www.irs.gov/pub/irs-pdf/i2210f.pdf
Form 2220,Underpayment of Estimated Tax by Corporations,2025,12/11/2025,https://www.irs.gov/pub/irs-pdf/f2220.pdf
Instruction 2220,"Instructions for Form 2220, Underpayment of Estimated Tax by Corporations",2025,12/04/2025,https://www.irs.gov/pub/irs-pdf/i2220.pdf
Form 2290,Heavy Highway Vehicle Use Tax Return,Jul 2025,06/16/2025,https://www.irs.gov/pub/irs-pdf/f2290.pdf
Instruction 2290,"Instructions for Form 2290, Heavy Highway Vehicle Use Tax Return",Jul 2025,06/16/2025,https://www.irs.gov/pub/irs-pdf/i2290.pdf
Form 2350,Application for Extension of Time to File U.S. Income Tax Return,2025,11/28/2025,https://www.irs.gov/pub/irs-pdf/f2350.pdf
Form 2438,Undistributed Capital Gains Tax Return,Dec 2020,11/30/2020,https://www.irs.gov/pub/irs-pdf/f2438.pdf
Form 2439,Notice to Shareholder of Undistributed Long-Term Capital Gains,Nov 2021,11/29/2021,https://www.irs.gov/pub/irs-pdf/f2439.pdf
Form 2441,Child and Dependent Care Expenses,2025,12/16/2025,https://www.irs.gov/pub/irs-pdf/f2441.pdf
Instruction 2441,"Instructions for Form 2441, Child and Dependent Care Expenses",2025,12/16/2025,https://www.irs.gov/pub/irs-pdf/i2441.pdf
Form 2553,Election by a Small Business Corporation,Dec 2017,01/13/2025,https://www.irs.gov/pub/irs-pdf/f2553.pdf
Instruction 2553,"Instructions for Form 2553, Election by a Small Business Corporation",Dec 2020,12/08/2020,https://www.irs.gov/pub/irs-pdf/i2553.pdf
Form 2555,Foreign Earned Income,2025,10/31/2025,https://www.irs.gov/pub/irs-pdf/f2555.pdf
Instruction 2555,"Instructions for Form 2555, Foreign Earned Income",2025,10/31/2025,https://www.irs.gov/pub/irs-pdf/i2555.pdf
Form 2587,Application for Special Enrollment Examination,Mar 2024,02/29/2024,https://www.irs.gov/pub/irs-pdf/f2587.pdf
Form 2624,Consent for Third Party Contact,Nov 2017,11/09/2017,https://www.irs.gov/pub/irs-pdf/f2624.pdf
Form 2678,Employer/Payer Appointment of Agent,Dec 2024,12/17/2024,https://www.irs.gov/pub/irs-pdf/f2678.pdf
Instruction 2678,"Instructions for Form 2678, Employer/Payer Appointment of Agent",Dec 2024,12/18/2024,https://www.irs.gov/pub/irs-pdf/i2678.pdf
Form 2848,Power of Attorney and Declaration of Representative,Jan 2021,01/23/2021,https://www.irs.gov/pub/irs-pdf/f2848.pdf
Instruction 2848,"Instructions for Form 2848, Power of Attorney and Declaration of Representative",Sep 2021,09/02/2021,https://www.irs.gov/pub/irs-pdf/i2848.pdf
Publication 3066,Have you Had your Check up this year for Retirement Plans?,Dec 2017,01/18/2018,https://www.irs.gov/pub/irs-pdf/p3066.pdf
Publication 3067,IRS Disaster Assistance - Federally Declared Disaster Area,Feb 2026,02/19/2026,https://www.irs.gov/pub/irs-pdf/p3067.pdf
Publication 3079,Tax-Exempt Organizations and Gaming,Oct 2018,05/30/2019,https://www.irs.gov/pub/irs-pdf/p3079.pdf
Publication 3112,IRS E-File Application & Participation,Nov 2025,12/16/2025,https://www.irs.gov/pub/irs-pdf/p3112.pdf
Publication 3114,Compliance Checks,Apr 2011,07/17/2012,https://www.irs.gov/pub/irs-pdf/p3114.pdf
Form 3115,Application for Change in Accounting Method,Dec 2022,02/07/2023,https://www.irs.gov/pub/irs-pdf/f3115.pdf
Instruction 3115,"Instructions for Form 3115, Application for Change in Accounting Method",Dec 2022,02/09/2023,https://www.irs.gov/pub/irs-pdf/i3115.pdf
Publication 3125,An Important Message For Taxpayers With IRAs - The IRS Does Not Approve IRA Investments,Sep 2017,09/25/2017,https://www.irs.gov/pub/irs-pdf/p3125.pdf
Publication 3144,Tips on Tips - A Guide to Tip Income Reporting for Employers in Businesses Where Tip Income is Customary,Nov 2021,01/05/2022,https://www.irs.gov/pub/irs-pdf/p3144.pdf
Publication 3148,Tips on Tips - A Guide to Tip Income Reporting for Employees Who Receive Tip Income,Dec 2021,03/10/2022,https://www.irs.gov/pub/irs-pdf/p3148.pdf
Publication 3151,The ABCs of FTDs: Quick Reference Guide for Understanding Federal Tax Deposits,Nov 2018,05/11/2020,https://www.irs.gov/pub/irs-pdf/p3151.pdf
Publication 3151-A,The ABCs of FTDs: Resource Guide for Understanding Federal Tax Deposits,Sep 2017,09/16/2017,https://www.irs.gov/pub/irs-pdf/p3151a.pdf
Publication 3202,Seized Computer Evidence Recovery  Specialist (SCERS) Training Program for  Foreign Tax Enforcement Officals,Jun 2000,07/17/2012,https://www.irs.gov/pub/irs-pdf/p3202.pdf
Publication 3319,Low Income Taxpayer Clinics (LITC) Grant Application Package and Guidelines,May 2025,05/16/2025,https://www.irs.gov/pub/irs-pdf/p3319.pdf
Publication 3366-A,IRS Tax Forms - Photocopies Available Here,Dec 2010,07/17/2012,https://www.irs.gov/pub/irs-pdf/p3366a.pdf
Publication 3373,"Disclosure of Information to Federal, State, and Local Agencies (DIFSLA) Handbook",Apr 2026,04/08/2026,https://www.irs.gov/pub/irs-pdf/p3373.pdf
Publication 3386,Tax Guide for Veterans' Organizations,Apr 2018,05/01/2018,https://www.irs.gov/pub/irs-pdf/p3386.pdf
Publication 3402,Taxation of Limited Liability Companies,Mar 2020,03/24/2020,https://www.irs.gov/pub/irs-pdf/p3402.pdf
Publication 3415,Electronic Tax Administration (ETA) Advisory Committee Annual Report to Congress,Jun 2025,06/24/2025,https://www.irs.gov/pub/irs-pdf/p3415.pdf
Form 3468,Investment Credit,2025,01/08/2026,https://www.irs.gov/pub/irs-pdf/f3468.pdf
Instruction 3468,"Instructions for Form 3468, Investment Credit",2025,03/30/2026,https://www.irs.gov/pub/irs-pdf/i3468.pdf
Form 3491,Consumer Cooperative Exemption Application,Oct 2023,09/19/2024,https://www.irs.gov/pub/irs-pdf/f3491.pdf
Publication 3498,The Examination Process,May 2025,05/16/2025,https://www.irs.gov/pub/irs-pdf/p3498.pdf
Publication 3498-A,The Examination Process (Audits by Mail),May 2021,05/26/2021,https://www.irs.gov/pub/irs-pdf/p3498a.pdf
Form 3520,Annual Return To Report Transactions With Foreign Trusts and Receipt of Certain Foreign Gifts,Dec 2023,01/16/2024,https://www.irs.gov/pub/irs-pdf/f3520.pdf
Instruction 3520,"Instructions for Form 3520, Annual Return to Report Transactions With Foreign Trusts and Receipt of Certain Foreign Gifts",Dec 2025,11/24/2025,https://www.irs.gov/pub/irs-pdf/i3520.pdf
Form 3520-A,Annual Information Return of Foreign Trust With a U.S. Owner,Dec 2023,09/19/2024,https://www.irs.gov/pub/irs-pdf/f3520a.pdf
Instruction 3520-A,"Instructions for Form 3520-A, Annual Information Return of Foreign Trust With a U.S. Owner",Dec 2025,11/24/2025,https://www.irs.gov/pub/irs-pdf/i3520a.pdf
Publication 3524,ELIGIBILITY QUESTIONNAIRE FOR TAX YEAR 2025,Dec 2025,02/20/2026,https://www.irs.gov/pub/irs-pdf/p3524.pdf
Publication 3536,Motor Fuel Excise Tax EDI Guide,Jul 2024,07/24/2024,https://www.irs.gov/pub/irs-pdf/p3536.pdf
Publication 3561,Organizational Performance Management And  The IRS Balanced Measurement System,Jan 2000,07/17/2012,https://www.irs.gov/pub/irs-pdf/p3561.pdf
Publication 3583,Internal Revenue Service - Criminal Investigation Annual Report 2025,Mar 2026,03/19/2026,https://www.irs.gov/pub/irs-pdf/p3583.pdf
Publication 3598,What You Should Know About The Audit Reconsideration Process,Nov 2023,10/07/2025,https://www.irs.gov/pub/irs-pdf/p3598.pdf
Publication 3605,Fast Track Mediation-A Process for Prompt Resolution of Tax Issues,Mar 2022,08/16/2023,https://www.irs.gov/pub/irs-pdf/p3605.pdf
Publication 3744,Inflation Reduction Act Strategic Operating Plan,Apr 2023,04/25/2023,https://www.irs.gov/pub/irs-pdf/p3744.pdf
Publication 3744-A,IRS Strategic Operating Plan Annual Update Supplement,Apr 2024,06/17/2024,https://www.irs.gov/pub/irs-pdf/p3744a.pdf
Publication 3744-B,IRS Strategic Operating Plan Annual Update,Apr 2024,05/02/2024,https://www.irs.gov/pub/irs-pdf/p3744b.pdf
Publication 3753,Want to improve the IRS? Speak Up!,Jun 2025,07/08/2025,https://www.irs.gov/pub/irs-pdf/p3753.pdf
Form 3800,General Business Credit,2025,01/07/2026,https://www.irs.gov/pub/irs-pdf/f3800.pdf
Instruction 3800,"Instructions for Form 3800 and Schedule A, General Business Credit",2025,01/16/2026,https://www.irs.gov/pub/irs-pdf/i3800.pdf
Form 3800 (Schedule A),Transfer Election Statement,Dec 2025,01/12/2026,https://www.irs.gov/pub/irs-pdf/f3800a.pdf
Publication 3833,Disaster Relief (Be Part of the Program),Dec 2014,12/15/2014,https://www.irs.gov/pub/irs-pdf/p3833.pdf
Publication 3857,If You Suspect False Information,Jun 2007,07/17/2012,https://www.irs.gov/pub/irs-pdf/p3857.pdf
Publication 3865,Tax Information for Survivors of Domestic Abuse,Nov 2022,12/14/2022,https://www.irs.gov/pub/irs-pdf/p3865.pdf
Form 3881,ACH Vendor Miscellaneous Payment Enrollment,Apr 2016,10/26/2016,https://www.irs.gov/pub/irs-pdf/f3881.pdf
Form 3881-A,ACH Vendor/Miscellaneous Payment Enrollment - HCTC,May 2017,09/16/2017,https://www.irs.gov/pub/irs-pdf/f3881a.pdf
Publication 3891,Lockbox Addresses,Jul 2025,08/21/2025,https://www.irs.gov/pub/irs-pdf/p3891.pdf
Form 3903,Moving Expenses,2025,11/12/2025,https://www.irs.gov/pub/irs-pdf/f3903.pdf
Instruction 3903,"Instructions for Form 3903, Moving Expenses",2025,11/21/2025,https://www.irs.gov/pub/irs-pdf/i3903.pdf
Publication 3908,Gaming Tax Law and Bank Secrecy Act Issues for Indian Tribal Governments,Sep 2019,11/05/2019,https://www.irs.gov/pub/irs-pdf/p3908.pdf
Form 3911,Taxpayer Statement Regarding Refund,Oct 2022,11/03/2022,https://www.irs.gov/pub/irs-pdf/f3911.pdf
Publication 3920,Tax Relief for Victims of Terrorist Acts,Sep 2014,09/09/2014,https://www.irs.gov/pub/irs-pdf/p3920.pdf
Form 3921,Exercise of an Incentive Stock Option Under Section 422(b),Apr 2025,02/10/2026,https://www.irs.gov/pub/irs-pdf/f3921.pdf
Instruction 3921 and 3922,"Instructions for Forms 3921 and 3922, Exercise of an Incentive Stock Option Under Section 422(b) and Transfer of Stock Acquired Through an Employee Stock Purchase Plan Under Section 423(c)",Apr 2025,03/24/2025,https://www.irs.gov/pub/irs-pdf/i3921.pdf
Form 3922,Transfer of Stock Acquired Through An Employee Stock Purchase Plan Under Section 423(c),Apr 2025,03/19/2025,https://www.irs.gov/pub/irs-pdf/f3922.pdf
Form 3949-A,Information Referral,Oct 2020,10/13/2020,https://www.irs.gov/pub/irs-pdf/f3949a.pdf
Publication 3953,Questions and Answers About Tax Court Proceedings for Determination of Employment Status Under I.R.C. 7436,Oct 2017,04/18/2018,https://www.irs.gov/pub/irs-pdf/p3953.pdf
Publication 3966,Living and Working with Disabilities,May 2021,05/19/2021,https://www.irs.gov/pub/irs-pdf/p3966.pdf
Publication 3995,Recognizing Illegal Tax Avoidance Schemes,Sep 2024,10/02/2024,https://www.irs.gov/pub/irs-pdf/p3995.pdf
Publication 3998,Choosing a Retirement Solution for Your Small Business,Nov 2020,02/25/2021,https://www.irs.gov/pub/irs-pdf/p3998.pdf
Publication 4003,QuickAlerts Messaging System,Nov 2014,11/20/2014,https://www.irs.gov/pub/irs-pdf/p4003.pdf
Publication 4011,VITA/TCE Foreign Student and Scholar Volunteer Resource Guide,Oct 2025,10/06/2025,https://www.irs.gov/pub/irs-pdf/p4011.pdf
Publication 4012,VITA/TCE Volunteer Resource Guide,Oct 2025,12/04/2025,https://www.irs.gov/pub/irs-pdf/p4012.pdf
Publication 4012-A,VITA/TCE Volunteer Resource Guide With Updates,Feb 2026,02/19/2026,https://www.irs.gov/pub/irs-pdf/p4012a.pdf
Publication 4019,"Third Party Authorization, Levels of Authority",Apr 2014,04/17/2014,https://www.irs.gov/pub/irs-pdf/p4019.pdf
Form 4029,Application for Exemption From Social Security and Medicare Taxes and Waiver of Benefits,Nov 2018,11/09/2018,https://www.irs.gov/pub/irs-pdf/f4029.pdf
Publication 4038,Business Tax Return Processing Migration Map / Individual Tax Return Processing Migration Map,Dec 2022,12/05/2022,https://www.irs.gov/pub/irs-pdf/p4038.pdf
Publication 4054,National Taxpayer Advocate Objectives Report to Congress,Jun 2025,06/25/2025,https://www.irs.gov/pub/irs-pdf/p4054.pdf
Publication 4054-C,National Taxpayer Advocate's Objectives Report to Congress Volume 2,Jun 2019,08/20/2019,https://www.irs.gov/pub/irs-pdf/p4054c.pdf
Publication 4054-D,National Taxpayer Advocate's Special Report to Congress Volume 3 (Earned Income Tax Credit),Jun 2019,08/20/2019,https://www.irs.gov/pub/irs-pdf/p4054d.pdf
Publication 4077,Tax Exempt 501(C)(3) Bonds Compliance Guide,Sep 2019,09/11/2019,https://www.irs.gov/pub/irs-pdf/p4077.pdf
Publication 4078,Tax-Exempt Private Activity Bonds,Jan 2026,01/26/2026,https://www.irs.gov/pub/irs-pdf/p4078.pdf
Publication 4079,Tax-Exempt Governmental Bonds,Sep 2019,09/11/2019,https://www.irs.gov/pub/irs-pdf/p4079.pdf
Publication 4118,Lots of Benefits when you set up or participate in an employee retirement plan,May 2021,08/12/2021,https://www.irs.gov/pub/irs-pdf/p4118.pdf
Publication 4128,Tax Impact of Job Loss,May 2020,05/20/2020,https://www.irs.gov/pub/irs-pdf/p4128.pdf
Publication 4134,Low Income Taxpayer Clinic List,Jan 2026,01/28/2026,https://www.irs.gov/pub/irs-pdf/p4134.pdf
Form 4136,Credit for Federal Tax Paid on Fuels,2025,12/23/2025,https://www.irs.gov/pub/irs-pdf/f4136.pdf
Instruction 4136,"Instructions for Form 4136 and Schedule A, Credit for Federal Tax Paid on Fuels",2025,12/23/2025,https://www.irs.gov/pub/irs-pdf/i4136.pdf
Form 4136 (Schedule A),Business Activity Report for Credit for Federal Tax Paid on Fuels,Dec 2025,12/23/2025,https://www.irs.gov/pub/irs-pdf/f4136sa.pdf
Form 4137,Social Security and Medicare Tax on Unreported Tip Income,2025,12/08/2025,https://www.irs.gov/pub/irs-pdf/f4137.pdf
Publication 4152,Electronic Toolkit for Nonresident Alien VITA/TCE Sites,Sep 2025,09/24/2025,https://www.irs.gov/pub/irs-pdf/p4152.pdf
Publication 4163,Modernized e-File (MeF) Information for Authorized IRS e-File Providers for Business Returns,Dec 2025,12/10/2025,https://www.irs.gov/pub/irs-pdf/p4163.pdf
Publication 4164,Modernized e-File (MeF) Guide for Software Developers and Transmitters,Dec 2025,12/23/2025,https://www.irs.gov/pub/irs-pdf/p4164.pdf
Publication 4167,Introduction to Alternative Dispute Resolution,Apr 2021,04/29/2021,https://www.irs.gov/pub/irs-pdf/p4167.pdf
Publication 4169,EFTPS Tax Professional Guide,Jul 2009,07/17/2012,https://www.irs.gov/pub/irs-pdf/p4169.pdf
Publication 4190,Life Cycle Series: Frequently Asked Questions: Tax Guide for the Retiree,Apr 2025,04/29/2025,https://www.irs.gov/pub/irs-pdf/p4190.pdf
Publication 4215,Political Organization Filing and  Disclosure Search Process User Guide,Aug 2004,07/17/2012,https://www.irs.gov/pub/irs-pdf/p4215.pdf
Publication 4216,Political Organization Filing and  Disclosure Search Process User Guide,Jul 2003,07/17/2012,https://www.irs.gov/pub/irs-pdf/p4216.pdf
Form 4219,"Statement of Liability of Lender, Surety, or Other Person for Withholding Taxes",May 2014,05/29/2014,https://www.irs.gov/pub/irs-pdf/f4219.pdf
Publication 4220,Applying for 501(c)(3) Tax-Exempt Status,Mar 2018,03/28/2018,https://www.irs.gov/pub/irs-pdf/p4220.pdf
Publication 4221-NC,Compliance Guide for Tax Exempt Organizations (other than 501(c)(3) Public Charities and Private Foundations),Sep 2014,09/05/2014,https://www.irs.gov/pub/irs-pdf/p4221nc.pdf
Publication 4221-PC,Compliance Guide For 501(c)(3) Public Charities,Mar 2018,04/16/2018,https://www.irs.gov/pub/irs-pdf/p4221pc.pdf
Publication 4221-PF,Compliance Guide for 501(c)(3) Private Foundations,Aug 2014,08/31/2017,https://www.irs.gov/pub/irs-pdf/p4221pf.pdf
Publication 4222,401(k) Plans for Small Businesses,Nov 2020,02/25/2021,https://www.irs.gov/pub/irs-pdf/p4222.pdf
Publication 4224,Retirement Plans Correction Programs,Oct 2010,07/17/2012,https://www.irs.gov/pub/irs-pdf/p4224.pdf
Publication 4225,Coming Together for Stronger Communities,Sep 2023,10/16/2023,https://www.irs.gov/pub/irs-pdf/p4225.pdf
Publication 4225-A,How Can the IRS Serve Your Cause?,Sep 2023,10/16/2023,https://www.irs.gov/pub/irs-pdf/p4225a.pdf
Publication 4227,Overview of the Appeals Process,Jan 2020,05/12/2020,https://www.irs.gov/pub/irs-pdf/p4227.pdf
Publication 4235,Collection Advisory Offices Contact Information,Jul 2025,07/15/2025,https://www.irs.gov/pub/irs-pdf/p4235.pdf
Publication 4245,Power of Attorney Preparation Guide,Feb 2022,03/01/2022,https://www.irs.gov/pub/irs-pdf/p4245.pdf
Publication 4248,Paying Federal Taxes using EFTPS,Jun 2024,07/05/2024,https://www.irs.gov/pub/irs-pdf/p4248.pdf
Form 4255,"Certain Credit Recapture, Excessive Payments, and Penalties",Dec 2025,01/07/2026,https://www.irs.gov/pub/irs-pdf/f4255.pdf
Instruction 4255,"Instructions for Form 4255, Certain Credit Recapture, Excessive Payments, and Penalties",Dec 2025,01/08/2026,https://www.irs.gov/pub/irs-pdf/i4255.pdf
Publication 4261,Do You Have a Foreign Financial Account?,Jul 2021,07/20/2021,https://www.irs.gov/pub/irs-pdf/p4261.pdf
Publication 4268,Employment Tax For Indian Tribal Governments,Aug 2022,08/31/2022,https://www.irs.gov/pub/irs-pdf/p4268.pdf
Publication 4269 (en-mul),Welcome! Do you require service in any language other than English? (English  & Multiple Languages),May 2022,05/17/2022,https://www.irs.gov/pub/irs-pdf/p4269.pdf
Publication 4275,EFTPS Express Enrollment for New Businesses,Oct 2007,07/17/2012,https://www.irs.gov/pub/irs-pdf/p4275.pdf
Publication 4284,Simple IRA Retirement Plan Checklist,Aug 2021,08/24/2021,https://www.irs.gov/pub/irs-pdf/p4284.pdf
Publication 4285,Simplified Employee Pension (SEP) Checklist,Aug 2021,08/24/2021,https://www.irs.gov/pub/irs-pdf/p4285.pdf
Publication 4286,Simplified Employee Pension Plan (SARSEP) Checklist,Aug 2021,08/24/2021,https://www.irs.gov/pub/irs-pdf/p4286.pdf
Publication 4298,A Federal Tax Refund May Be Waiting For You,Jan 2026,01/27/2026,https://www.irs.gov/pub/irs-pdf/p4298.pdf
Publication 4299,"Privacy, Confidentiality, and Civil Rights - A Public Trust",Feb 2025,03/27/2025,https://www.irs.gov/pub/irs-pdf/p4299.pdf
Publication 4302,A Charity's Guide To Vehicle Donations,Jan 2015,01/26/2015,https://www.irs.gov/pub/irs-pdf/p4302.pdf
Publication 4303,A Donor's Guide To Vehicle Donations,Jan 2015,01/26/2015,https://www.irs.gov/pub/irs-pdf/p4303.pdf
Publication 4320,EFTPS Tool Kit,Mar 2007,07/17/2012,https://www.irs.gov/pub/irs-pdf/p4320.pdf
Publication 4324,Employee Plans Examination Flowchart,Nov 2011,07/17/2012,https://www.irs.gov/pub/irs-pdf/p4324.pdf
Publication 4333,SEP Retirement Plans for Small Businesses,Nov 2020,02/25/2021,https://www.irs.gov/pub/irs-pdf/p4333.pdf
Publication 4334,SIMPLE IRA Plans for Small Businesses,Nov 2020,02/25/2021,https://www.irs.gov/pub/irs-pdf/p4334.pdf
Publication 4336,Salary Reduction Simplified Employee Pension Plan for Small Businesses,Dec 2017,01/10/2018,https://www.irs.gov/pub/irs-pdf/p4336.pdf
Publication 4341,Information Guide for Employers Filing Form 941 or Form 944 - Frequently Asked Questions About the Reclassification of Workers as Employees,Jan 2010,07/17/2012,https://www.irs.gov/pub/irs-pdf/p4341.pdf
Publication 4344,Advisory Committee on Tax Exempt and Government Entities (ACT) Report of Recommendations,Jun 2018,06/07/2018,https://www.irs.gov/pub/irs-pdf/p4344.pdf
Publication 4345,Settlements-Taxability,Sep 2023,09/25/2023,https://www.irs.gov/pub/irs-pdf/p4345.pdf
Form 4361,"Application for Exemption From Self-Employment Tax for Use By Ministers, Members of Religious Orders and Christian Science Practitioners",Jan 2011,07/17/2012,https://www.irs.gov/pub/irs-pdf/f4361.pdf
Publication 4386,"Compliance Checks: Examination, Audit or Compliance Check",Apr 2006,07/17/2012,https://www.irs.gov/pub/irs-pdf/p4386.pdf
Publication 4390,VITA/TCE Computer Loan Program - Guidance and Resources,Aug 2024,09/16/2024,https://www.irs.gov/pub/irs-pdf/p4390.pdf
Publication 4391,Privacy Act Notice,Oct 2015,11/20/2015,https://www.irs.gov/pub/irs-pdf/p4391.pdf
Publication 4407,Salary Reduction Simplified Employee Pension (SARSEP),Dec 2017,01/10/2018,https://www.irs.gov/pub/irs-pdf/p4407.pdf
Publication 4418,Federal Payment Levy Program,Jun 2014,06/10/2014,https://www.irs.gov/pub/irs-pdf/p4418.pdf
Publication 4419,Mortgage Verification Process,Mar 2008,07/17/2012,https://www.irs.gov/pub/irs-pdf/p4419.pdf
Form 4421,Declarations - Executor's Commissioner's and Attorney's Fees,Apr 1987,07/17/2012,https://www.irs.gov/pub/irs-pdf/f4421.pdf
Form 4422,Application for Certificate Discharging Property Subject To Estate Tax Lien,May 2025,06/02/2025,https://www.irs.gov/pub/irs-pdf/f4422.pdf
Form 4423,Application for Filing Affordable Care Act (ACA) Information Returns,Mar 2016,08/19/2016,https://www.irs.gov/pub/irs-pdf/f4423.pdf
Publication 4436,"General Rules and Specifications for Substitute Form 941, Schedule B (Form 941), Schedule D (Form 941), Schedule R (Form 941), and Form 8974",Mar 2026,03/27/2026,https://www.irs.gov/pub/irs-pdf/p4436.pdf
Publication 4444,Taxpayer Advocacy Panel - Annual Report,Mar 2025,03/26/2025,https://www.irs.gov/pub/irs-pdf/p4444.pdf
Publication 4450,IRS Congressional Budget Justification & Annual Performance Report and Plan,Jun 2025,07/08/2025,https://www.irs.gov/pub/irs-pdf/p4450.pdf
Form 4461,Application for Approval of Master or Prototype or Volume Submitter Defined Contribution Plans,Nov 2018,11/27/2018,https://www.irs.gov/pub/irs-pdf/f4461.pdf
Instruction 4461,"Instructions for Form 4461, Application for Approval of Master or Prototype or Volume Submitter Defined Contribution Plans",Jun 2024,07/01/2024,https://www.irs.gov/pub/irs-pdf/i4461.pdf
Form 4461-A,Application for Approval of Master or Prototype or Volume Submitter Defined Benefit Plan,Nov 2019,11/20/2019,https://www.irs.gov/pub/irs-pdf/f4461a.pdf
Instruction 4461-A,"Instructions for Form 4461-A, Application for Approval of Standardized or Nonstandardized Pre-Approved Defined Benefit Plan",Sep 2024,09/03/2024,https://www.irs.gov/pub/irs-pdf/i4461a.pdf
Form 4461-B,Application for Approval of Master or Prototype or Volume Submitter Plans,Nov 2018,11/27/2018,https://www.irs.gov/pub/irs-pdf/f4461b.pdf
Instruction 4461-B,"Instructions for Form 4461-B, Application for Approval of Master or Prototype or Volume Submitter Plans",Jun 2024,07/01/2024,https://www.irs.gov/pub/irs-pdf/i4461b.pdf
Form 4461-C,Application for Approval of Standardized or Nonstandardized 403(b) Pre-Approved Plan,Oct 2024,10/28/2024,https://www.irs.gov/pub/irs-pdf/f4461c.pdf
Publication 4465-A,Protecting Federal Tax Information for Contractors,Jun 2022,10/06/2022,https://www.irs.gov/pub/irs-pdf/p4465a.pdf
Form 4466,Corporation Application for Quick Refund of Overpayment of Estimated Tax,Dec 2025,01/13/2026,https://www.irs.gov/pub/irs-pdf/f4466.pdf
Instruction 4466,"Instructions for Form 4466, Corporation Application for Quick Refund of Overpayment of Estimated Tax",Dec 2025,01/21/2026,https://www.irs.gov/pub/irs-pdf/i4466.pdf
Publication 4473,Computer Loan Program - Welcome Package,Nov 2025,11/06/2025,https://www.irs.gov/pub/irs-pdf/p4473.pdf
Publication 4482,403(b) Tax-Sheltered Annuities for Participants,Aug 2021,08/19/2021,https://www.irs.gov/pub/irs-pdf/p4482.pdf
Publication 4483,403(b) Tax-Sheltered Annuities Plan for Sponsors,Aug 2021,08/19/2021,https://www.irs.gov/pub/irs-pdf/p4483.pdf
Publication 4484,Choose a Retirement Plan for Employees of Tax-Exempt Government Entities,Apr 2021,04/19/2021,https://www.irs.gov/pub/irs-pdf/p4484.pdf
Publication 4485,Guide for the Certification of State FUTA Credits,Dec 2025,12/05/2025,https://www.irs.gov/pub/irs-pdf/p4485.pdf
Publication 4491,VITA/TCE Training Guide,Oct 2025,11/13/2025,https://www.irs.gov/pub/irs-pdf/p4491.pdf
Publication 4491-X,VITA/TCE Training Supplement,Jan 2026,01/28/2026,https://www.irs.gov/pub/irs-pdf/p4491x.pdf
Form 4506,Request for Copy of Tax Return,Apr 2025,08/28/2025,https://www.irs.gov/pub/irs-pdf/f4506.pdf
Form 4506-A,Request for a Copy of Exempt or Political Organization IRS Form,Mar 2026,03/19/2026,https://www.irs.gov/pub/irs-pdf/f4506a.pdf
Instruction 4506-A,"Instructions for Form 4506-A, Request for Public Inspection or Copy of Exempt or Political Organization IRS Form",Nov 2021,12/02/2021,https://www.irs.gov/pub/irs-pdf/i4506a.pdf
Form 4506-B,Request for a Copy of Exempt Organization IRS Application or Letter,May 2024,05/22/2024,https://www.irs.gov/pub/irs-pdf/f4506b.pdf
Instruction 4506-B,"Instructions for Form 4506-B, Request for a Copy of Exempt Organization IRS Application or Letter",Aug 2023,12/08/2023,https://www.irs.gov/pub/irs-pdf/i4506b.pdf
Form 4506-C,IVES Request for Transcript of Tax Return,Oct 2022,10/31/2022,https://www.irs.gov/pub/irs-pdf/f4506c.pdf
Form 4506-F,Identity Theft Victims Request for Copy of Fraudulent Tax Return,Aug 2021,08/05/2021,https://www.irs.gov/pub/irs-pdf/f4506f.pdf
Form 4506-T,Request for Transcript of Tax Return,Apr 2025,05/19/2025,https://www.irs.gov/pub/irs-pdf/f4506t.pdf
Form 4506-T-EZ,Short Form Request for Individual Tax Return Transcript,Mar 2025,09/11/2025,https://www.irs.gov/pub/irs-pdf/f4506tez.pdf
Publication 4518,What You Can Expect When the IRS Assigns Your Account to a Private Collection Agency,Nov 2019,05/11/2023,https://www.irs.gov/pub/irs-pdf/p4518.pdf
Publication 4520,Acceptance Agents' Guide for Individual Taxpayer Identification Number (ITIN),Jan 2025,01/31/2025,https://www.irs.gov/pub/irs-pdf/p4520.pdf
Publication 4524,Taxes. Security. Together. Security Awareness For Taxpayers,Jan 2021,03/05/2021,https://www.irs.gov/pub/irs-pdf/p4524.pdf
Publication 4528,Making an Administrative Wrongful Levy Claim Under Internal Revenue Code (IRC) Section 6343(b),Mar 2018,05/12/2020,https://www.irs.gov/pub/irs-pdf/p4528.pdf
Publication 4530,"Designated Roth Accounts Under a 401(k), 403(b) or Governmental 457(b) Plan",Jul 2021,07/23/2021,https://www.irs.gov/pub/irs-pdf/p4530.pdf
Publication 4531,401(k) Plan Checklist,Aug 2021,08/24/2021,https://www.irs.gov/pub/irs-pdf/p4531.pdf
Publication 4539,Fast Track Settlement:  A process for prompt resolution of Large & Mid-Size Business Tax Issues,May 2012,08/21/2012,https://www.irs.gov/pub/irs-pdf/p4539.pdf
Publication 4541,Splitting Federal Income Tax Refunds - Information for U.S. Financial Institutions,Feb 2011,07/17/2012,https://www.irs.gov/pub/irs-pdf/p4541.pdf
Publication 4546,403(b) Plan Checklist,Aug 2021,08/24/2021,https://www.irs.gov/pub/irs-pdf/p4546.pdf
Form 4547,Trump Account Election(s),Dec 2025,01/08/2026,https://www.irs.gov/pub/irs-pdf/f4547.pdf
Instruction 4547,"Instructions for Form 4547, Trump Account Election(s)",Dec 2025,01/08/2026,https://www.irs.gov/pub/irs-pdf/i4547.pdf
Publication 4555-E,VITA/TCE e-instructor guidance,Oct 2025,09/23/2025,https://www.irs.gov/pub/irs-pdf/p4555e.pdf
Publication 4557,Safeguarding Taxpayer Data: A Guide for Your Business,May 2024,07/01/2024,https://www.irs.gov/pub/irs-pdf/p4557.pdf
Form 4562,Depreciation and Amortization (Including Information on Listed Property),2025,01/07/2026,https://www.irs.gov/pub/irs-pdf/f4562.pdf
Instruction 4562,"Instructions for Form 4562, Depreciation and Amortization (Including Information on Listed Property)",2025,03/30/2026,https://www.irs.gov/pub/irs-pdf/i4562.pdf
Form 4563,Exclusion of Income for Bona Fide Residents of American Samoa,Sep 2024,10/31/2024,https://www.irs.gov/pub/irs-pdf/f4563.pdf
Publication 4573,Group Exemptions,Oct 2019,11/05/2019,https://www.irs.gov/pub/irs-pdf/p4573.pdf
Publication 4576,Orientation to the Penalty Appeals Process,Oct 2020,10/22/2020,https://www.irs.gov/pub/irs-pdf/p4576.pdf
Publication 4587,Payroll Deduction IRAs for Small Businesses,Nov 2018,03/05/2019,https://www.irs.gov/pub/irs-pdf/p4587.pdf
Publication 4591,Small Business Federal Tax Responsibilities,Oct 2018,08/20/2020,https://www.irs.gov/pub/irs-pdf/p4591.pdf
Form 4626,Alternative Minimum Tax - Corporations,2025,01/08/2026,https://www.irs.gov/pub/irs-pdf/f4626.pdf
Instruction 4626,"Instructions for Form 4626, Alternative Minimum Tax - Corporations",2025,02/02/2026,https://www.irs.gov/pub/irs-pdf/i4626.pdf
Form 4626 (Schedule A),Pro-Rata Share of Adjusted Net Income or Loss of CFCs Described in Section 56A(c)(3),Dec 2024,12/20/2024,https://www.irs.gov/pub/irs-pdf/f4626sa.pdf
Publication 4638,IRS Jobs - How To Apply,Jul 2020,07/31/2020,https://www.irs.gov/pub/irs-pdf/p4638.pdf
Publication 4639,Disclosure & Privacy Law Reference Guide,Oct 2012,11/08/2012,https://www.irs.gov/pub/irs-pdf/p4639.pdf
Form 4669,Statement of Payments Received,Dec 2014,12/18/2014,https://www.irs.gov/pub/irs-pdf/f4669.pdf
Form 4670,Request for Relief of Payment of Certain Withholding Taxes,Aug 2015,08/24/2015,https://www.irs.gov/pub/irs-pdf/f4670.pdf
Publication 4671,Helping You Help Others VITA Grant Program Overview and Application Instructions,May 2025,05/02/2025,https://www.irs.gov/pub/irs-pdf/p4671.pdf
Publication 4674,Automatic Enrollment 401(k) Plans for Small Businesses,Nov 2020,03/04/2021,https://www.irs.gov/pub/irs-pdf/p4674.pdf
Publication 4680,TCE/VITA Grant Programs,Feb 2025,04/03/2025,https://www.irs.gov/pub/irs-pdf/p4680.pdf
Publication 4681,"Canceled Debts, Foreclosures, Repossessions, and Abandonments (for Individuals)",2025,12/30/2025,https://www.irs.gov/pub/irs-pdf/p4681.pdf
Form 4684,Casualties and Thefts,2025,01/13/2026,https://www.irs.gov/pub/irs-pdf/f4684.pdf
Instruction 4684,"Instructions for Form 4684, Casualties and Thefts",2025,01/23/2026,https://www.irs.gov/pub/irs-pdf/i4684.pdf
Publication 4687,Paid Preparer Due Diligence,Feb 2025,02/07/2025,https://www.irs.gov/pub/irs-pdf/p4687.pdf
Publication 4693-A,A Guide to the Enrolled Agent Program,May 2024,07/01/2025,https://www.irs.gov/pub/irs-pdf/p4693a.pdf
Publication 4696,VITA/TCE Puerto Rico Resource Guide,Oct 2025,10/09/2025,https://www.irs.gov/pub/irs-pdf/p4696pr.pdf
Publication 4717,EITC: Help your preparer get your tax return right with the tax credits you have earned,Dec 2025,02/20/2026,https://www.irs.gov/pub/irs-pdf/p4717.pdf
Form 4720,Return of Certain Excise Taxes Under Chapters 41 and 42 of the Internal Revenue Code,2025,01/22/2026,https://www.irs.gov/pub/irs-pdf/f4720.pdf
Instruction 4720,"Instructions for Form 4720, Return of Certain Excise Taxes Under Chapters 41 and 42 of the Internal Revenue Code",2025,12/11/2025,https://www.irs.gov/pub/irs-pdf/i4720.pdf
Publication 4721,Adding Automatic Enrollment to Your 401(k) Plan,Sep 2019,04/01/2020,https://www.irs.gov/pub/irs-pdf/p4721.pdf
Publication 4731,Screening Sheet for Nonbusiness Credit Card Debt Cancellation,Oct 2024,10/02/2024,https://www.irs.gov/pub/irs-pdf/p4731.pdf
Publication 4731-A,Screening Sheet for Foreclosures/Abandonments and Cancellation of Mortgage Debt,Oct 2024,10/02/2024,https://www.irs.gov/pub/irs-pdf/p4731a.pdf
Publication 4744-B,IRS.gov/Spanish Web Site Fact Sheet,Mar 2017,05/13/2020,https://www.irs.gov/pub/irs-pdf/p4744b.pdf
Publication 4744-H,IRS Multilingual Websites Fact Sheet,Apr 2014,06/03/2015,https://www.irs.gov/pub/irs-pdf/p4744h.pdf
Publication 4756,Foreign Student and Scholar Volunteer Tax Return Preparation,May 2025,06/24/2025,https://www.irs.gov/pub/irs-pdf/p4756.pdf
Publication 4757,Individual Taxpayer Identification Number (ITIN),May 2025,06/24/2025,https://www.irs.gov/pub/irs-pdf/p4757.pdf
Publication 4761,Protecting Federal Tax Information: A Guide for Government Employees,Sep 2013,12/18/2013,https://www.irs.gov/pub/irs-pdf/p4761.pdf
Form 4768,Application for Extension of Time To File a Return and/or Pay U.S. Estate (and Generation-Skipping Transfer) Taxes,Feb 2020,03/12/2020,https://www.irs.gov/pub/irs-pdf/f4768.pdf
Instruction 4768,"Instructions for Form 4768, Application for Extension of Time To File a Return and/or Pay U.S. Estate (and Generation-Skipping Transfer) Taxes",Feb 2020,03/12/2020,https://www.irs.gov/pub/irs-pdf/i4768.pdf
Publication 4772,American Opportunity Tax Credit,May 2023,05/08/2023,https://www.irs.gov/pub/irs-pdf/p4772.pdf
Publication 4779,Facts about Terminating or Merging Your Exempt Organization,May 2009,07/17/2012,https://www.irs.gov/pub/irs-pdf/p4779.pdf
Publication 4782,Federal Income Tax Withholding after Leaving the Military - Life Cycle,Aug 2020,08/19/2020,https://www.irs.gov/pub/irs-pdf/p4782.pdf
Form 4797,Sales of Business Property,2025,12/17/2025,https://www.irs.gov/pub/irs-pdf/f4797.pdf
Instruction 4797,"Instructions for Form 4797, Sales of Business Property",2025,12/17/2025,https://www.irs.gov/pub/irs-pdf/i4797.pdf
Publication 4799,Common Questions and Answers Regarding Interactions Between the U.S. Probation Office and the Internal Revenue Service in Supervision Cases,Nov 2022,12/01/2022,https://www.irs.gov/pub/irs-pdf/p4799.pdf
Publication 4801,"Statistics of Income, Individual Income Tax Returns Line Item Estimates",Dec 2024,04/03/2025,https://www.irs.gov/pub/irs-pdf/p4801.pdf
Publication 4806,Profit-Sharing Plans for Small Business,Nov 2020,02/25/2021,https://www.irs.gov/pub/irs-pdf/p4806.pdf
Form 4808,Computation of Credit for Gift Tax,Nov 2016,07/18/2018,https://www.irs.gov/pub/irs-pdf/f4808.pdf
Form 4810,Request for Prompt Assessment Under Internal Revenue Code Section 6501(d),Aug 2022,08/24/2022,https://www.irs.gov/pub/irs-pdf/f4810.pdf
Publication 4810,"Specifications for Electronic Filing of Form 8955-SSA, Annual Registration Statement Identifying Separated Participants With Deferred Vested Benefits",Nov 2025,12/30/2025,https://www.irs.gov/pub/irs-pdf/p4810.pdf
Publication 4812,Contractor Security & Privacy Controls,Dec 2025,01/05/2026,https://www.irs.gov/pub/irs-pdf/p4812.pdf
Publication 4814,Post-Employment Restrictions for Former IRS and Office of Chief Counsel Employees,Sep 2024,09/18/2024,https://www.irs.gov/pub/irs-pdf/p4814.pdf
Publication 4825,Ten Things to Know About The Taxpayer Advocate Service and Seven Things to Know About Systemic Advocacy,May 2013,06/20/2013,https://www.irs.gov/pub/irs-pdf/p4825.pdf
Publication 4832,Internal Revenue Service Return Preparer Review,Dec 2009,07/17/2012,https://www.irs.gov/pub/irs-pdf/p4832.pdf
Form 4835,Farm Rental Income and Expenses,2025,01/09/2026,https://www.irs.gov/pub/irs-pdf/f4835.pdf
Publication 4836,VITA/TCE Free Tax Programs,Oct 2024,10/22/2024,https://www.irs.gov/pub/irs-pdf/p4836en.pdf
Publication 4839,"Annual Form 990 Filing Requirements for Tax-Exempt Organizations (Forms 990, 990-EZ, 990-PF and 990-N (e-Postcard))",Jan 2020,02/03/2020,https://www.irs.gov/pub/irs-pdf/p4839.pdf
Publication 4849,Can't Pay the Tax You Owe?,Feb 2021,03/05/2021,https://www.irs.gov/pub/irs-pdf/p4849.pdf
Form 4852,"Substitute for Form W-2, Wage and Tax Statement, or Form 1099-R, Distributions From Pensions, Annuities, Retirement or Profit-Sharing Plans, IRAs, Insurance Contracts, etc.",Sep 2020,09/09/2020,https://www.irs.gov/pub/irs-pdf/f4852.pdf
Publication 4852,Talkpoints for Managers - Federal Employee Tax Compliance Responsibilities,Mar 2020,03/18/2020,https://www.irs.gov/pub/irs-pdf/p4852.pdf
Publication 4857,Top W-7 Errors,Dec 2020,01/07/2021,https://www.irs.gov/pub/irs-pdf/p4857.pdf
Publication 4862,Small Business Health Care Tax Credit,Mar 2012,08/06/2012,https://www.irs.gov/pub/irs-pdf/p4862.pdf
Form 4868,Application for Automatic Extension of Time to File U.S. Individual Income Tax Return,2025,12/30/2025,https://www.irs.gov/pub/irs-pdf/f4868.pdf
Publication 4870,Financial Education and Asset Building (FEAB) Opportunities for Taxpayers,Sep 2024,10/09/2024,https://www.irs.gov/pub/irs-pdf/p4870.pdf
Form 4876-A,Election to Be Treated as an Interest Charge DISC,Sep 2016,09/02/2016,https://www.irs.gov/pub/irs-pdf/f4876a.pdf
Publication 4883,Grant Programs Resource Guide for VITA Volunteer Income Tax Assistance & TCE Tax Counseling for the Elderly,Sep 2025,09/22/2025,https://www.irs.gov/pub/irs-pdf/p4883.pdf
Publication 4885,Screening Sheet for Health Savings Accounts (HSA),Oct 2024,10/02/2024,https://www.irs.gov/pub/irs-pdf/p4885.pdf
Publication 4900,E-file and E-pay Your Heavy Highway Vehicle Use Tax,Jun 2022,07/14/2022,https://www.irs.gov/pub/irs-pdf/p4900.pdf
Publication 4902,Tax Tips for the Cosmetology and Barber Industry,Feb 2011,07/17/2012,https://www.irs.gov/pub/irs-pdf/p4902.pdf
Publication 4921,Tax Problems and Nowhere to Turn? Contact the Taxpayer Advocate Service,Jun 2013,06/03/2013,https://www.irs.gov/pub/irs-pdf/p4921.pdf
Publication 4924,Get Right With Your Taxes - Facilitator's Guide for Prisoner Re-entry Education Program,May 2021,05/19/2021,https://www.irs.gov/pub/irs-pdf/p4924.pdf
Publication 4925,Get Right With Your Taxes,May 2021,05/12/2021,https://www.irs.gov/pub/irs-pdf/p4925.pdf
Publication 4929,Is Your Refund or Tax Bill Too Big?,Sep 2019,09/12/2019,https://www.irs.gov/pub/irs-pdf/p4929.pdf
Publication 4932,Gaming Industry Tip Compliance Agreement (GITCA),Feb 2016,11/13/2017,https://www.irs.gov/pub/irs-pdf/p4932.pdf
Publication 4935,Guide to Everything Earned Income Tax Credit for Individuals,Nov 2014,08/20/2015,https://www.irs.gov/pub/irs-pdf/p4935.pdf
Publication 4936,Your Guide to Maintaining and Complying with GITCA,Jul 2022,07/11/2022,https://www.irs.gov/pub/irs-pdf/p4936.pdf
Publication 4938,Federal Tax Return Preparers: What You Should Know,Jun 2016,05/23/2016,https://www.irs.gov/pub/irs-pdf/p4938.pdf
Publication 4940,Tax Information for Active Duty Military and Reserve Personnel,Aug 2011,07/17/2012,https://www.irs.gov/pub/irs-pdf/p4940.pdf
Publication 4941,Attention Truckers - No Dyed Fuel in Highway Vehicles,Jan 2012,07/17/2012,https://www.irs.gov/pub/irs-pdf/p4941.pdf
Publication 4942,VITA/TCE Specialty Course - Health Savings Accounts (HSA),Oct 2022,11/08/2022,https://www.irs.gov/pub/irs-pdf/p4942.pdf
Publication 4944,Do You Know Your Options?,Feb 2016,02/26/2016,https://www.irs.gov/pub/irs-pdf/p4944.pdf
Form 4952,Investment Interest Expense Deduction,2025,10/17/2025,https://www.irs.gov/pub/irs-pdf/f4952.pdf
Publication 4961,VITA/TCE Volunteer Standards of Conduct - Ethics Training,Oct 2025,10/20/2025,https://www.irs.gov/pub/irs-pdf/p4961.pdf
Publication 4962,Employee Benefit Plans: Explanation No. 2A Minimum Vesting Standards Defined Benefit Plans,Jun 2021,06/16/2021,https://www.irs.gov/pub/irs-pdf/p4962.pdf
Publication 4964,Employee Benefit Plans: Explanation No. 5B Permitted Disparity,Jun 2021,06/16/2021,https://www.irs.gov/pub/irs-pdf/p4964.pdf
Publication 4965,Employee Benefit Plans: Explanation No. 5A Safe Harbor Nondiscrimination Requirements Defined Benefit Plans,Jun 2021,06/16/2021,https://www.irs.gov/pub/irs-pdf/p4965.pdf
Publication 4967,IRS Twitter Account,Jan 2012,07/17/2012,https://www.irs.gov/pub/irs-pdf/p4967.pdf
Form 4970,Tax on Accumulation Distribution of Trusts,2025,12/22/2025,https://www.irs.gov/pub/irs-pdf/f4970.pdf
Form 4972,Tax on Lump-Sum Distributions,2025,11/12/2025,https://www.irs.gov/pub/irs-pdf/f4972.pdf
Publication 4974,"Publication 4974, File Your Taxes Yourself For Free",Jan 2012,07/17/2012,https://www.irs.gov/pub/irs-pdf/p4974.pdf
Form 4977,Schedule of Tax Liability,Feb 2002,07/17/2012,https://www.irs.gov/pub/irs-pdf/f4977.pdf
Publication 4982,Tuition Statements - Information Worth Knowing,Feb 2012,07/17/2012,https://www.irs.gov/pub/irs-pdf/p4982.pdf
Publication 4985,Gaming Industry Tip Compliance Agreement - for Tipped Employees,Feb 2016,05/11/2020,https://www.irs.gov/pub/irs-pdf/p4985.pdf
Publication 4990,Payment Instruction Booklet For Business & Individual Taxpayers,Oct 2024,10/21/2024,https://www.irs.gov/pub/irs-pdf/p4990.pdf
Publication 4991,Automatic Revocation of Tax-Exempt Status,Feb 2014,03/25/2014,https://www.irs.gov/pub/irs-pdf/p4991.pdf
Publication 5005,Your Responsibilities as a Conduit Issuer of Tax-Exempt Bonds,Sep 2019,09/11/2019,https://www.irs.gov/pub/irs-pdf/p5005.pdf
Publication 5022,Fast Track Settlement - A Process for Prompt Resolution of Small Business Self Employed Tax Issues,Sep 2021,02/01/2022,https://www.irs.gov/pub/irs-pdf/p5022.pdf
Publication 5027,Identity Theft Information for Taxpayers,May 2018,06/08/2018,https://www.irs.gov/pub/irs-pdf/p5027.pdf
Publication 5033,IRS External Leads Program: Fact Sheet on Submitting Leads,Mar 2022,12/12/2022,https://www.irs.gov/pub/irs-pdf/p5033.pdf
Publication 5035,Partnership Returns Line Item Estimates 2023,Dec 2025,12/18/2025,https://www.irs.gov/pub/irs-pdf/p5035.pdf
Publication 5039,Terms and Conditions of Registration for Form 637,Dec 2021,04/19/2022,https://www.irs.gov/pub/irs-pdf/p5039.pdf
Publication 5041,IRS Supplemental Instructions for the Treasury FMS Interagency Agreement (IAA) (Forms 7600 & 7600B),Aug 2012,09/07/2012,https://www.irs.gov/pub/irs-pdf/p5041.pdf
Publication 5046,Volunteer to Help Others Help Themselves,Oct 2021,10/07/2021,https://www.irs.gov/pub/irs-pdf/p5046.pdf
Publication 5047,Facilitated Self Assistance for SPEC Partners,Oct 2021,10/20/2021,https://www.irs.gov/pub/irs-pdf/p5047.pdf
Publication 5055,Free Tax Return Preparation - Don't want to wait?,Dec 2015,05/13/2020,https://www.irs.gov/pub/irs-pdf/p5055.pdf
Publication 5059,How to prepare a Collection Information Statement (Form 433-B),May 2019,05/08/2019,https://www.irs.gov/pub/irs-pdf/p5059.pdf
Publication 5066,Low Income Taxpayer Clinic Program Report,Mar 2026,03/30/2026,https://www.irs.gov/pub/irs-pdf/p5066.pdf
Publication 5066-A,Low Income Taxpayer Clinics (Infographic),Nov 2025,11/21/2025,https://www.irs.gov/pub/irs-pdf/p5066a.pdf
Publication 5067,Voluntary Classified Settlement,Oct 2023,11/17/2023,https://www.irs.gov/pub/irs-pdf/p5067.pdf
Form 5074,Allocation of Individual Income Tax to Guam or the Commonwealth of the Northern Mariana Islands (CNMI),2025,10/31/2025,https://www.irs.gov/pub/irs-pdf/f5074.pdf
Publication 5074,Protect Your Tax Refund,Feb 2013,05/21/2013,https://www.irs.gov/pub/irs-pdf/p5074.pdf
Publication 5075,Refundable Tax Credits,Jun 2023,08/04/2023,https://www.irs.gov/pub/irs-pdf/p5075.pdf
Publication 5077,Low Income Taxpayer Clinics (LITC) Pro Bono Panel Recruitment,Jul 2023,08/23/2023,https://www.irs.gov/pub/irs-pdf/p5077.pdf
Publication 5078,Assurance Testing System (ATS) Guidelines for Modernized e-File (MeF) Business Submissions,Dec 2025,01/27/2026,https://www.irs.gov/pub/irs-pdf/p5078.pdf
Publication 5080,Form 4137 Compliance Program Frequently Asked Questions,Apr 2013,04/22/2013,https://www.irs.gov/pub/irs-pdf/p5080.pdf
Publication 5081,Education Credits Online Resource Guide,Dec 2025,01/27/2026,https://www.irs.gov/pub/irs-pdf/p5081.pdf
Publication 5082,What You Should Know About Chapter 13 Bankruptcy and Delinquent Tax Returns,Sep 2022,09/14/2022,https://www.irs.gov/pub/irs-pdf/p5082.pdf
Publication 5084,IRS Congressional Update Newsletter,Apr 2026,04/08/2026,https://www.irs.gov/pub/irs-pdf/p5084.pdf
Publication 5087,VITA/TCE Foreign Student and Scholar Resource Guide,Oct 2025,10/23/2025,https://www.irs.gov/pub/irs-pdf/p5087fs.pdf
Publication 5088,VITA/TCE Site Coordinator Training,Oct 2025,10/21/2025,https://www.irs.gov/pub/irs-pdf/p5088.pdf
Publication 5089,Credit Unions - Using Volunteer Income Tax Assistance - VITA to serve the community,Dec 2020,03/16/2021,https://www.irs.gov/pub/irs-pdf/p5089.pdf
Publication 5089-A,Financial Institutions - Using Volunteer Income Tax Assistance - VITA to serve the community,Jul 2024,11/18/2024,https://www.irs.gov/pub/irs-pdf/p5089a.pdf
Publication 5090,Educational Institutions Making a Difference,Oct 2023,10/05/2023,https://www.irs.gov/pub/irs-pdf/p5090.pdf
Publication 5091,Voluntary Compliance for Tax-Exempt and Tax-Credit Bonds,Mar 2016,03/09/2016,https://www.irs.gov/pub/irs-pdf/p5091.pdf
Publication 5092,Fast Track Settlement A Process Resolution of Tax Exempt and Government Entities (TE/GE) Tax Issues,Sep 2017,09/29/2017,https://www.irs.gov/pub/irs-pdf/p5092.pdf
Publication 5093,Healthcare Law Online Resources,Jul 2013,12/18/2013,https://www.irs.gov/pub/irs-pdf/p5093.pdf
Publication 5101,VITA/TCE Intake/Interview and Quality Review Training,Oct 2025,10/10/2025,https://www.irs.gov/pub/irs-pdf/p5101.pdf
Publication 5102,IRS Social Media - Equipping You,Mar 2024,03/26/2024,https://www.irs.gov/pub/irs-pdf/p5102.pdf
Publication 5107,The IRS Collection Process -- Your Rights and Responsibilities,Mar 2018,05/13/2020,https://www.irs.gov/pub/irs-pdf/p5107.pdf
Publication 5108,Statistics of Income Corporation Income Tax Returns Line Item Estimates Tax Year 2022,Sep 2025,12/15/2025,https://www.irs.gov/pub/irs-pdf/p5108.pdf
Publication 5111,Gaming Industry Tip Compliance Agreement (GITCA) Benefits to Participants,Feb 2016,05/11/2020,https://www.irs.gov/pub/irs-pdf/p5111.pdf
Publication 5112,Tip Rate Determination Agreement (TRDA) Benefits to Participants,Feb 2016,05/11/2020,https://www.irs.gov/pub/irs-pdf/p5112.pdf
Publication 5115,Municipal Agency Partnering Program,Aug 2013,09/17/2013,https://www.irs.gov/pub/irs-pdf/p5115.pdf
Publication 5117,Forms & Publications Useful Links,Dec 2015,05/18/2020,https://www.irs.gov/pub/irs-pdf/p5117.pdf
Publication 5118,Foreign Account Tax Compliance Act (FATCA) Online Registration User Guide,Apr 2025,04/03/2025,https://www.irs.gov/pub/irs-pdf/p5118.pdf
Publication 5120,Premium Tax Credit,Feb 2018,03/14/2018,https://www.irs.gov/pub/irs-pdf/p5120.pdf
Publication 5123,Got a tax bill you can't pay?,Jul 2024,07/01/2024,https://www.irs.gov/pub/irs-pdf/p5123.pdf
Publication 5124,FATCA XML User Guide,Apr 2017,04/19/2017,https://www.irs.gov/pub/irs-pdf/p5124.pdf
Publication 5125,Large Business & International Examination Process,Sep 2025,09/03/2025,https://www.irs.gov/pub/irs-pdf/p5125.pdf
Form 5129,"Questionnaire-Filing Status, Exemptions, and Standard Deduction",Dec 2007,07/17/2012,https://www.irs.gov/pub/irs-pdf/f5129.pdf
Publication 5136,IRS Services Guide,Jan 2025,02/11/2025,https://www.irs.gov/pub/irs-pdf/p5136.pdf
Publication 5136-A,IRS Services for Individuals,Aug 2020,08/26/2020,https://www.irs.gov/pub/irs-pdf/p5136a.pdf
Publication 5137,Fringe Benefit Guide,Oct 2022,10/14/2022,https://www.irs.gov/pub/irs-pdf/p5137.pdf
Publication 5138,Quick Reference Guide for Public Employers,Feb 2014,02/12/2014,https://www.irs.gov/pub/irs-pdf/p5138.pdf
Publication 5139,Employee Benefit Plans Explanation Number 14 Section 436 Limitations Defined Benefit Plans,Jun 2021,06/15/2021,https://www.irs.gov/pub/irs-pdf/p5139.pdf
Publication 5140,VITA/TCE Site and Return Reviews for SPEC Partners,Nov 2025,11/13/2025,https://www.irs.gov/pub/irs-pdf/p5140.pdf
Publication 5144,Federal Income Tax and FICA Withholding for Foreign Agricultural Workers with an H-2A Visa,Jun 2014,07/08/2014,https://www.irs.gov/pub/irs-pdf/p5144.pdf
Publication 5146,Employment Tax Returns: Examinations and Appeal Rights,Jan 2026,01/28/2026,https://www.irs.gov/pub/irs-pdf/p5146.pdf
Publication 5147,(FATCA)Foreign Financial Institution(FFI)List Search and Download Tool User Guide,Jul 2021,07/06/2021,https://www.irs.gov/pub/irs-pdf/p5147.pdf
Publication 5149,Making an Administrative Return of Property Claim Under Internal Revenue Code (IRC) Section 6343(d),May 2018,05/07/2018,https://www.irs.gov/pub/irs-pdf/p5149.pdf
Publication 5152,Report changes to the Marketplace as they happen,May 2016,05/13/2016,https://www.irs.gov/pub/irs-pdf/p5152.pdf
Publication 5153,Appeal Procedures - Adverse Determination Letter on Qualification of a Retirement Plan,Oct 2015,10/21/2015,https://www.irs.gov/pub/irs-pdf/p5153.pdf
Publication 5164,Test Package for Electronic Filers of Affordable Care Act (ACA) Information Returns (AIR),Dec 2025,02/13/2026,https://www.irs.gov/pub/irs-pdf/p5164.pdf
Publication 5164-A,Test Package for Electronic Filers of Affordable Care Act (ACA) Information Returns (AIR),Oct 2015,12/17/2015,https://www.irs.gov/pub/irs-pdf/p5164a.pdf
Publication 5165,Guide for Electronically Filing Affordable Care Act (ACA) Information Returns for Software Developers and Transmitters,Dec 2025,12/10/2025,https://www.irs.gov/pub/irs-pdf/p5165.pdf
Publication 5166,VITA/TCE Volunteer Quality Site Requirements,Oct 2025,10/15/2025,https://www.irs.gov/pub/irs-pdf/p5166.pdf
Publication 5169,Taxpayer Bill of Rights,Jul 2014,08/09/2016,https://www.irs.gov/pub/irs-pdf/p5169.pdf
Publication 5170,Taxpayer Bill of Rights,Jul 2014,09/19/2014,https://www.irs.gov/pub/irs-pdf/p5170.pdf
Publication 5172,Facts about Health Coverage Exemptions,May 2018,06/29/2018,https://www.irs.gov/pub/irs-pdf/p5172.pdf
Publication 5176,VITA/TCE Partner Template Toolkit,Nov 2014,11/13/2014,https://www.irs.gov/pub/irs-pdf/p5176.pdf
Publication 5179,BMF Online Payment Agreement Application,Feb 2024,02/27/2024,https://www.irs.gov/pub/irs-pdf/p5179.pdf
Publication 5181,"Tax Return Reviews by Mail CP2000, Letter 2030, CP2501, Letter 2531",Dec 2022,12/13/2022,https://www.irs.gov/pub/irs-pdf/p5181.pdf
Publication 5186,Continuing Education (CE) Requirements Chart for Enrollment Renewal,Feb 2026,03/02/2026,https://www.irs.gov/pub/irs-pdf/p5186.pdf
Publication 5187,Affordable Care Act: What you and Your Family Need to Know,Feb 2021,02/11/2021,https://www.irs.gov/pub/irs-pdf/p5187.pdf
Publication 5188,FATCA Metadata XML Schema User Guide,Jul 2020,08/10/2020,https://www.irs.gov/pub/irs-pdf/p5188.pdf
Publication 5189,FATCA Reports International Compliance Management Model (ICMM) Notifications User Guide,Sep 2020,09/21/2020,https://www.irs.gov/pub/irs-pdf/p5189.pdf
Publication 5190,Foreign Account Tax Compliance Act (FATCA) - International Data Exchange Services (IDES) User Guide,Apr 2025,04/17/2025,https://www.irs.gov/pub/irs-pdf/p5190.pdf
Publication 5192,Ten Key Points for Communicating with People with Disabilities,Dec 2014,06/05/2015,https://www.irs.gov/pub/irs-pdf/p5192.pdf
Publication 5193,Preparing your Federal Tax Return: Claiming and Reporting Health Coverage Exemptions,Jan 2015,01/12/2015,https://www.irs.gov/pub/irs-pdf/p5193.pdf
Publication 5195,The Premium Tax Credit and Your Tax Return,Jan 2015,01/12/2015,https://www.irs.gov/pub/irs-pdf/p5195.pdf
Publication 5198,Are you or a family member attending college or taking courses to acquire or improve job skills?,Dec 2025,02/13/2026,https://www.irs.gov/pub/irs-pdf/p5198.pdf
Publication 5199,Tax Preparer Guide to Identity Theft,Aug 2017,10/27/2017,https://www.irs.gov/pub/irs-pdf/p5199.pdf
Publication 5200,Affordable Care Act: What employers need to know,May 2018,06/11/2018,https://www.irs.gov/pub/irs-pdf/p5200.pdf
Publication 5206,Plain Writing Act Compliance Report,Aug 2017,10/10/2017,https://www.irs.gov/pub/irs-pdf/p5206.pdf
Publication 5208,Affordable Care Act: Determining if you are an applicable large employer,Mar 2018,05/04/2018,https://www.irs.gov/pub/irs-pdf/p5208.pdf
Publication 5209,Preparing your 2014 Return - the shared responsibility payment,Feb 2015,03/10/2015,https://www.irs.gov/pub/irs-pdf/p5209.pdf
Form 5213,Election to Postpone Determination As To Whether the Presumption Applies That an Activity is Engaged in for Profit,Feb 2006,07/17/2012,https://www.irs.gov/pub/irs-pdf/f5213.pdf
Publication 5216,FATCA Reports International Compliance Management Model (ICMM) Notification XML Schema User Guide,Aug 2020,09/02/2020,https://www.irs.gov/pub/irs-pdf/p5216.pdf
Publication 5223,"General Rules & Specifications for Affordable Care Act Substitute Forms 1095-A, 1094-B, 1095-B, 1094-C, and 1095-C",Nov 2025,01/29/2026,https://www.irs.gov/pub/irs-pdf/p5223.pdf
Form 5227,Split-Interest Trust Information Return,2025,11/26/2025,https://www.irs.gov/pub/irs-pdf/f5227.pdf
Instruction 5227,"Instructions for Form 5227, Split-Interest Trust Information Return",2025,12/12/2025,https://www.irs.gov/pub/irs-pdf/i5227.pdf
Publication 5227,A Guide to the Annual Filing Season Program,Apr 2023,06/21/2023,https://www.irs.gov/pub/irs-pdf/p5227.pdf
Publication 5230,Communicating Comfortably with Blind or Visually Impaired Persons,Nov 2015,12/11/2015,https://www.irs.gov/pub/irs-pdf/p5230.pdf
Publication 5231,Key Points for Communicating with People who are Deaf and Hard of Hearing,Nov 2015,12/11/2015,https://www.irs.gov/pub/irs-pdf/p5231.pdf
Publication 5241,IRS Whistleblower Office Fiscal Year Annual Report,May 2025,07/29/2025,https://www.irs.gov/pub/irs-pdf/p5241.pdf
Publication 5244,Social Media Toolkit,Jul 2017,09/16/2017,https://www.irs.gov/pub/irs-pdf/p5244.pdf
Publication 5245,Tax Counseling for the Elderly (TCE) Program Terms and Conditions,Aug 2025,09/22/2025,https://www.irs.gov/pub/irs-pdf/p5245.pdf
Publication 5247,Volunteer Income Tax Assistance (VITA) Terms and Conditions,Aug 2025,09/22/2025,https://www.irs.gov/pub/irs-pdf/p5247.pdf
Publication 5248,IRS Form 990-N Electronic Filing System (e-Postcard) User Guide,Aug 2023,08/10/2023,https://www.irs.gov/pub/irs-pdf/p5248.pdf
Publication 5249,Fingerprint Card Instructions for Voluntary Certification of Professional Employer Organizations,Jan 2024,06/06/2024,https://www.irs.gov/pub/irs-pdf/p5249.pdf
Publication 5250,How to Pay Taxes with Cash at a Retail Partner,Feb 2020,03/24/2020,https://www.irs.gov/pub/irs-pdf/p5250.pdf
Publication 5251,The Whistleblower Claim Process,Sep 2022,10/11/2022,https://www.irs.gov/pub/irs-pdf/p5251.pdf
Publication 5252,Enroll in the IRS eLevy Program today,Nov 2024,11/19/2024,https://www.irs.gov/pub/irs-pdf/p5252.pdf
Publication 5258,Affordable Care Act (ACA) Information Returns (AIR) Submission Composition and Reference Guide,Dec 2025,12/10/2025,https://www.irs.gov/pub/irs-pdf/p5258.pdf
Publication 5261,ITIN Outreach Products,Jun 2019,06/21/2019,https://www.irs.gov/pub/irs-pdf/p5261.pdf
Publication 5262,FATCA QI/WP/WT Application and Account Management User Guide,Oct 2022,10/20/2022,https://www.irs.gov/pub/irs-pdf/p5262.pdf
Publication 5264,Your Exam Rights - The IRS 8300 Examination Process,Dec 2016,12/22/2016,https://www.irs.gov/pub/irs-pdf/p5264.pdf
Publication 5271,Complying With Arbitrage Requirements: A Guide for Issuers of Tax-Exempt Bonds,Sep 2019,09/11/2019,https://www.irs.gov/pub/irs-pdf/p5271.pdf
Publication 5274,IRS Free File Fillable Forms User's Guide,Jan 2026,01/26/2026,https://www.irs.gov/pub/irs-pdf/p5274.pdf
Publication 5275,EITC - Earned Income Tax Credit,Jan 2017,02/15/2017,https://www.irs.gov/pub/irs-pdf/p5275.pdf
Publication 5279,Your Pathway to Becoming an Enrolled Agent Starts Here,Apr 2025,07/01/2025,https://www.irs.gov/pub/irs-pdf/p5279.pdf
Publication 5285,IRS Interpreter Services Do You Speak (Multi-Language),Mar 2023,11/02/2023,https://www.irs.gov/pub/irs-pdf/p5285.pdf
Publication 5286,National Taxpayer Advocate Purple Book: Compilation of Legislative Recommendations to Strengthen Taxpayer Rights and Improve Tax Administration,Dec 2025,02/13/2026,https://www.irs.gov/pub/irs-pdf/p5286.pdf
Publication 5293,Protect Your Clients; Protect Yourself - Data Security Resource Guide for Tax Professionals,May 2018,05/31/2018,https://www.irs.gov/pub/irs-pdf/p5293.pdf
Publication 5295,Secure Messaging for Tax Exempt and Government Entities (TEGE),Aug 2021,08/30/2021,https://www.irs.gov/pub/irs-pdf/p5295.pdf
Publication 5296,Comprehensive Taxpayer Attitude Survey (CTAS) Executive Report,Dec 2024,02/12/2025,https://www.irs.gov/pub/irs-pdf/p5296.pdf
Publication 5299,VITA/TCE Quality Review Refresher,Aug 2022,07/28/2022,https://www.irs.gov/pub/irs-pdf/p5299.pdf
Form 5300,Application for Determination for Employee Benefit Plan,Jan 2017,06/30/2022,https://www.irs.gov/pub/irs-pdf/f5300.pdf
Instruction 5300,"Instructions for Form 5300, Application for Determination for Employee Benefit Plan",Jun 2023,05/31/2023,https://www.irs.gov/pub/irs-pdf/i5300.pdf
Publication 5300,Transfer Pricing Examination Process,Sep 2020,09/23/2020,https://www.irs.gov/pub/irs-pdf/p5300.pdf
Publication 5301,Electronic Federal Tax Payment System - Batch Provider Software User Manual,Dec 2019,02/21/2020,https://www.irs.gov/pub/irs-pdf/p5301.pdf
Publication 5303,Paycheck Checkup,Sep 2019,09/12/2019,https://www.irs.gov/pub/irs-pdf/p5303.pdf
Form 5304-SIMPLE,Savings Incentive Match Plan for Employees of Small Employers (SIMPLE) - Not for Use With a Designated Financial Institution,Mar 2012,08/06/2012,https://www.irs.gov/pub/irs-pdf/f5304sim.pdf
Form 5305,Traditional Individual Retirement Trust Account,Apr 2017,09/16/2017,https://www.irs.gov/pub/irs-pdf/f5305.pdf
Form 5305-A,Traditional Individual Retirement Custodial Account,Apr 2017,09/16/2017,https://www.irs.gov/pub/irs-pdf/f5305a.pdf
Form 5305-A-SEP,Salary Reduction and Other Elective Simplified Employee Pension - Individual Retirement Accounts Contribution Agreement,Jun 2006,07/17/2012,https://www.irs.gov/pub/irs-pdf/f5305ase.pdf
Form 5305-B,Health Savings Trust Account,Oct 2016,02/08/2017,https://www.irs.gov/pub/irs-pdf/f5305b.pdf
Form 5305-C,Health Savings Custodial Account,Oct 2016,02/08/2017,https://www.irs.gov/pub/irs-pdf/f5305c.pdf
Form 5305-E,Coverdell Education Savings Trust Account (Under section 530 of the Internal Revenue Code),Oct 2016,02/08/2017,https://www.irs.gov/pub/irs-pdf/f5305e.pdf
Form 5305-EA,Coverdell Education Savings Custodial Account (Under section 530 of the Internal Revenue Code),Oct 2016,02/08/2017,https://www.irs.gov/pub/irs-pdf/f5305ea.pdf
Form 5305-R,Roth Individual Retirement Trust Account,Apr 2017,09/16/2017,https://www.irs.gov/pub/irs-pdf/f5305r.pdf
Form 5305-RA,Roth Individual Retirement Custodial Account,Apr 2017,09/16/2017,https://www.irs.gov/pub/irs-pdf/f5305ra.pdf
Form 5305-RB,Roth Individual Retirement Annuity Endorsement,Apr 2017,09/16/2017,https://www.irs.gov/pub/irs-pdf/f5305rb.pdf
Form 5305-S,SIMPLE Individual Retirement Trust Account,Apr 2017,09/16/2017,https://www.irs.gov/pub/irs-pdf/f5305s.pdf
Form 5305-SA,SIMPLE Individual Retirement Custodial Account,Apr 2017,09/16/2017,https://www.irs.gov/pub/irs-pdf/f5305sa.pdf
Form 5305-SEP,Simplified Employee Pension - Individual Retirement Accounts Contribution Agreement,Dec 2004,07/17/2012,https://www.irs.gov/pub/irs-pdf/f5305sep.pdf
Form 5305-SIMPLE,Savings Incentive Match Plan for Employees of Small Employers (SIMPLE) - for Use With a Designated Financial Institution,Mar 2012,08/06/2012,https://www.irs.gov/pub/irs-pdf/f5305sim.pdf
Form 5306,Application for Approval of Prototype or Employer Sponsored Individual Retirement Arrangement (IRA),Nov 2019,11/13/2019,https://www.irs.gov/pub/irs-pdf/f5306.pdf
Form 5306-A,Application for Approval of Prototype Simplified Employee Pension (SEP) or Savings Incentive Match Plan for Employees of Small Employers (SIMPLE IRA Plan),Nov 2019,11/13/2019,https://www.irs.gov/pub/irs-pdf/f5306a.pdf
Form 5307,Application for Determination for Adopters of Modified Volume Submitter Plans (Info Copy Only),Jun 2014,06/29/2023,https://www.irs.gov/pub/irs-pdf/f5307.pdf
Instruction 5307,"Instructions for Form 5307, Application for Determination for Adopters of Modified Nonstandardized Pre-Approved Plans",Dec 2024,01/02/2025,https://www.irs.gov/pub/irs-pdf/i5307.pdf
Form 5308,Request for Change in Plan/Trust Year,Nov 2019,11/13/2019,https://www.irs.gov/pub/irs-pdf/f5308.pdf
Publication 5308,Guide for Automated Enrollment For Affordable Care Act (ACA) Providers,Jun 2025,09/11/2025,https://www.irs.gov/pub/irs-pdf/p5308.pdf
Form 5309,Application for Determination of Employee Stock Ownership Plan,Jan 2012,07/17/2012,https://www.irs.gov/pub/irs-pdf/f5309.pdf
Form 5310,Application for Determination Upon Termination (Info Copy Only),Dec 2013,08/30/2021,https://www.irs.gov/pub/irs-pdf/f5310.pdf
Instruction 5310,"Instructions for Form 5310, Application for Determination for Terminating Plan",Apr 2025,04/30/2025,https://www.irs.gov/pub/irs-pdf/i5310.pdf
Publication 5310,VITA/TCE Tax Return Quality Review Job Aid,Oct 2022,10/24/2022,https://www.irs.gov/pub/irs-pdf/p5310.pdf
Form 5310-A,"Notice of Plan Merger or Consolidation, Spinoff, or Transfer of Plan Assets or Liabilities; Notice of Qualified Separate Lines of Business",Nov 2010,11/27/2019,https://www.irs.gov/pub/irs-pdf/f5310a.pdf
Instruction 5310-A,"Instructions for Form 5310-A, Notice of Plan Merger or Consolidation, Spinoff, or Transfer of Plan Assets or Liabilities; Notice of Qualified Separate Lines of Business",Dec 2025,01/15/2026,https://www.irs.gov/pub/irs-pdf/i5310a.pdf
Publication 5313,Tax Exempt & Government Entities (TE/GE) Program Letter,Feb 2026,02/25/2026,https://www.irs.gov/pub/irs-pdf/p5313.pdf
Publication 5314,Statistics of Income Transactions of Foreign-Owned Corporations Line Item Estimates,Sep 2024,09/24/2024,https://www.irs.gov/pub/irs-pdf/p5314.pdf
Publication 5315,Information Reporting Advisory Committee Public Report,Oct 2018,05/15/2020,https://www.irs.gov/pub/irs-pdf/p5315.pdf
Form 5316,Application for Group or Pooled Trust Ruling,Dec 2021,06/29/2023,https://www.irs.gov/pub/irs-pdf/f5316.pdf
Instruction 5316,"Instructions for Form 5316, Application for Group or Pooled Trust Ruling",May 2023,05/31/2023,https://www.irs.gov/pub/irs-pdf/i5316.pdf
Publication 5316,Internal Revenue Service Advisory Council Public Report,Jan 2026,02/05/2026,https://www.irs.gov/pub/irs-pdf/p5316.pdf
Publication 5319,LB&I Focus Guide,Jan 2026,01/27/2026,https://www.irs.gov/pub/irs-pdf/p5319.pdf
Publication 5323,Fact Sheet: Filing Season Quality and Oversight Updates for SPEC Partners and Employees,Dec 2025,12/30/2025,https://www.irs.gov/pub/irs-pdf/p5323.pdf
Publication 5324,Fact Sheet: Quality Site Requirements for Alternative Filing Models for SPEC Partners and Employees,Oct 2025,10/16/2025,https://www.irs.gov/pub/irs-pdf/p5324.pdf
Publication 5325,Fact Sheet: Filing Season Training for SPEC Partners and Volunteers,Dec 2025,12/30/2025,https://www.irs.gov/pub/irs-pdf/p5325.pdf
Publication 5327,New Tax Credit for Employers Who Provide Paid Family and Medical Leave,Nov 2018,12/07/2018,https://www.irs.gov/pub/irs-pdf/p5327.pdf
Publication 5328,Statement of Administrative and Constitutional Rights,Feb 2019,03/14/2019,https://www.irs.gov/pub/irs-pdf/p5328.pdf
Form 5329,Additional Taxes on Qualified Plans (Including IRAs) and Other Tax-Favored Accounts,2025,12/01/2025,https://www.irs.gov/pub/irs-pdf/f5329.pdf
Instruction 5329,"Instructions for Form 5329, Additional Taxes on Qualified Plans (Including IRAs) and Other Tax-Favored Accounts",2025,12/04/2025,https://www.irs.gov/pub/irs-pdf/i5329.pdf
Form 5330,Return of Excise Taxes Related to Employee Benefit Plans,Dec 2025,01/13/2026,https://www.irs.gov/pub/irs-pdf/f5330.pdf
Instruction 5330,"Instructions for Form 5330, Return of Excise Taxes Related to Employee Benefit Plans",Dec 2025,02/25/2026,https://www.irs.gov/pub/irs-pdf/i5330.pdf
Publication 5331,Nonprofit Charitable and Other Tax-Exempt Organizations,Jul 2023,07/25/2023,https://www.irs.gov/pub/irs-pdf/p5331.pdf
Publication 5332,Estate Tax Returns Filed for Wealthy Decedents,Oct 2024,10/09/2024,https://www.irs.gov/pub/irs-pdf/p5332.pdf
Publication 5335,IRS History Timeline,Apr 2019,07/09/2019,https://www.irs.gov/pub/irs-pdf/p5335.pdf
Publication 5336,IRS Integrated Modernization Business Plan,Apr 2019,08/02/2019,https://www.irs.gov/pub/irs-pdf/p5336.pdf
Publication 5337,Individual Noncash Charitable Contributions,Feb 2025,02/20/2025,https://www.irs.gov/pub/irs-pdf/p5337.pdf
Publication 5338,Partnerships Returns One Sheet,Apr 2025,04/08/2025,https://www.irs.gov/pub/irs-pdf/p5338.pdf
Publication 5341,The Taxpayer Roadmap,Mar 2025,03/24/2025,https://www.irs.gov/pub/irs-pdf/p5341.pdf
Publication 5343,Helpful Hints for Indian Tribes and Tribal Entities to Avoid Penalties on Federal Tax Deposits and Information Returns,Aug 2019,09/17/2019,https://www.irs.gov/pub/irs-pdf/p5343.pdf
Publication 5346,"Instructions for Form 8980, Partnership Request for Modification of Imputed Underpayments Under IRC Section 6225(c)",Dec 2024,12/04/2024,https://www.irs.gov/pub/irs-pdf/p5346.pdf
Publication 5347,Fact Sheet: Quality Statistical Sample Review Results for SPEC Partners and Employees,Jul 2025,08/20/2025,https://www.irs.gov/pub/irs-pdf/p5347.pdf
Publication 5348,Get Ready to File,Dec 2024,01/08/2025,https://www.irs.gov/pub/irs-pdf/p5348.pdf
Publication 5348-A,Get Ready To File Taxes,Dec 2025,02/06/2026,https://www.irs.gov/pub/irs-pdf/p5348a.pdf
Publication 5349,Year-Round Tax Planning Is For Everyone,Dec 2025,12/16/2025,https://www.irs.gov/pub/irs-pdf/p5349.pdf
Publication 5349-A,Year-Round Planning for Taxes,Dec 2025,02/06/2026,https://www.irs.gov/pub/irs-pdf/p5349a.pdf
Publication 5351,Unsolicited Proposal Guide,Apr 2022,05/10/2022,https://www.irs.gov/pub/irs-pdf/p5351.pdf
Publication 5352,"Individual Income Tax Returns with Small Business Income and Losses, Tax Years 2015-2017",Aug 2019,10/31/2019,https://www.irs.gov/pub/irs-pdf/p5352.pdf
Publication 5353,Fact Sheet: Intake/Interview & Quality Review Policy for SPEC Partners and Employees,Oct 2022,09/23/2022,https://www.irs.gov/pub/irs-pdf/p5353.pdf
Publication 5354,Criminal Tax Bulletin,Mar 2026,04/07/2026,https://www.irs.gov/pub/irs-pdf/p5354.pdf
Publication 5356,IRS Small Business Program,Mar 2023,10/25/2023,https://www.irs.gov/pub/irs-pdf/p5356.pdf
Publication 5358,Fact Sheet: VITA/TCE Training and Site Materials for SPEC Partners and Employees,Nov 2025,09/26/2025,https://www.irs.gov/pub/irs-pdf/p5358.pdf
Publication 5360,Paycheck Checkup using the IRS Tax Withholding Estimator,Jun 2022,06/21/2022,https://www.irs.gov/pub/irs-pdf/p5360.pdf
Publication 5361,Fact Sheet: TaxSlayer Procedural Updates,Aug 2025,10/07/2025,https://www.irs.gov/pub/irs-pdf/p5361.pdf
Publication 5362,Fact Sheet: Continuing Education Credits for VITA/TCE Partners and Volunteers,Sep 2024,09/16/2024,https://www.irs.gov/pub/irs-pdf/p5362.pdf
Publication 5364,Individual Income Tax Gap Estimates Executive Summary,Oct 2022,10/28/2022,https://www.irs.gov/pub/irs-pdf/p5364.pdf
Publication 5365,Tax Gap Map,Oct 2022,10/28/2022,https://www.irs.gov/pub/irs-pdf/p5365.pdf
Publication 5366,Employers May Claim Credit For Providing Paid Family & Medical Leave,Oct 2019,11/06/2019,https://www.irs.gov/pub/irs-pdf/p5366.pdf
Publication 5368,Federal Gift Tax Statistics,Jul 2023,07/25/2023,https://www.irs.gov/pub/irs-pdf/p5368.pdf
Publication 5369,Gig economy and your taxes: things to know,Nov 2019,02/20/2020,https://www.irs.gov/pub/irs-pdf/p5369.pdf
Publication 5369-A,Gig economy and your taxes,Feb 2020,03/11/2022,https://www.irs.gov/pub/irs-pdf/p5369a.pdf
Publication 5374,Fact Sheet for SPEC Employees Link and Learn Taxes Certification Reports,Oct 2025,09/23/2025,https://www.irs.gov/pub/irs-pdf/p5374.pdf
Publication 5375,How to Upload Documents to the IRS Online Registration System (CPEO),Mar 2021,03/30/2021,https://www.irs.gov/pub/irs-pdf/p5375.pdf
Publication 5376,VITA Grant Reporting Requirements,Dec 2019,01/03/2020,https://www.irs.gov/pub/irs-pdf/p5376.pdf
Publication 5377,Fact Sheet: Practice Lab for VITA/TCE Partners and Volunteers,Oct 2025,10/09/2025,https://www.irs.gov/pub/irs-pdf/p5377.pdf
Publication 5378,Link & Learn Taxes Certification Tests: Getting Started,Nov 2025,10/06/2025,https://www.irs.gov/pub/irs-pdf/p5378.pdf
Publication 5379,Fact Sheet: Frequently Asked Questions   Link & Learn Taxes Volunteer Certification Test for SPEC Partners and Employees,Dec 2025,10/03/2025,https://www.irs.gov/pub/irs-pdf/p5379.pdf
Publication 5382,Putting Taxpayers First: IRS Progress Update,Jan 2023,01/19/2023,https://www.irs.gov/pub/irs-pdf/p5382.pdf
Publication 5384,"Statistics of Income Program Documentation: Data Items by Forms and Schedules, Program Year 2024",Dec 2025,12/04/2025,https://www.irs.gov/pub/irs-pdf/p5384.pdf
Publication 5385,Individual Information Returns Line Item Estimates,Apr 2025,04/29/2025,https://www.irs.gov/pub/irs-pdf/p5385.pdf
Publication 5386,Frequently Asked Questions Tax Year Link & Learn Taxes and Volunteer Certification Test,Dec 2019,12/11/2019,https://www.irs.gov/pub/irs-pdf/p5386.pdf
Publication 5387,UNAX is Serious,Jan 2020,02/06/2020,https://www.irs.gov/pub/irs-pdf/p5387.pdf
Publication 5388,Bipartisan Budget Act (BBA) Roadmap for Taxpayers,Jul 2021,07/28/2021,https://www.irs.gov/pub/irs-pdf/p5388.pdf
Publication 5390,"Instructions for Preparing Administrative Claims for Damages Under Sections 7426(h), 7432, and 7433(a-d), and Request for Costs under Section 7430 Related to these Sections",Feb 2020,02/28/2020,https://www.irs.gov/pub/irs-pdf/p5390.pdf
Publication 5392,The Art Advisory Panel of the Commissioner of Internal Revenue Annual Summary Report,Jun 2024,10/09/2024,https://www.irs.gov/pub/irs-pdf/p5392.pdf
Publication 5395,Fact Sheet for SPEC Partners VITA/TCE Scope and Product Change Requests,Apr 2025,04/08/2025,https://www.irs.gov/pub/irs-pdf/p5395.pdf
Publication 5396,Fact Sheet for VITA/TCE Sites Impacted by Federally Declared Disasters,Jan 2023,02/07/2023,https://www.irs.gov/pub/irs-pdf/p5396.pdf
Publication 5396-A,Job Aid for VITA/TCE Volunteers Using Form 4852 when Missing the Form W-2 or 1099-R,Jan 2022,03/21/2022,https://www.irs.gov/pub/irs-pdf/p5396a.pdf
Publication 5396-B,Volunteer Income Tax Assistance and Tax Counseling for the Elderly - Casualty Loss Screening Tool,Feb 2023,02/06/2023,https://www.irs.gov/pub/irs-pdf/p5396b.pdf
Publication 5398,Adjusted Gross Income Percentiles by State,Mar 2020,03/04/2020,https://www.irs.gov/pub/irs-pdf/p5398.pdf
Publication 5399,Free File,Feb 2020,03/25/2020,https://www.irs.gov/pub/irs-pdf/p5399.pdf
Publication 5401,Join Our Team - The IRS Large Business & International Division,Mar 2020,04/01/2020,https://www.irs.gov/pub/irs-pdf/p5401.pdf
Form 5405,Repayment of the First-Time Homebuyer Credit,Nov 2024,11/12/2024,https://www.irs.gov/pub/irs-pdf/f5405.pdf
Instruction 5405,"Instructions for Form 5405, Repayment of the First-Time Homebuyer Credit",Nov 2024,11/13/2024,https://www.irs.gov/pub/irs-pdf/i5405.pdf
Publication 5406,Overview of Form 1023 E-Filing,Apr 2020,04/22/2020,https://www.irs.gov/pub/irs-pdf/p5406.pdf
Publication 5411,Retirement Plans Reporting and Disclosure Requirements,Apr 2025,05/07/2025,https://www.irs.gov/pub/irs-pdf/p5411.pdf
Publication 5412,Warning: Coronavirus Related Scams,Mar 2021,04/01/2021,https://www.irs.gov/pub/irs-pdf/p5412.pdf
Publication 5412-G,Economic Impact Payment by Prepaid Debit Card,Mar 2021,03/29/2021,https://www.irs.gov/pub/irs-pdf/p5412g.pdf
Publication 5412-J,Economic Impact Payments for Americans Experiencing Homelessness,Oct 2020,10/13/2020,https://www.irs.gov/pub/irs-pdf/p5412j.pdf
Publication 5412-L,Follow IRS Social Media & Sign Up for e-News,Mar 2024,08/07/2024,https://www.irs.gov/pub/irs-pdf/p5412l.pdf
Publication 5412-S,Keep the Economic Impact Payment Notice for Your Tax Records,Jun 2020,07/07/2020,https://www.irs.gov/pub/irs-pdf/p5412s.pdf
Publication 5414,Fact Sheet: Minimum Returns Required for Tax Preparation Software for SPEC Partners,Oct 2025,09/26/2025,https://www.irs.gov/pub/irs-pdf/p5414.pdf
Publication 5417,Basic Security Plan Considerations for Tax Professionals,Apr 2023,06/21/2023,https://www.irs.gov/pub/irs-pdf/p5417.pdf
Publication 5420,Economic Impact Payments and Coronavirus Tax Relief: A Toolkit for Partners,May 2020,06/04/2020,https://www.irs.gov/pub/irs-pdf/p5420.pdf
Publication 5420-B,Economic Impact Payment Non-Filer Step by Step Guide,Oct 2020,10/23/2020,https://www.irs.gov/pub/irs-pdf/p5420b.pdf
Publication 5421,Pilot IRS,Jun 2021,07/20/2021,https://www.irs.gov/pub/irs-pdf/p5421.pdf
Publication 5423,Tax-related Identity Theft,Jun 2020,06/30/2020,https://www.irs.gov/pub/irs-pdf/p5423.pdf
Publication 5424,Income Tax Guide for Native American Individuals and Sole Proprietors,Dec 2025,01/12/2026,https://www.irs.gov/pub/irs-pdf/p5424.pdf
Publication 5425,Taxpayer Digital Communication Secure File Sharing - Secure Messaging,Jun 2020,07/21/2021,https://www.irs.gov/pub/irs-pdf/p5425.pdf
Publication 5426,Taxpayer First Act Report to Congress,Jan 2021,01/11/2021,https://www.irs.gov/pub/irs-pdf/p5426.pdf
Publication 5427,Tax scam alert: Signs of tax scams and actions you can take to protect yourself,Feb 2024,03/18/2024,https://www.irs.gov/pub/irs-pdf/p5427.pdf
Publication 5427-A,Tax scam alert: Signs of tax scams and actions you can take to protect yourself,Mar 2024,04/10/2024,https://www.irs.gov/pub/irs-pdf/p5427a.pdf
Publication 5428,Becoming a Certifying Acceptance Agent (CAA) for SPEC Partners,Oct 2024,10/01/2024,https://www.irs.gov/pub/irs-pdf/p5428.pdf
Publication 5433,Working Virtually: Part 1 - Security Six,Jul 2020,07/30/2020,https://www.irs.gov/pub/irs-pdf/p5433.pdf
Publication 5433-A,Working Virtually: Part 2 - Multi-factor authentication,Jul 2020,07/30/2020,https://www.irs.gov/pub/irs-pdf/p5433a.pdf
Publication 5433-B,Working Virtually: Part 3 - Use a Virtual Private Network,Jul 2020,08/03/2020,https://www.irs.gov/pub/irs-pdf/p5433b.pdf
Publication 5433-C,Working Virtually: Part 4 - Avoid Phishing Scams,Aug 2020,09/25/2020,https://www.irs.gov/pub/irs-pdf/p5433c.pdf
Publication 5433-D,Working Virtually: Part 5 - Make a plan for protecting data and reporting theft,Aug 2020,08/17/2020,https://www.irs.gov/pub/irs-pdf/p5433d.pdf
Form 5434,Joint Board for the Enrollment of Actuaries - Application for Enrollment,Nov 2023,11/17/2023,https://www.irs.gov/pub/irs-pdf/f5434.pdf
Form 5434-A,Joint Board for the Enrollment of Actuaries - Application for Renewal of Enrollment,Jan 2026,01/14/2026,https://www.irs.gov/pub/irs-pdf/f5434a.pdf
Publication 5437,Secure Messaging: A new way to connect with the Independent Office of Appeals,Feb 2024,05/07/2025,https://www.irs.gov/pub/irs-pdf/p5437.pdf
Publication 5439,Municipal Bonds One Sheet,Jan 2026,01/22/2026,https://www.irs.gov/pub/irs-pdf/p5439.pdf
Publication 5440,FEAB Partner Spotlight,Apr 2026,03/25/2026,https://www.irs.gov/pub/irs-pdf/p5440.pdf
Publication 5444,Did You Receive Unemployment Benefits?,Dec 2020,01/13/2021,https://www.irs.gov/pub/irs-pdf/p5444.pdf
Publication 5446,MeF Submission Composition Guide,Dec 2020,04/29/2021,https://www.irs.gov/pub/irs-pdf/p5446.pdf
Publication 5447,How to Close a Sole Proprietorship,Sep 2020,09/24/2020,https://www.irs.gov/pub/irs-pdf/p5447.pdf
Publication 5447-A,How to Close a Partnership,Sep 2020,09/24/2020,https://www.irs.gov/pub/irs-pdf/p5447a.pdf
Publication 5447-B,How to Close a Corporation,Sep 2020,09/24/2020,https://www.irs.gov/pub/irs-pdf/p5447b.pdf
Publication 5448,FY 2026 SB/SE Focus Guide,Dec 2025,01/05/2026,https://www.irs.gov/pub/irs-pdf/p5448.pdf
Publication 5450,VITA/TCE Site Operations,Oct 2025,10/20/2025,https://www.irs.gov/pub/irs-pdf/p5450.pdf
Publication 5451,VITA/TCE Volunteer Orientation,Oct 2025,06/26/2025,https://www.irs.gov/pub/irs-pdf/p5451.pdf
Form 5452,Corporate Report of Nondividend Distributions,Oct 2018,10/26/2018,https://www.irs.gov/pub/irs-pdf/f5452.pdf
Publication 5453,Information Technology (IT) Annual Key Insight Report Successes and Accomplishments,Apr 2022,07/06/2022,https://www.irs.gov/pub/irs-pdf/p5453.pdf
Publication 5455,Fact Sheet Reporting Data Breaches at VITA/TCE Sites for SPEC Partners,Aug 2021,08/19/2021,https://www.irs.gov/pub/irs-pdf/p5455.pdf
Publication 5456,Agency Financial Report 2025,Jan 2026,01/20/2026,https://www.irs.gov/pub/irs-pdf/p5456.pdf
Publication 5457,Tax Counseling for the Elderly (TCE) Grant Award Notification Required Actions and Other Information,Mar 2025,04/02/2025,https://www.irs.gov/pub/irs-pdf/p5457.pdf
Publication 5461,Protect personal and financial information online,Nov 2022,11/22/2022,https://www.irs.gov/pub/irs-pdf/p5461.pdf
Publication 5461-A,Security Summit - Use multi-factor authentication,Nov 2020,11/16/2020,https://www.irs.gov/pub/irs-pdf/p5461a.pdf
Publication 5461-B,Get an Identity Protection PIN,Nov 2022,11/22/2022,https://www.irs.gov/pub/irs-pdf/p5461b.pdf
Publication 5461-C,Businesses should watch out for tax-related scams and implement safeguards,Nov 2022,11/22/2022,https://www.irs.gov/pub/irs-pdf/p5461c.pdf
Publication 5461-D,Tax professionals should review their security protocols,Nov 2022,11/28/2022,https://www.irs.gov/pub/irs-pdf/p5461d.pdf
Publication 5461-E,Be aware of scammers who use fake charities to get sensitive information,Nov 2021,11/18/2021,https://www.irs.gov/pub/irs-pdf/p5461e.pdf
Publication 5461-F,Use digital signatures to submit IRS forms and review account details on secure portal,Nov 2021,11/18/2021,https://www.irs.gov/pub/irs-pdf/p5461f.pdf
Publication 5462,Fact Sheet: TaxSlayer Software Ordering Guidance for SPEC Partners,Sep 2025,10/03/2025,https://www.irs.gov/pub/irs-pdf/p5462.pdf
Publication 5464,Conservation Easement Audit Technique Guide,Jan 2021,02/01/2021,https://www.irs.gov/pub/irs-pdf/p5464.pdf
Publication 5466,Ten Reminders To Keep You And Others Safe at VITA/TCE Sites,Dec 2021,01/03/2022,https://www.irs.gov/pub/irs-pdf/p5466.pdf
Publication 5467,Reporting Unemployment Compensation on a Tax Return,Nov 2020,11/24/2020,https://www.irs.gov/pub/irs-pdf/p5467.pdf
Publication 5468,A Closer Look,Nov 2020,12/04/2020,https://www.irs.gov/pub/irs-pdf/p5468.pdf
Publication 5468-A,A Closer Look,Nov 2020,12/04/2020,https://www.irs.gov/pub/irs-pdf/p5468a.pdf
Publication 5470,Overview of Form 1024 E-Filing Course: Text Version,Apr 2022,05/17/2022,https://www.irs.gov/pub/irs-pdf/p5470.pdf
Form 5471,Information Return of U.S. Persons With Respect to Certain Foreign  Corporations,Dec 2025,01/09/2026,https://www.irs.gov/pub/irs-pdf/f5471.pdf
Instruction 5471,"Instructions for Form 5471, Information Return of U.S. Persons With Respect to Certain Foreign Corporations",Dec 2025,01/30/2026,https://www.irs.gov/pub/irs-pdf/i5471.pdf
Publication 5471,Fact Sheet: Disclosure and Use of Tax Information - Internal Revenue Code (IRC) 7216 Requirements for VITA/TCE Partners,Nov 2020,12/16/2020,https://www.irs.gov/pub/irs-pdf/p5471.pdf
Form 5471 (Schedule E),"Income, War Profits, and Excess Profits Taxes Paid or Accrued",Dec 2021,12/28/2021,https://www.irs.gov/pub/irs-pdf/f5471se.pdf
Form 5471 (Schedule G-1),Cost Sharing Arrangement,Dec 2023,01/04/2024,https://www.irs.gov/pub/irs-pdf/f5471sg1.pdf
Form 5471 (Schedule H),Current Earnings and Profits,Dec 2021,12/28/2021,https://www.irs.gov/pub/irs-pdf/f5471sh.pdf
Form 5471 (Schedule H-1),Pro Rata Share of CFC Adjusted Net Income Loss for Corporate Alternative Minimum Tax,Dec 2024,12/09/2024,https://www.irs.gov/pub/irs-pdf/f5471sh1.pdf
Form 5471 (Schedule I-1),Information for Global Intangible Low-Taxed Income,Dec 2021,12/28/2021,https://www.irs.gov/pub/irs-pdf/f5471si1.pdf
Form 5471 (Schedule J),Accumulated Earnings and Profits (E&P) of Controlled Foreign Corporation,Dec 2020,12/03/2020,https://www.irs.gov/pub/irs-pdf/f5471sj.pdf
Form 5471 (Schedule M),Transactions Between Controlled Foreign Corporation and Shareholders or Other Related Persons,Dec 2021,12/28/2021,https://www.irs.gov/pub/irs-pdf/f5471sm.pdf
Form 5471 (Schedule O),"Organization or Reorganization of Foreign Corporation, and Acquisitions and Dispositions of Its Stock",Dec 2012,12/21/2012,https://www.irs.gov/pub/irs-pdf/f5471so.pdf
Form 5471 (Schedule P),Previously Taxed Earnings and Profits of U.S. Shareholder of Certain Foreign Corporations,Dec 2020,12/04/2020,https://www.irs.gov/pub/irs-pdf/f5471sp.pdf
Form 5471 (Schedule Q),CFC Income by CFC Income Groups,Dec 2024,12/04/2024,https://www.irs.gov/pub/irs-pdf/f5471sq.pdf
Form 5471 (Schedule R),Distributions From a Foreign Corporation,Dec 2020,12/28/2020,https://www.irs.gov/pub/irs-pdf/f5471sr.pdf
Form 5472,Information Return of a 25% Foreign-Owned U.S. Corporation or a Foreign Corporation Engaged in a U.S. Trade or Business,Dec 2023,01/04/2024,https://www.irs.gov/pub/irs-pdf/f5472.pdf
Instruction 5472,"Instructions for Form 5472, Information Return of a 25% Foreign-Owned U.S. Corporation or a Foreign Corporation Engaged in a U.S. Trade or Business",Dec 2024,02/11/2025,https://www.irs.gov/pub/irs-pdf/i5472.pdf
Publication 5473,Make Chapter 13 bankruptcy plan payments to the IRS more efficiently - pay electronically,Jan 2021,01/28/2021,https://www.irs.gov/pub/irs-pdf/p5473.pdf
Publication 5475,What you need to know about the second Economic Impact Payments,Dec 2020,12/30/2020,https://www.irs.gov/pub/irs-pdf/p5475.pdf
Publication 5477,All taxpayers now eligible for Identity Protection PINs,Jul 2022,10/05/2022,https://www.irs.gov/pub/irs-pdf/p5477.pdf
Publication 5478,IRS Free File available now,Jan 2022,03/24/2022,https://www.irs.gov/pub/irs-pdf/p5478.pdf
Publication 5484,Careers at the IRS - Independent Office of Appeals General Recruitment,Nov 2022,03/22/2023,https://www.irs.gov/pub/irs-pdf/p5484.pdf
Publication 5486,Claiming the Recovery Rebate Credit on a 2020 Tax Return,Jan 2022,01/24/2022,https://www.irs.gov/pub/irs-pdf/p5486.pdf
Publication 5486-A,It's Not Too Late to Claim the 2020 & 2021 Recovery Rebate Credit When You Don't Normally File a Tax Return,Oct 2023,10/26/2023,https://www.irs.gov/pub/irs-pdf/p5486a.pdf
Publication 5486-B,Claiming the Recovery Rebate Credit on a 2021 Tax Return,Jan 2022,01/24/2022,https://www.irs.gov/pub/irs-pdf/p5486b.pdf
Publication 5489,Taxpayers can use 2019 income for Earned Income Tax Credit,Feb 2021,02/12/2021,https://www.irs.gov/pub/irs-pdf/p5489.pdf
Publication 5490,"Direct Deposit: Get Your Payments On Time, Every Time",Jan 2026,02/11/2026,https://www.irs.gov/pub/irs-pdf/p5490.pdf
Form 5495,Request for Discharge from Personal Liability Under Internal Revenue Code Section 2204 or 6905,Dec 2008,08/28/2020,https://www.irs.gov/pub/irs-pdf/f5495.pdf
Publication 5495,Retail Audit Technique Guide,Mar 2021,03/30/2021,https://www.irs.gov/pub/irs-pdf/p5495.pdf
Publication 5497,"Photographic Requirements for Art, Antiques, Decorative Arts & Other Cultural Properties Reviewed by Art Appraisal Services and The CommissionerÂs Art Advisory Panel",Mar 2021,03/10/2021,https://www.irs.gov/pub/irs-pdf/p5497.pdf
Form 5498,IRA Contribution Information (Info Copy Only),2025,01/06/2025,https://www.irs.gov/pub/irs-pdf/f5498.pdf
Publication 5498,Individual Retirement Arrangements,Mar 2021,03/16/2021,https://www.irs.gov/pub/irs-pdf/p5498.pdf
Form 5498-ESA,Coverdell ESA Contribution Information,Dec 2026,01/28/2026,https://www.irs.gov/pub/irs-pdf/f5498e.pdf
Instruction 5498-ESA,"Instructions for Form 5498-ESA, Coverdell ESA Contribution Information",Dec 2026,01/28/2026,https://www.irs.gov/pub/irs-pdf/i5498e.pdf
Form 5498-QA,ABLE Account Contribution Information,2025,11/22/2024,https://www.irs.gov/pub/irs-pdf/f5498qa.pdf
Form 5498-SA,"HSA, Archer MSA, or Medicare Advantage MSA Information",Dec 2026,12/22/2025,https://www.irs.gov/pub/irs-pdf/f5498sa.pdf
Form 5500-EZ,Annual Return of A One Participant (Owners/Partners and Their Spouses) Retirement Plan or A Foreign Plan,2025,02/18/2026,https://www.irs.gov/pub/irs-pdf/f5500ez.pdf
Instruction 5500-EZ,"Instructions for Form 5500-EZ, Annual Return of a One-Participant (Owners/Partners and Their Spouses) Retirement Plan or A Foreign Plan",2025,02/18/2026,https://www.irs.gov/pub/irs-pdf/i5500ez.pdf
Publication 5501,Getting your shot? Don't miss a financial boost,Mar 2021,04/08/2021,https://www.irs.gov/pub/irs-pdf/p5501.pdf
Publication 5503,Fact Sheet: IRS Loaned Equipment for VITA/TCE Partners,Oct 2025,09/29/2025,https://www.irs.gov/pub/irs-pdf/p5503.pdf
Publication 5505,Domestic Private Foundations,Mar 2026,04/08/2026,https://www.irs.gov/pub/irs-pdf/p5505.pdf
Publication 5506,Volunteer Income Tax Assistance (VITA) High School Symposium,Jun 2025,07/08/2025,https://www.irs.gov/pub/irs-pdf/p5506.pdf
Publication 5506-A,VITA Volunteer Income Tax Assistance High School College & University,Apr 2022,03/24/2022,https://www.irs.gov/pub/irs-pdf/p5506a.pdf
Publication 5506-B,Volunteer Income Tax Assistance (VITA) College and University Symposium,May 2025,07/14/2025,https://www.irs.gov/pub/irs-pdf/p5506b.pdf
Publication 5508,Migration Data: Non-migrant and Migrant Returns,Sep 2023,01/11/2024,https://www.irs.gov/pub/irs-pdf/p5508.pdf
Publication 5509,"Volunteer Income Tax Assistance (VITA) High School, College & University",Apr 2021,04/09/2021,https://www.irs.gov/pub/irs-pdf/p5509.pdf
Publication 5510,Corporate Foreign Tax Credit,Jan 2024,01/11/2024,https://www.irs.gov/pub/irs-pdf/p5510.pdf
Publication 5514,What's different about the third Economic Impact Payment,Apr 2021,10/06/2021,https://www.irs.gov/pub/irs-pdf/p5514.pdf
Publication 5515,Third Economic Impact Payments for Americans experiencing homelessness,Apr 2021,10/01/2021,https://www.irs.gov/pub/irs-pdf/p5515.pdf
Publication 5515-A,Stimulus payments for the Homeless,Apr 2021,10/01/2021,https://www.irs.gov/pub/irs-pdf/p5515a.pdf
Publication 5519,Economic Impact Payment: When Someone in Your Family Doesn't have a Social Security Number,May 2021,05/26/2021,https://www.irs.gov/pub/irs-pdf/p5519.pdf
Publication 5520,How Businesses Determine if a Worker is an Employee or Independent Contractor,May 2021,06/04/2021,https://www.irs.gov/pub/irs-pdf/p5520.pdf
Publication 5522,Construction Industry Audit Technique Guide,Apr 2021,05/18/2021,https://www.irs.gov/pub/irs-pdf/p5522.pdf
Publication 5525,Exempt Organizations Technical Guide TG 3-20 Introduction to Private Foundations & Special Rules Under IRC Section 508,Aug 2024,08/08/2024,https://www.irs.gov/pub/irs-pdf/p5525.pdf
Publication 5526,Exempt Organizations Technical Guide TG 63 Disqualified Persons - IRC Section 4946,Apr 2024,04/10/2024,https://www.irs.gov/pub/irs-pdf/p5526.pdf
Publication 5527,"Individual Income Tax Returns, Preliminary Data",May 2021,05/27/2021,https://www.irs.gov/pub/irs-pdf/p5527.pdf
Publication 5528,Nonqualified Deferred Compensation Audit Techniques Guide,Mar 2024,03/21/2024,https://www.irs.gov/pub/irs-pdf/p5528.pdf
Publication 5530,IRS Budget in Brief,Jun 2025,07/08/2025,https://www.irs.gov/pub/irs-pdf/p5530.pdf
Publication 5533,Access Your IRS Individual Online Account,Dec 2025,01/05/2026,https://www.irs.gov/pub/irs-pdf/p5533.pdf
Publication 5533-A,Tax professionals: Save time with Tax Pro Account,Jun 2024,06/14/2024,https://www.irs.gov/pub/irs-pdf/p5533a.pdf
Publication 5533-B,Tax professionals: How to manage authorizations using Tax Pro Account,Jun 2024,06/14/2024,https://www.irs.gov/pub/irs-pdf/p5533b.pdf
Publication 5533-C,Access Your IRS Individual Online Account ePoster,Dec 2025,01/23/2026,https://www.irs.gov/pub/irs-pdf/p5533c.pdf
Publication 5534,An Overview of the 2021 Advance Child Tax Credit Payments,Oct 2021,11/05/2021,https://www.irs.gov/pub/irs-pdf/p5534.pdf
Publication 5534-A,2021 Advance Child Tax Credit Payments start July 15,Jun 2021,08/04/2021,https://www.irs.gov/pub/irs-pdf/p5534a.pdf
Publication 5534-A-1,2021 Advanced Child Tax Credit Payments start July 15,Jun 2021,08/04/2021,https://www.irs.gov/pub/irs-pdf/p5534a1.pdf
Publication 5534-B,Advanced Payments of the 2021 Child Tax Credit - The Basics,Jun 2021,08/02/2021,https://www.irs.gov/pub/irs-pdf/p5534b.pdf
Publication 5534-D,The 2021 Child Tax Credit: Three Steps to Getting Your Advance Payments,Jul 2021,08/12/2021,https://www.irs.gov/pub/irs-pdf/p5534d.pdf
Publication 5534-E,Advance Payments of the Child Tax Credit: Which Online Tool Should I Use,Oct 2021,10/21/2021,https://www.irs.gov/pub/irs-pdf/p5534e.pdf
Publication 5534-F,Advance Child Tax Credit Payments for Americans Experiencing Homelessness,Jul 2021,08/06/2021,https://www.irs.gov/pub/irs-pdf/p5534f.pdf
Publication 5534-G,File a 2021 Tax Return to Get the Remainder of Your 2021 Child Tax Credit,Dec 2021,02/28/2022,https://www.irs.gov/pub/irs-pdf/p5534g.pdf
Publication 5534-H,It's Not Too Late to Claim the 2021 Child Tax Credit Even If You Received Advanced Payments or Didn't File a Tax Return,Feb 2023,03/17/2023,https://www.irs.gov/pub/irs-pdf/p5534h.pdf
Publication 5536,Personal Wealth,Aug 2023,08/02/2023,https://www.irs.gov/pub/irs-pdf/p5536.pdf
Publication 5537,IRS Toolkit #2 for Partners: Advance Payments of the 2021 Child Tax Credit,Aug 2021,01/10/2022,https://www.irs.gov/pub/irs-pdf/p5537.pdf
Publication 5545,Protect Your Clients: Tips for Tax Pros to Combat Identity Theft,Jul 2021,08/03/2021,https://www.irs.gov/pub/irs-pdf/p5545.pdf
Publication 5547,"Job Aid: IRS Over-the-Phone Interpreter (OPI) Service for SPEC Partners, Site Coordinators & Employees",Aug 2025,08/18/2025,https://www.irs.gov/pub/irs-pdf/p5547.pdf
Publication 5549,IRS User Guide: Child Tax Credit Update Portal,Oct 2021,10/21/2021,https://www.irs.gov/pub/irs-pdf/p5549.pdf
Publication 5550,Real Estate Property Foreclosure and Cancellation of Debt Audit Technique Guide,Aug 2021,08/19/2021,https://www.irs.gov/pub/irs-pdf/p5550.pdf
Publication 5551,Maintaining Section 501(c)(3) Tax-Exempt Status Overview,Sep 2021,10/27/2021,https://www.irs.gov/pub/irs-pdf/p5551.pdf
Publication 5557,A Guide to Starting a Small Business,Sep 2021,10/07/2021,https://www.irs.gov/pub/irs-pdf/p5557.pdf
Form 5558,Application for Extension of Time to File Certain Employee Plan Returns,Jan 2025,01/30/2025,https://www.irs.gov/pub/irs-pdf/f5558.pdf
Publication 5558,Activities Not Engaged in for Profit Audit Technique Guide Internal Revenue Code Section 183,Sep 2021,09/14/2021,https://www.irs.gov/pub/irs-pdf/p5558.pdf
Publication 5561-A,We're Hiring - Legal Tax Advisor,Dec 2022,12/15/2022,https://www.irs.gov/pub/irs-pdf/p5561a.pdf
Publication 5564,FSA Remote-Self-Prep Tax Benefit Partner Guide,Oct 2021,10/27/2021,https://www.irs.gov/pub/irs-pdf/p5564.pdf
Publication 5566,Fact Sheet: Ordering Procedures for VITA/TCE Training and Site Materials for Partners and Volunteers,Apr 2025,04/15/2025,https://www.irs.gov/pub/irs-pdf/p5566.pdf
Publication 5569,Report of Foreign Bank & Financial Accounts (FBAR) Reference Guide,Mar 2022,04/19/2022,https://www.irs.gov/pub/irs-pdf/p5569.pdf
Publication 5571,Recruiting Volunteers through the IRS.gov Volunteer Portal for VITA/TCE Partners,Oct 2025,10/28/2025,https://www.irs.gov/pub/irs-pdf/p5571.pdf
Form 5578,Annual Certification of Racial Nondiscrimination for a Private School Exempt From Federal Income Tax,Nov 2019,12/06/2019,https://www.irs.gov/pub/irs-pdf/f5578.pdf
Publication 5579,Exempt Organizations Technical Guide TG 3-21: Private Operating Foundations - IRC Section 4942(j)(3),Aug 2024,08/08/2024,https://www.irs.gov/pub/irs-pdf/p5579.pdf
Publication 5580,Exempt Organizations Technical Guide TG 57 Taxes on Net Investment Income IRC Section 4940,Aug 2024,08/08/2024,https://www.irs.gov/pub/irs-pdf/p5580.pdf
Publication 5581,Exempt Organizations Technical Guide TG 59 Taxes on Foundation Failure to Distribute Income IRC 4942,Aug 2024,08/07/2024,https://www.irs.gov/pub/irs-pdf/p5581.pdf
Publication 5582,Exempt Organizations Technical Guide TG 60 Taxes on Excess Business Holdings IRC 4943,Aug 2024,08/07/2024,https://www.irs.gov/pub/irs-pdf/p5582.pdf
Publication 5583,Exempt Organizations Technical Guide TG 64 Application of Taxes on Denial of Exemption to Certain Foreign Organizations - IRC Section 4948,Apr 2024,04/10/2024,https://www.irs.gov/pub/irs-pdf/p5583.pdf
Publication 5584,Exempt Organizations Technical Guide TG 61 Excise Taxes on Investments which Jeopardize Charitable Purposes IRC 4944,Aug 2024,08/07/2024,https://www.irs.gov/pub/irs-pdf/p5584.pdf
Publication 5585,Child-Related 2021 Tax Credits,Dec 2021,03/21/2022,https://www.irs.gov/pub/irs-pdf/p5585.pdf
Publication 5586,Base Erosion and Anti-Abuse Tax (BEAT),Nov 2021,11/29/2021,https://www.irs.gov/pub/irs-pdf/p5586.pdf
Publication 5588,Exempt Organizations Technical Guide TG 45 Suspension of Tax-Exempt Status of Terrorist Organizations under IRC 501(p),Feb 2024,02/21/2024,https://www.irs.gov/pub/irs-pdf/p5588.pdf
Publication 5589,FY21 OMB 1545-0123 Rebaseline,Dec 2021,01/12/2022,https://www.irs.gov/pub/irs-pdf/p5589.pdf
Publication 5590,Exempt Organizations Technical Guide TG 62: Excise Taxes on Taxable Expenditures under IRC 4945,Aug 2024,08/07/2024,https://www.irs.gov/pub/irs-pdf/p5590.pdf
Publication 5592,Troubleshooting Tips for LB&I Audits  TDC SFS-SM,Apr 2022,04/20/2022,https://www.irs.gov/pub/irs-pdf/p5592.pdf
Publication 5593,FAQs For LB&I Audits - TDS SFS-SM,Apr 2022,05/12/2022,https://www.irs.gov/pub/irs-pdf/p5593.pdf
Publication 5594,Standard Postal Service State Abbreviations and ZIP Codes,Dec 2021,01/20/2022,https://www.irs.gov/pub/irs-pdf/p5594.pdf
Publication 5601,Foreign Controlled Domestic Corporations,Oct 2023,10/24/2023,https://www.irs.gov/pub/irs-pdf/p5601.pdf
Publication 5602,Attorneys Audit Technique Guide,Jan 2022,04/26/2022,https://www.irs.gov/pub/irs-pdf/p5602.pdf
Publication 5603,Child Care Provider Audit Technique Guide,Jan 2022,04/19/2022,https://www.irs.gov/pub/irs-pdf/p5603.pdf
Publication 5607,You could receive a tax refund even if youÂre not required to file,Jan 2022,03/21/2022,https://www.irs.gov/pub/irs-pdf/p5607.pdf
Publication 5610,How to Report Suspected Abusive Tax Promotions or Preparers,Mar 2022,03/24/2022,https://www.irs.gov/pub/irs-pdf/p5610.pdf
Publication 5614,Exempt Organizations Technical Guide TG 3-22 Termination of Private Foundation Status IRC 507,Mar 2024,03/26/2024,https://www.irs.gov/pub/irs-pdf/p5614.pdf
Publication 5615,IRC Section 48A and 48B Audit Technique Guide Advanced Coal and Gasification Project Credits,Mar 2022,04/19/2022,https://www.irs.gov/pub/irs-pdf/p5615.pdf
Publication 5616,Exempt Organizations Technical Guide TG 58 Excise Taxes on Self-Dealing under IRC 4941,Aug 2024,08/08/2024,https://www.irs.gov/pub/irs-pdf/p5616.pdf
Publication 5627,Exempt Organizations Technical Guide TG 23 Religious and Apostolic Associations IRC 501(d),Feb 2024,02/06/2024,https://www.irs.gov/pub/irs-pdf/p5627.pdf
Publication 5629,Fact Sheet: TaxSlayer Pro Closeout/Backup Procedures for SPEC Partners,Apr 2025,04/08/2025,https://www.irs.gov/pub/irs-pdf/p5629.pdf
Publication 5632,Overview of Form 1024 E-Filing Course: Text Version,Apr 2022,04/13/2022,https://www.irs.gov/pub/irs-pdf/p5632.pdf
Publication 5633,Over-The-Phone Interpreter (OPI) Languages Represented,Sep 2025,09/26/2025,https://www.irs.gov/pub/irs-pdf/p5633.pdf
Publication 5637,The Office of Professional Responsibility's Accomplishment Report,Feb 2018,05/02/2022,https://www.irs.gov/pub/irs-pdf/p5637.pdf
Publication 5638,The Office of Professional Responsibility's Annual Report,Mar 2019,05/02/2022,https://www.irs.gov/pub/irs-pdf/p5638.pdf
Publication 5640,Tax Withholding Estimator: A powerful online tool for small businesses,Apr 2022,05/02/2022,https://www.irs.gov/pub/irs-pdf/p5640.pdf
Publication 5641,Knowledge Management at the IRS,Apr 2022,05/11/2022,https://www.irs.gov/pub/irs-pdf/p5641.pdf
Publication 5642,Which employers are eligible for the work opportunity tax credit,Apr 2022,05/07/2022,https://www.irs.gov/pub/irs-pdf/p5642.pdf
Publication 5643,Virtual Currency,May 2022,05/23/2022,https://www.irs.gov/pub/irs-pdf/p5643.pdf
Publication 5644,E-File is Available for Federal Payroll Tax Forms,Apr 2022,05/11/2022,https://www.irs.gov/pub/irs-pdf/p5644.pdf
Publication 5645,Transactions of Foreign-Owned Domestic Corporations,May 2022,05/10/2022,https://www.irs.gov/pub/irs-pdf/p5645.pdf
Form 5646,"Claim for Damage, Injury, or Death",Jan 2017,01/28/2025,https://www.irs.gov/pub/irs-pdf/f5646.pdf
Publication 5646,Annual Filing Season Program Participants Continuing Education Requirements,May 2022,06/09/2022,https://www.irs.gov/pub/irs-pdf/p5646.pdf
Publication 5647,Petroleum Refining Audit Technique Guide,Jun 2022,06/09/2022,https://www.irs.gov/pub/irs-pdf/p5647.pdf
Publication 5648,Security Summit Membership Criteria,May 2022,06/07/2022,https://www.irs.gov/pub/irs-pdf/p5648.pdf
Publication 5648-A,"Security Summit Required Criteria and Qualification ""Statement of Interest""",May 2022,06/07/2022,https://www.irs.gov/pub/irs-pdf/p5648a.pdf
Publication 5651,Still need to File a 2022 Tax Return?,Jul 2023,08/17/2023,https://www.irs.gov/pub/irs-pdf/p5651.pdf
Publication 5652,Oil & Gas Audit Technique Guide,Feb 2023,03/01/2023,https://www.irs.gov/pub/irs-pdf/p5652.pdf
Publication 5653,Cost Segregation Audit Technique Guide,Feb 2025,02/11/2025,https://www.irs.gov/pub/irs-pdf/p5653.pdf
Publication 5654,"Country-by-Country Report, Tax Year 2022",Dec 2025,01/02/2026,https://www.irs.gov/pub/irs-pdf/p5654.pdf
Publication 5655,Statistics of Income - Corporate Income Tax Returns,Sep 2025,09/30/2025,https://www.irs.gov/pub/irs-pdf/p5655.pdf
Publication 5658,Expanded IRS voice bot options help taxpayers set up or modify a payment plan,Jul 2022,07/19/2022,https://www.irs.gov/pub/irs-pdf/p5658.pdf
Publication 5666,Not required to File a tax return?,Jul 2022,08/25/2022,https://www.irs.gov/pub/irs-pdf/p5666.pdf
Publication 5679,Procrastinating on your taxes because you're missing documents?,Aug 2022,08/23/2022,https://www.irs.gov/pub/irs-pdf/p5679.pdf
Publication 5681,The General Records Schedules,Mar 2025,03/05/2025,https://www.irs.gov/pub/irs-pdf/p5681.pdf
Publication 5682,Records Control Schedules,Jun 2025,07/10/2025,https://www.irs.gov/pub/irs-pdf/p5682.pdf
Publication 5683,VITA/TCE Handbook for Partners and Site Coordinators,Oct 2025,10/23/2025,https://www.irs.gov/pub/irs-pdf/p5683.pdf
Form 5695,Residential Energy Credits,2025,11/21/2025,https://www.irs.gov/pub/irs-pdf/f5695.pdf
Instruction 5695,"Instructions for Form 5695, Residential Energy Credits",2025,01/29/2026,https://www.irs.gov/pub/irs-pdf/i5695.pdf
Publication 5697,IRS provides automatic penalty relief to most people and businesses who file certain 2019 and 2020 returns late,Sep 2022,10/11/2022,https://www.irs.gov/pub/irs-pdf/p5697.pdf
Publication 5708,Creating a Written Information Security Plan for your Tax & Accounting Practice,Aug 2024,09/03/2024,https://www.irs.gov/pub/irs-pdf/p5708.pdf
Publication 5709,How to Create a Written Information Security Plan for Data Safety,May 2024,05/20/2024,https://www.irs.gov/pub/irs-pdf/p5709.pdf
Publication 5710,Exempt Organizations Technical Guide TG 6 IRC 501(c)(6) Business Leagues,Feb 2024,02/05/2024,https://www.irs.gov/pub/irs-pdf/p5710.pdf
Publication 5712,Capitalization of Tangible Property Audit Technique Guide,Sep 2022,10/04/2022,https://www.irs.gov/pub/irs-pdf/p5712.pdf
Form 5713,International Boycott Report,Dec 2010,07/17/2012,https://www.irs.gov/pub/irs-pdf/f5713.pdf
Instruction 5713,"Instructions for Form 5713, International Boycott Report",Sep 2018,09/17/2018,https://www.irs.gov/pub/irs-pdf/i5713.pdf
Publication 5713,Due Diligence Interviews -- Steps to Success,Feb 2025,02/07/2025,https://www.irs.gov/pub/irs-pdf/p5713.pdf
Form 5713 (Schedule A),International Boycott Factor (Section 999(c)(1)),Dec 2010,07/17/2012,https://www.irs.gov/pub/irs-pdf/f5713sa.pdf
Form 5713 (Schedule B),Specifically Attributable Taxes and Income (Section 999(c)(2)),Sep 2018,09/04/2018,https://www.irs.gov/pub/irs-pdf/f5713sb.pdf
Form 5713 (Schedule C),Tax Effect of the International Boycott Provisions,Sep 2018,09/04/2018,https://www.irs.gov/pub/irs-pdf/f5713sc.pdf
Publication 5717,Information Returns Intake System (IRIS) Taxpayer Portal User Guide,Feb 2026,02/11/2026,https://www.irs.gov/pub/irs-pdf/p5717.pdf
Publication 5718,Information Returns Intake System (IRIS) Electronic Filing Application to Application (A2A) Specifications,Jan 2026,02/04/2026,https://www.irs.gov/pub/irs-pdf/p5718.pdf
Publication 5719,Information Returns Intake System (IRIS) Test Package for Information Returns,Aug 2025,09/05/2025,https://www.irs.gov/pub/irs-pdf/p5719.pdf
Publication 5724,Credit for Used Clean Vehicles,Aug 2023,02/29/2024,https://www.irs.gov/pub/irs-pdf/p5724.pdf
Publication 5724-A,Credit for Clean Vehicles,Aug 2023,08/02/2023,https://www.irs.gov/pub/irs-pdf/p5724a.pdf
Publication 5724-B,Credit for Commercial Clean Vehicles,Feb 2023,03/20/2023,https://www.irs.gov/pub/irs-pdf/p5724b.pdf
Publication 5724-D,Credit for Previously Owned Clean Vehicles,Mar 2023,03/30/2023,https://www.irs.gov/pub/irs-pdf/p5724d.pdf
Publication 5724-E,Credit for Clean Vehicles,Mar 2023,03/20/2023,https://www.irs.gov/pub/irs-pdf/p5724e.pdf
Publication 5724-F,Credit for Commercial Clean Vehicles,May 2023,06/08/2023,https://www.irs.gov/pub/irs-pdf/p5724f.pdf
Publication 5724-G,Clean Vehicle Credit Reference Chart,Apr 2023,05/05/2023,https://www.irs.gov/pub/irs-pdf/p5724g.pdf
Publication 5724-H,Commercial Clean Vehicle Reference Chart,Apr 2023,05/04/2023,https://www.irs.gov/pub/irs-pdf/p5724h.pdf
Publication 5724-I,Clean Vehicle Credits Toolkit,Jun 2023,06/08/2023,https://www.irs.gov/pub/irs-pdf/p5724i.pdf
Publication 5726,Individual Taxpayer Identification Number Acceptance Agents Training,Nov 2022,03/26/2025,https://www.irs.gov/pub/irs-pdf/p5726-2025-03-00.pdf
Publication 5727,Exempt Organizations Technical Guide TG 17 Supplemental Unemployment Benefit Trusts,Feb 2024,02/15/2024,https://www.irs.gov/pub/irs-pdf/p5727.pdf
Publication 5728,Leadership Development And Support Office Outreach,Jan 2024,02/26/2024,https://www.irs.gov/pub/irs-pdf/p5728.pdf
Publication 5729,Exempt Organizations Technical Guide TG 0 Technical Guide Overview,Dec 2023,12/15/2023,https://www.irs.gov/pub/irs-pdf/p5729.pdf
Publication 5730,Exempt Organizations Technical Guide TG 3-4: Exempt Purposes - Scientific - IRC Section  501(c)(3),Feb 2024,02/01/2024,https://www.irs.gov/pub/irs-pdf/p5730.pdf
Publication 5731,Start e-filing Forms 1099 with the Information Returns Intake System,Dec 2022,01/11/2023,https://www.irs.gov/pub/irs-pdf/p5731.pdf
Publication 5731-B,Are you making money selling things or providing a service?,Nov 2025,11/24/2025,https://www.irs.gov/pub/irs-pdf/p5731b.pdf
Form 5735,American Samoa Economic Development Credit,Jan 2013,01/17/2013,https://www.irs.gov/pub/irs-pdf/f5735.pdf
Instruction 5735,"Instructions for Form 5735, American Samoa Economic Development Credit",Jan 2013,01/23/2013,https://www.irs.gov/pub/irs-pdf/i5735.pdf
Publication 5735,Federal Employee/Retiree Delinquency Initiative (FERDI),Jan 2026,01/27/2026,https://www.irs.gov/pub/irs-pdf/p5735.pdf
Publication 5743,Taxpayer Compliance Burden,Apr 2023,04/27/2023,https://www.irs.gov/pub/irs-pdf/p5743.pdf
Publication 5744,"Estate Tax Returns, Year of Death 2019",Feb 2023,02/16/2023,https://www.irs.gov/pub/irs-pdf/p5744.pdf
Form 5754,Statement by Person(s) Receiving Gambling Winnings,Nov 2024,11/05/2024,https://www.irs.gov/pub/irs-pdf/f5754.pdf
Form 5768,Election/Revocation of Election By an Eligible Section 501(c)(3) Organization to Make Expenditures To Influence Legislation,Sep 2016,08/29/2016,https://www.irs.gov/pub/irs-pdf/f5768.pdf
Publication 5774,Entertainment Audit Technique Guide,Mar 2023,03/21/2023,https://www.irs.gov/pub/irs-pdf/p5774.pdf
Publication 5776,Free Tax Return Preparation and Filing,Mar 2023,03/13/2023,https://www.irs.gov/pub/irs-pdf/p5776.pdf
Publication 5780,"Exempt Organizations Technical Guide TG 1 Instrumentalities of the United States, Government Corporations, and Federal Credit Unions - IRC 501(c)(1)",Feb 2024,02/05/2024,https://www.irs.gov/pub/irs-pdf/p5780.pdf
Publication 5781,"Exempt Organizations Technical Guide TG 3-3 Exempt Purpose, Charitable IRC 501(c)(3)",Feb 2024,02/06/2024,https://www.irs.gov/pub/irs-pdf/p5781.pdf
Publication 5783,The Underpayment Tax Gap for Tax Years 2014-2016,Oct 2022,03/21/2023,https://www.irs.gov/pub/irs-pdf/p5783.pdf
Publication 5784,Estimation of the Underreporting Tax Gap for Tax Years 2014Â2016:  Methodology,Oct 2022,03/21/2023,https://www.irs.gov/pub/irs-pdf/p5784.pdf
Publication 5785,The Individual Income Tax and Self-Employment Tax Nonfiling Tax Gaps for Tax Years 2014-2016,Oct 2022,03/21/2023,https://www.irs.gov/pub/irs-pdf/p5785.pdf
Publication 5786,The Net Tax Gap for Tax Years 2014-2016,Oct 2022,03/21/2023,https://www.irs.gov/pub/irs-pdf/p5786.pdf
Publication 5788,IRS Report to Congress: Inflation Reduction Act §10301(1)(B) IRS-run Direct e-File Tax Return System,May 2023,05/18/2023,https://www.irs.gov/pub/irs-pdf/p5788.pdf
Publication 5789,Child and Dependent Care Credit,Apr 2023,05/17/2023,https://www.irs.gov/pub/irs-pdf/p5789.pdf
Publication 5792,Small Businesses & Tax-Exempt Organizations: Beware of Tax Credit Scams!,Apr 2023,05/04/2023,https://www.irs.gov/pub/irs-pdf/p5792.pdf
Publication 5797,Home Energy Tax Credits,Jun 2023,06/08/2023,https://www.irs.gov/pub/irs-pdf/p5797.pdf
Publication 5800,Small Business/Self Employed Partnership Job Aid,Apr 2023,05/05/2023,https://www.irs.gov/pub/irs-pdf/p5800.pdf
Publication 5801,Tools & Resources for Small Businesses,Apr 2025,04/28/2025,https://www.irs.gov/pub/irs-pdf/p5801.pdf
Publication 5801-A,Tips & Resources for Military Spouse Entrepreneurs,Aug 2023,08/02/2023,https://www.irs.gov/pub/irs-pdf/p5801a.pdf
Publication 5802,Divorce & Taxes Checklist,Sep 2024,10/21/2024,https://www.irs.gov/pub/irs-pdf/p5802.pdf
Publication 5803,Management Quarterly Update FY 2025 Q4,Nov 2025,12/12/2025,https://www.irs.gov/pub/irs-pdf/p5803.pdf
Publication 5811,Child Tax Credit (CTC),Dec 2025,01/07/2026,https://www.irs.gov/pub/irs-pdf/p5811.pdf
Publication 5812,Tax-Exempt Organizations Unrelated Business Income Tax,Jun 2023,06/07/2023,https://www.irs.gov/pub/irs-pdf/p5812.pdf
Publication 5814,Alternative Media Center - IRS.gov/Accessibility/Making Accessibility a Reality,Nov 2024,11/29/2024,https://www.irs.gov/pub/irs-pdf/p5814.pdf
Publication 5815,Prohibited Items,Jun 2023,06/08/2023,https://www.irs.gov/pub/irs-pdf/p5815.pdf
Publication 5817,Elective Pay Overview,Apr 2024,05/31/2024,https://www.irs.gov/pub/irs-pdf/p5817.pdf
Publication 5817-A,Elective Pay for Rural Electric Cooperatives,Apr 2024,05/31/2024,https://www.irs.gov/pub/irs-pdf/p5817a.pdf
Publication 5817-B,Elective Pay for U.S. Territorial Governments,Apr 2024,05/31/2024,https://www.irs.gov/pub/irs-pdf/p5817b.pdf
Publication 5817-C,Elective Pay for Alaska Native Corporations,Apr 2024,05/31/2024,https://www.irs.gov/pub/irs-pdf/p5817c.pdf
Publication 5817-D,Elective Pay for Tax-Exempt Organizations,Apr 2024,05/31/2024,https://www.irs.gov/pub/irs-pdf/p5817d.pdf
Publication 5817-E,Elective Pay for State and Local Governments,Apr 2024,05/31/2024,https://www.irs.gov/pub/irs-pdf/p5817e.pdf
Publication 5817-F,Elective Pay for Indian Tribal Governments,Apr 2024,05/31/2024,https://www.irs.gov/pub/irs-pdf/p5817f.pdf
Publication 5817-G,Clean Energy Tax Incentives: Elective Pay-Eligible Tax Credits,Jun 2023,07/10/2023,https://www.irs.gov/pub/irs-pdf/p5817g.pdf
Publication 5818,High-Income Tax Returns,Jun 2023,06/12/2023,https://www.irs.gov/pub/irs-pdf/p5818.pdf
Publication 5819,"Individual Income Tax Return Data, Form 1040, Schedule E, Partnerships and S Corporations Net Income (Less Loss)",Jun 2023,06/12/2023,https://www.irs.gov/pub/irs-pdf/p5819.pdf
Publication 5827,Understanding your IRS Debt and Passport Certification,Jan 2025,01/27/2025,https://www.irs.gov/pub/irs-pdf/p5827.pdf
Publication 5828,Secure Messaging: A new way to connect with the IRS,Feb 2024,06/27/2025,https://www.irs.gov/pub/irs-pdf/p5828.pdf
Publication 5830,Modernized e-File (MeF) IS State and Trading Partners Reference Guide,Dec 2024,12/20/2024,https://www.irs.gov/pub/irs-pdf/p5830.pdf
Publication 5832,Energy Efficient Commercial Buildings Deduction,Aug 2023,09/01/2023,https://www.irs.gov/pub/irs-pdf/p5832.pdf
Publication 5833,Exempt Organizations Technical Guide TG 3-10: Disqualifying and Non-Exempt Activities - Trade or Business Activities   IRC Section 501(c)(3),Feb 2024,02/08/2024,https://www.irs.gov/pub/irs-pdf/p5833.pdf
Publication 5834,Exempt Organizations Technical Guide TG 44: Qualified Tuition Program   IRC Section 529,Feb 2024,02/06/2024,https://www.irs.gov/pub/irs-pdf/p5834.pdf
Publication 5835,Exempt Organizations Technical Guide TG 65: Excise Taxes - Excess Benefit Transactions - IRC Section 4958,Feb 2024,02/06/2024,https://www.irs.gov/pub/irs-pdf/p5835.pdf
Publication 5838,"VITA/TCE Intake/Interview and Quality Review Handbook Stakeholder Partnerships, Education, & Communication (SPEC)",Oct 2025,10/21/2025,https://www.irs.gov/pub/irs-pdf/p5838.pdf
Publication 5839,IRS Digital Assets Initiative Overview,Jul 2023,07/06/2023,https://www.irs.gov/pub/irs-pdf/p5839.pdf
Publication 5843,"Exempt Organizations Technical Guide TG 5: Labor, Agricultural, and Horticultural Organizations   IRC Section 501(c)(5)",Feb 2024,02/05/2024,https://www.irs.gov/pub/irs-pdf/p5843.pdf
Publication 5845,Do you need a new Employer Identification Number?,Jul 2023,07/26/2023,https://www.irs.gov/pub/irs-pdf/p5845.pdf
Publication 5850,Got Kids? Welcome Back to School!,Jul 2023,07/31/2023,https://www.irs.gov/pub/irs-pdf/p5850.pdf
Publication 5851,New Parents Check eligibility for these tax credits and deductions,Aug 2023,08/17/2023,https://www.irs.gov/pub/irs-pdf/p5851.pdf
Publication 5851-B,Adoption tax credit,Nov 2025,12/04/2025,https://www.irs.gov/pub/irs-pdf/p5851b.pdf
Publication 5854,5 Things to Know About Divorce and Taxes,Aug 2023,10/20/2023,https://www.irs.gov/pub/irs-pdf/p5854.pdf
Publication 5855,Inflation Reduction Act (IRA): Prevailing Wage & Registered Apprenticeship Overview,Jun 2024,07/01/2024,https://www.irs.gov/pub/irs-pdf/p5855.pdf
Publication 5858,Educational assistance programs can be used to help pay workers' student loans,Oct 2023,11/01/2023,https://www.irs.gov/pub/irs-pdf/p5858.pdf
Publication 5859,"Exempt Organizations Technical Guide TG 3-1: Overview, Applications, Exemption Requirements - IRC Section 501(c)(3)",Feb 2024,02/21/2024,https://www.irs.gov/pub/irs-pdf/p5859.pdf
Publication 5861,Exempt Organizations Technical Guide TG 13: Cemetery Companies   IRC Section 501(c)(13),Feb 2024,02/05/2024,https://www.irs.gov/pub/irs-pdf/p5861.pdf
Publication 5862,Energy Credits Online: Register for Energy Credits Online,Sep 2024,09/23/2024,https://www.irs.gov/pub/irs-pdf/p5862.pdf
Publication 5863,A Step-By-Step Guide For New and Used Clean Vehicle Dealers And Sellers For The Energy Credits Online,Sep 2024,09/24/2024,https://www.irs.gov/pub/irs-pdf/p5863.pdf
Publication 5864,New and Previously Owned Clean Vehicle Credit Time of Sale Reporting with Energy Credits Online,Sep 2024,09/24/2024,https://www.irs.gov/pub/irs-pdf/p5864.pdf
Publication 5864-A,New and Previously Owned Clean Vehicle Credit Time of Sale Reporting with Energy Credits Online,Sep 2024,09/25/2024,https://www.irs.gov/pub/irs-pdf/p5864a.pdf
Publication 5865,Clean Vehicle Credit Transfer,Oct 2023,11/06/2023,https://www.irs.gov/pub/irs-pdf/p5865.pdf
Publication 5866,NEW Clean Vehicle Tax Credit Checklist,Oct 2023,11/06/2023,https://www.irs.gov/pub/irs-pdf/p5866.pdf
Publication 5866-A,USED Clean Vehicle Tax Credit Checklist,Jan 2024,02/13/2024,https://www.irs.gov/pub/irs-pdf/p5866a.pdf
Publication 5867,Clean Vehicle Dealer and Seller Energy Credits Online Registration User Guide,Oct 2024,11/13/2024,https://www.irs.gov/pub/irs-pdf/p5867.pdf
Publication 5867-A,Inflation Reduction Act (IRA) New and Used Clean Vehicle Time-of-Sale Reporting User Guide,Jan 2025,01/16/2025,https://www.irs.gov/pub/irs-pdf/p5867a.pdf
Publication 5867-B,Clean Vehicle Dealer and Seller Energy Credits Online Registration: Return Vehicles (For Dealers),Dec 2024,01/13/2025,https://www.irs.gov/pub/irs-pdf/p5867b.pdf
Publication 5868,Starting a new business? Choose a business structure,Oct 2023,11/01/2023,https://www.irs.gov/pub/irs-pdf/p5868.pdf
Publication 5869,Federal Tax Compliance Research: Tax Gap Projections,Oct 2024,10/17/2024,https://www.irs.gov/pub/irs-pdf/p5869.pdf
Publication 5870,Federal Tax Compliance Research: Tax Gap Projections Maps,Oct 2024,10/17/2024,https://www.irs.gov/pub/irs-pdf/p5870.pdf
Publication 5876,VITA/TCE Foreign Student and Scholar Volunteer Training Guide,Oct 2024,10/10/2024,https://www.irs.gov/pub/irs-pdf/p5876.pdf
Publication 5878,Help Taxpayers Select a Preferred Language,Mar 2025,03/20/2025,https://www.irs.gov/pub/irs-pdf/p5878.pdf
Publication 5883,SPEC Over-the-Phone Interpreter (OPI) Service Training,Aug 2025,10/09/2025,https://www.irs.gov/pub/irs-pdf/p5883.pdf
Form 5884,Work Opportunity Credit,Mar 2021,04/01/2021,https://www.irs.gov/pub/irs-pdf/f5884.pdf
Instruction 5884,"Instructions for Form 5884, Work Opportunity Credit",Mar 2021,04/01/2021,https://www.irs.gov/pub/irs-pdf/i5884.pdf
Publication 5884,Inflation Reduction Act (IRA) and CHIPS Act of 2022 (CHIPS) Pre-Filing Registration Tool User Guide,Nov 2023,11/17/2023,https://www.irs.gov/pub/irs-pdf/p5884.pdf
Form 5884-A,Employee Retention Credit,Mar 2021,04/01/2021,https://www.irs.gov/pub/irs-pdf/f5884a.pdf
Instruction 5884-A,"Instructions for Form 5884-A, Employee Retention Credit",Mar 2021,04/01/2021,https://www.irs.gov/pub/irs-pdf/i5884a.pdf
Form 5884-C,Work Opportunity Credit for Qualified Tax-Exempt Organizations Hiring Qualified Veterans,Mar 2021,04/01/2021,https://www.irs.gov/pub/irs-pdf/f5884c.pdf
Form 5884-D,Employee Retention Credit for Certain Tax-Exempt Organizations Affected by Qualified Disasters,Apr 2021,04/22/2021,https://www.irs.gov/pub/irs-pdf/f5884d.pdf
Instruction 5884-D,"Instructions for Form 5884-D, Employee Retention Credit for Certain Tax-Exempt Organizations Affected by Qualified Disasters",Apr 2021,04/22/2021,https://www.irs.gov/pub/irs-pdf/i5884d.pdf
Publication 5885,Tax Security Awareness Tips & Resources,Oct 2024,11/06/2024,https://www.irs.gov/pub/irs-pdf/p5885.pdf
Publication 5886,Clean Energy Tax Incentives for Businesses,Mar 2023,04/03/2024,https://www.irs.gov/pub/irs-pdf/p5886.pdf
Publication 5886-A,Clean Energy Tax Incentives for Individuals,Jan 2024,02/05/2024,https://www.irs.gov/pub/irs-pdf/p5886a.pdf
Publication 5886-B,Clean Energy Efficiency Incentives and Residential Real Estate Properties,Sep 2024,10/02/2024,https://www.irs.gov/pub/irs-pdf/p5886b.pdf
Publication 5887,Employee Retention Credit Eligibility Checklist: Help with avoiding or resolving an incorrect claim,Dec 2024,02/13/2025,https://www.irs.gov/pub/irs-pdf/p5887.pdf
Publication 5888,IRS Certificate of Completion Instructions,Mar 2024,04/03/2024,https://www.irs.gov/pub/irs-pdf/p5888.pdf
Publication 5889,Over-The-Phone Interpreter,Aug 2025,07/31/2025,https://www.irs.gov/pub/irs-pdf/p5889.pdf
Publication 5891,Tax Exempt Organization Search (TEOS) Dataset Guide,Mar 2026,03/23/2026,https://www.irs.gov/pub/irs-pdf/p5891.pdf
Publication 5893,Exempt Organizations Technical Guide TG 14: State-Chartered Credit Unions and Mutual Reserve Funds – IIRC Section 501(c)(14),Dec 2023,12/15/2023,https://www.irs.gov/pub/irs-pdf/p5893.pdf
Publication 5894,Exempt Organizations Technical Guides TG 48: Unrelated Business Income Tax,Dec 2023,12/15/2023,https://www.irs.gov/pub/irs-pdf/p5894.pdf
Publication 5896,Introduction to Taxpayer Digital Communication (TDC) Secure File Sharing - Secure Messaging (SFS-SM),Feb 2024,03/14/2024,https://www.irs.gov/pub/irs-pdf/p5896.pdf
Publication 5899,Clean Vehicle Credit Transfer: Information you need to provide to the registered dealer,Dec 2023,01/19/2024,https://www.irs.gov/pub/irs-pdf/p5899.pdf
Publication 5900,Important Information for Consumers Transferring Clean Vehicle Tax Credits,Dec 2023,02/05/2024,https://www.irs.gov/pub/irs-pdf/p5900.pdf
Publication 5901,Return on Investment: Re-Examining Revenue Estimates for IRS Funding,Feb 2024,02/23/2024,https://www.irs.gov/pub/irs-pdf/p5901.pdf
Publication 5902,Clean Energy Authorization Permission Management,Jan 2025,01/31/2025,https://www.irs.gov/pub/irs-pdf/p5902.pdf
Publication 5903,IRIS App for TCC Tutorial,Dec 2024,01/27/2025,https://www.irs.gov/pub/irs-pdf/p5903.pdf
Publication 5904,Access Your Business Tax Account,Sep 2024,09/18/2024,https://www.irs.gov/pub/irs-pdf/p5904.pdf
Publication 5904-A,Access Your Business Tax Account,Sep 2024,11/04/2024,https://www.irs.gov/pub/irs-pdf/p5904a.pdf
Publication 5905,Information for Consumers Purchasing a New or Used Clean Vehicle,Jan 2025,02/03/2025,https://www.irs.gov/pub/irs-pdf/p5905.pdf
Publication 5911,IR App for TCC Tutorial,Dec 2024,03/26/2025,https://www.irs.gov/pub/irs-pdf/p5911.pdf
Publication 5913,Low-Income Housing Credit Agencies Report of Noncompliance or Building Disposition Audit Technique Guide,Jan 2024,01/25/2024,https://www.irs.gov/pub/irs-pdf/p5913.pdf
Publication 5914,The IRS Tax Adventure,Jan 2024,03/18/2024,https://www.irs.gov/pub/irs-pdf/p5914.pdf
Publication 5914-A,IRS Nationwide Tax Forum Tax Adventure,Apr 2024,04/12/2024,https://www.irs.gov/pub/irs-pdf/p5914a.pdf
Publication 5916,File for free with IRS Direct File,Feb 2025,02/10/2025,https://www.irs.gov/pub/irs-pdf/p5916.pdf
Publication 5917,IRS Direct File - What you need to Know,Feb 2025,02/11/2025,https://www.irs.gov/pub/irs-pdf/p5917.pdf
Publication 5918,Continuing Education Provider Program Numbering Sequence,Jan 2024,02/12/2024,https://www.irs.gov/pub/irs-pdf/p5918.pdf
Publication 5921,Exempt Organizations Technical Guide TG 8: Fraternal Beneficiary Societies and Domestic Fraternal Societies - IRC Section 501(c)(8) and IRC Section 501(c)(10),Feb 2024,02/07/2024,https://www.irs.gov/pub/irs-pdf/p5921.pdf
Publication 5924,Tips to Help Small Businesses Choose a Tax Preparer,Apr 2025,05/23/2025,https://www.irs.gov/pub/irs-pdf/p5924.pdf
Publication 5925,The ERISA Filing Acceptance System II (EFAST2) Dataset Guide,Feb 2024,02/27/2024,https://www.irs.gov/pub/irs-pdf/p5925.pdf
Publication 5926,Exempt Organizations Business Master File (EOBMF) Extract Dataset Guide,Apr 2026,04/08/2026,https://www.irs.gov/pub/irs-pdf/p5926.pdf
Publication 5927,The Political Organization Filing and Disclosure (POFD) Dataset Guide,Feb 2024,02/27/2024,https://www.irs.gov/pub/irs-pdf/p5927.pdf
Publication 5930,E-file is the best way to go for Form 8038-CP filers,Apr 2024,05/14/2024,https://www.irs.gov/pub/irs-pdf/p5930.pdf
Publication 5931,Pharmaceutical Industry Research Credit Audit Technique Guide,Apr 2024,04/08/2024,https://www.irs.gov/pub/irs-pdf/p5931.pdf
Publication 5945,Affordable Care Act (ACA) App for TCC Tutorial,Feb 2026,02/19/2026,https://www.irs.gov/pub/irs-pdf/p5945.pdf
Publication 5949,Helpful Tips to file with IRS Direct File,Feb 2025,02/11/2025,https://www.irs.gov/pub/irs-pdf/p5949.pdf
Publication 5951,IRS Form 1099-K MYTHS vs FACTS,Mar 2024,04/10/2024,https://www.irs.gov/pub/irs-pdf/p5951.pdf
Publication 5952,Are you ready to file with IRS Direct File?,Feb 2025,02/11/2025,https://www.irs.gov/pub/irs-pdf/p5952.pdf
Publication 5953,"IRS Careers - Privacy, Governmental Liaison and Disclosure",Jul 2024,08/21/2024,https://www.irs.gov/pub/irs-pdf/p5953.pdf
Publication 5958,Clean Vehicle Qualified Manufacturer Registration User Guide,Mar 2024,05/13/2024,https://www.irs.gov/pub/irs-pdf/p5958.pdf
Publication 5961,Protect your business from tax scams,Apr 2024,05/03/2024,https://www.irs.gov/pub/irs-pdf/p5961.pdf
Publication 5962,Split Dollar Life Insurance Guide Audit Technique Guide,Apr 2024,04/30/2024,https://www.irs.gov/pub/irs-pdf/p5962.pdf
Publication 5964,Employer-Provided Childcare Tax Credit,May 2024,05/20/2024,https://www.irs.gov/pub/irs-pdf/p5964.pdf
Publication 5965,Partner Promotion Bundle: National Small Business Week,May 2025,05/15/2025,https://www.irs.gov/pub/irs-pdf/p5965.pdf
Publication 5967,Energy Efficient Home Improvements Credit (25C),May 2024,05/31/2024,https://www.irs.gov/pub/irs-pdf/p5967.pdf
Publication 5968,Important Information for Consumers: Residential Clean Energy Credit (25D),May 2024,05/31/2024,https://www.irs.gov/pub/irs-pdf/p5968.pdf
Publication 5969,IRS Direct File Pilot Program: Filing Season 2024 After Action Report,May 2024,05/20/2024,https://www.irs.gov/pub/irs-pdf/p5969.pdf
Publication 5970,Extending the FBAR Penalty Assessment Period,Jun 2025,07/03/2025,https://www.irs.gov/pub/irs-pdf/p5970.pdf
Publication 5971,Tax resources for members of the military and veterans,Jun 2024,06/14/2024,https://www.irs.gov/pub/irs-pdf/p5971.pdf
Publication 5973,Should I visit a Taxpayer Assistance Center?,May 2024,05/15/2024,https://www.irs.gov/pub/irs-pdf/p5973.pdf
Publication 5975,Golden Parachute Payments Guide,May 2024,05/29/2024,https://www.irs.gov/pub/irs-pdf/p5975.pdf
Publication 5976,How to claim an Energy Efficient Home Improvement tax credit RESIDENTIAL ENERGY PROPERTY,Oct 2024,11/06/2024,https://www.irs.gov/pub/irs-pdf/p5976.pdf
Publication 5977,How to claim a Residential Clean Energy tax credit,Nov 2024,12/13/2024,https://www.irs.gov/pub/irs-pdf/p5977.pdf
Publication 5978,How to claim an Energy Efficient Home Improvement tax credit HOME ENERGY AUDIT,Jun 2024,07/11/2024,https://www.irs.gov/pub/irs-pdf/p5978.pdf
Publication 5979,"How to claim an Energy Efficient Home Improvement tax credit EXTERIOR DOORS, WINDOWS, SKYLIGHTS AND INSULATION MATERIALS",Jun 2024,07/11/2024,https://www.irs.gov/pub/irs-pdf/p5979.pdf
Publication 5982,Partner Promotion Bundle 2024 Clean Energy Credits,Jun 2024,06/06/2024,https://www.irs.gov/pub/irs-pdf/p5982.pdf
Publication 5983,IRA Prevailing Wage and Apprenticeship Requirements,Jun 2024,07/01/2024,https://www.irs.gov/pub/irs-pdf/p5983.pdf
Publication 5992,Equity (Stock) - Based Compensation Audit Technique Guide,Jun 2024,06/28/2024,https://www.irs.gov/pub/irs-pdf/p5992.pdf
Publication 5993,Educational Assistance Program (Sample),Apr 2026,04/08/2026,https://www.irs.gov/pub/irs-pdf/p5993.pdf
Publication 5998,Do you qualify for the Earned Income Tax Credit?,Jul 2024,08/26/2024,https://www.irs.gov/pub/irs-pdf/p5998.pdf
Publication 6002,Information for Heirs of Special Use Valuation Property,Sep 2024,10/03/2024,https://www.irs.gov/pub/irs-pdf/p6002.pdf
Publication 6008,Office of the Chief Operating Officer Student Volunteer Program,Aug 2024,08/12/2024,https://www.irs.gov/pub/irs-pdf/p6008.pdf
Publication 6009,Office of Governmental Liaison,Aug 2024,08/20/2024,https://www.irs.gov/pub/irs-pdf/p6009.pdf
Publication 6011,Refundable Tax Credits Bundle,Aug 2024,01/15/2025,https://www.irs.gov/pub/irs-pdf/p6011.pdf
Publication 6012,Annual Federal Tax Refresher (AFTR) Course Comprehension Test Parameters,Mar 2026,03/24/2026,https://www.irs.gov/pub/irs-pdf/p6012.pdf
Publication 6014,Section 162(m) Audit Technique Guide,Sep 2024,09/04/2024,https://www.irs.gov/pub/irs-pdf/p6014.pdf
Publication 6015,Exempt Organizations Technical Guide TG 3-31: Foundation Classification - Type I Supporting Organizations - IRC Section 509(a)(3),Sep 2024,09/05/2024,https://www.irs.gov/pub/irs-pdf/p6015.pdf
Publication 6016,Exempt Organizations Technical Guide TG 3-32: Foundation Classification - Type II Supporting Organizations - IRC Section 509(a)(3),Sep 2024,09/05/2024,https://www.irs.gov/pub/irs-pdf/p6016.pdf
Publication 6017,Exempt Organizations Technical Guide TG 3-33: Foundation Classification - Type III Supporting Organizations - IRC Section 509(a)(3,Sep 2024,09/05/2024,https://www.irs.gov/pub/irs-pdf/p6017.pdf
Publication 6020,IRS HBCU Week Hiring Event,Aug 2024,09/18/2024,https://www.irs.gov/pub/irs-pdf/p6020.pdf
Publication 6021,LB&I Organization Chart,Feb 2026,02/13/2026,https://www.irs.gov/pub/irs-pdf/p6021.pdf
Publication 6022,Completing Form 990-T for Elective Payment Only,Jan 2025,01/16/2025,https://www.irs.gov/pub/irs-pdf/p6022.pdf
Publication 6024,Foreign Recipients of U.S. Income Under Chapter 3 Withholding,Sep 2024,09/25/2024,https://www.irs.gov/pub/irs-pdf/p6024.pdf
Publication 6025,Secure Messaging: Contact the IRS through Secure Messaging User Guide,Feb 2025,02/28/2025,https://www.irs.gov/pub/irs-pdf/p6025.pdf
Publication 6026,2026 Annual Federal Tax Refresher (AFTR) Course,Mar 2026,03/30/2026,https://www.irs.gov/pub/irs-pdf/p6026.pdf
Publication 6027,"Individuals, Electric Vehicle Chargers, and the Alternative Fuel Vehicle Refueling Property Credit",Nov 2024,12/09/2024,https://www.irs.gov/pub/irs-pdf/p6027.pdf
Publication 6028,Businesses and the Alternative Fuel Vehicle Refueling Property Credit,Nov 2024,12/09/2024,https://www.irs.gov/pub/irs-pdf/p6028.pdf
Publication 6029,Tax-Exempt Entities and the Alternative Fuel Vehicle Refueling Property Credit,Nov 2024,12/09/2024,https://www.irs.gov/pub/irs-pdf/p6029.pdf
Publication 6030,Interactions Between the U.S Department of Justice (DOJ) and the Internal Revenue Service (IRS) regarding Restitution Based Assessments (RBA): Common Questions and Answers,Oct 2024,10/25/2024,https://www.irs.gov/pub/irs-pdf/p6030.pdf
Publication 6031,Federal Tax Compliance Research: Tax Gap Projections Methodology,Oct 2024,10/10/2024,https://www.irs.gov/pub/irs-pdf/p6031.pdf
Publication 6033,Guidance on Restrictions during Suspension or Disbarment from Practice Before the Internal Revenue Service,Jan 2025,04/16/2025,https://www.irs.gov/pub/irs-pdf/p6033.pdf
Publication 6035,IRS Direct File Media Guide,Feb 2025,02/11/2025,https://www.irs.gov/pub/irs-pdf/p6035.pdf
Publication 6036,IRS Direct File Outreach Guide,Feb 2025,02/05/2025,https://www.irs.gov/pub/irs-pdf/p6036.pdf
Publication 6038,Excise Tax OneSheet,Jan 2026,01/22/2026,https://www.irs.gov/pub/irs-pdf/p6038.pdf
Publication 6041,Tax Credits for Employers,Dec 2024,02/13/2025,https://www.irs.gov/pub/irs-pdf/p6041.pdf
Publication 6045,Tax-Exempt Entities and the Investment Tax Credit,Feb 2025,02/27/2025,https://www.irs.gov/pub/irs-pdf/p6045.pdf
Publication 6046,Energy Efficient Home Improvement Credit Qualified Manufacturers: Registration Guide,Dec 2024,01/14/2025,https://www.irs.gov/pub/irs-pdf/p6046.pdf
Publication 6048,Fact Sheet: IRS Direct File - SPEC Partner Opportunities for SPEC Partners and Employees,Dec 2024,12/20/2024,https://www.irs.gov/pub/irs-pdf/p6048.pdf
Publication 6049,IRS Toolkit for Partners: Divorce and Taxes,Jan 2025,01/28/2025,https://www.irs.gov/pub/irs-pdf/p6049.pdf
Publication 6050,SPEC Quality Oversight Reviews: What to Expect for SPEC Partners,Oct 2025,10/27/2025,https://www.irs.gov/pub/irs-pdf/p6050.pdf
Publication 6052,Excise Tax on Indoor Tanning Services Audit Technique Guide,Jan 2025,01/13/2025,https://www.irs.gov/pub/irs-pdf/p6052.pdf
Publication 6054,Elective Payment and Transferability Eco Tool Features,Jan 2025,03/18/2025,https://www.irs.gov/pub/irs-pdf/p6054.pdf
Publication 6055,Exempt Organizations Technical Guide TG 2: Single-Parent Title-Holding Corporations - IRC Section 501(c)(2),Feb 2025,01/29/2025,https://www.irs.gov/pub/irs-pdf/p6055.pdf
Publication 6056,Exempt Organizations Technical Guide TG 25: Multiple-Parent Title-Holding Organizations - IRC Section 501(c)(25),Feb 2025,01/29/2025,https://www.irs.gov/pub/irs-pdf/p6056.pdf
Publication 6057,Taxpayer Digital Communication - Secure Messaging for Businesses,Jun 2025,06/18/2025,https://www.irs.gov/pub/irs-pdf/p6057.pdf
Publication 6058,48(e) Applicant User Guide,Mar 2025,03/19/2025,https://www.irs.gov/pub/irs-pdf/p6058.pdf
Publication 6059,Clean Vehicle Eco Tool Features,Jan 2025,03/18/2025,https://www.irs.gov/pub/irs-pdf/p6059.pdf
Publication 6060,Heavy Highway Vehicle Use Tax Return,Apr 2025,07/01/2025,https://www.irs.gov/pub/irs-pdf/p6060.pdf
Publication 6064,EITC 50th Anniversary,Feb 2025,02/11/2025,https://www.irs.gov/pub/irs-pdf/p6064.pdf
Publication 6065,48E(h) Applicant User Guide,Feb 2025,02/10/2025,https://www.irs.gov/pub/irs-pdf/p6065.pdf
Publication 6066,48E(h) Successor-in-Interest Transfer Request User Guide,Jun 2025,06/24/2025,https://www.irs.gov/pub/irs-pdf/p6066.pdf
Publication 6067,48E(h) Federal Housing List Category 3,Feb 2025,02/10/2025,https://www.irs.gov/pub/irs-pdf/p6067.pdf
Publication 6068,48E(h) Applicant Checklist,Feb 2025,02/10/2025,https://www.irs.gov/pub/irs-pdf/p6068.pdf
Form 6069,"Return of Certain Excise Taxes on Mine Operators, Black Lung Trusts, and Other Persons Under Sections 4951, 4952, and 4953",Dec 2025,12/17/2025,https://www.irs.gov/pub/irs-pdf/f6069.pdf
Instruction 6069,"Instructions for Form 6069, Return of Certain Excise Taxes on Mine Operators, Black Lung Trusts, and Other Persons Under Sections 4951, 4952, 4953",Dec 2025,12/17/2025,https://www.irs.gov/pub/irs-pdf/i6069.pdf
Publication 6069,48(e) Low-Income Communities Bonus Credit Program FAQs,Jun 2025,06/24/2025,https://www.irs.gov/pub/irs-pdf/p6069.pdf
Publication 6070,48(e) Low-Income Communities Bonus Credit Program Application Checklist,Feb 2025,02/10/2025,https://www.irs.gov/pub/irs-pdf/p6070.pdf
Publication 6072,Home Energy Credits: Apply to be a Qualified Manufacturer,Mar 2025,04/01/2025,https://www.irs.gov/pub/irs-pdf/p6072.pdf
Publication 6074,IRS Whistleblower Office Operating Plan,Apr 2025,04/21/2025,https://www.irs.gov/pub/irs-pdf/p6074.pdf
Publication 6075,Global Intangible Low-Taxed Income,Mar 2025,03/03/2025,https://www.irs.gov/pub/irs-pdf/p6075.pdf
Publication 6076,Section 250 Deduction for Foreign-Derived Intangible Income and Global Intangible Low-Taxed Income,Mar 2025,03/03/2025,https://www.irs.gov/pub/irs-pdf/p6076.pdf
Publication 6079,Annual Federal Tax Refresher (AFTR) Course Outline,Mar 2026,03/27/2026,https://www.irs.gov/pub/irs-pdf/p6079.pdf
Publication 6080,48(e) Successor-in-Interest Allocation Transfer Request Guide: Low-Income Communities Bonus Credit Program,May 2025,05/08/2025,https://www.irs.gov/pub/irs-pdf/p6080.pdf
Publication 6081,Fact Sheet: VITA/TCE Volunteer and Partner Sign Up Form for SPEC Employees and Partners,Mar 2025,04/02/2025,https://www.irs.gov/pub/irs-pdf/p6081.pdf
Publication 6082,Fact Sheet: VITA Locator Tool,Mar 2025,04/04/2025,https://www.irs.gov/pub/irs-pdf/p6082.pdf
Publication 6085,Tax Counseling for the Elderly (TCE) Assistance Listing 21.006 Notice of Funding Opportunity,Apr 2026,04/08/2026,https://www.irs.gov/pub/irs-pdf/p6085.pdf
Publication 6086,Volunteer Income Tax Assistance (VITA) Grant Program,Apr 2026,04/08/2026,https://www.irs.gov/pub/irs-pdf/p6086.pdf
Publication 6087,Cash or Deferred Arrangement (CODA) Listing of Required Modifications and Information Package (LRM),Mar 2025,03/25/2025,https://www.irs.gov/pub/irs-pdf/p6087.pdf
Form 6088,Distributable Benefits From Employee Pension Benefit Plans,Mar 2008,07/17/2012,https://www.irs.gov/pub/irs-pdf/f6088.pdf
Publication 6088,Defined Contribution Listing of Required Modifications and Information Package (LRM),Mar 2025,03/25/2025,https://www.irs.gov/pub/irs-pdf/p6088.pdf
Publication 6089,"Earned Income Credit, Paid Preparer and Refund Anticipation Checks",Mar 2025,03/17/2025,https://www.irs.gov/pub/irs-pdf/p6089.pdf
Publication 6090,Assistance for Hostage and Wrongfully Detained Taxpayers,Mar 2025,03/25/2025,https://www.irs.gov/pub/irs-pdf/p6090.pdf
Publication 6095,Your Rights to Records - Respond Directly as a Taxpayer,Apr 2025,05/23/2025,https://www.irs.gov/pub/irs-pdf/p6095.pdf
Publication 6096,"Instructions for Form 4461-C, Application for Approval of Standardized or Nonstandardized Pre-Approved 403(b) Plan",Oct 2024,05/01/2025,https://www.irs.gov/pub/irs-pdf/p6096.pdf
Publication 6101,"Exempt Organizations Technical Guide TG 3-8: Disqualifying and Non-Exempt Activities, Inurement and Private Benefit - IRC Section 501(c)(3)",May 2025,05/15/2025,https://www.irs.gov/pub/irs-pdf/p6101.pdf
Publication 6102,"Exempt Organizations Technical Guide TG 3-27: IRC Section 501(c)(3) Foundation Classification - Other Public Charities - IRC Sections 509(a)(1) and 170(b)(1)(A)(iv), (v), (ix) and Section 509 (a)(4)",May 2025,05/15/2025,https://www.irs.gov/pub/irs-pdf/p6102.pdf
Publication 6103,Get Help with Tax Debt,May 2025,07/07/2025,https://www.irs.gov/pub/irs-pdf/p6103.pdf
Publication 6109,Exempt Organizations Technical Guide TG 70: Charitable Trusts,May 2025,05/29/2025,https://www.irs.gov/pub/irs-pdf/p6109.pdf
Form 6112,Order for Prior Year Tax Products,May 2025,05/07/2025,https://www.irs.gov/pub/irs-pdf/f6112.pdf
Publication 6112,Fact Sheet: Enabling Keyboard Navigation in Safari for SPEC Employees and Volunteers,Jun 2025,06/17/2025,https://www.irs.gov/pub/irs-pdf/p6112.pdf
Publication 6113,Virtual Service Delivery: The Future of Service,Jun 2025,06/27/2025,https://www.irs.gov/pub/irs-pdf/p6113.pdf
Publication 6115,Timber Casualty Loss Audit Technique Guide,Jul 2025,07/11/2025,https://www.irs.gov/pub/irs-pdf/p6115.pdf
Publication 6116,Hardwood Timber Industry Guide Name Audit Technique Guide,Jul 2025,07/11/2025,https://www.irs.gov/pub/irs-pdf/p6116.pdf
Form 6118,Claim for Refund of Income Tax Return Preparer and Promoter Penalties,Jul 2018,07/31/2018,https://www.irs.gov/pub/irs-pdf/f6118.pdf
Publication 6118,Resources and Information for Tax Professionals,Jan 2026,02/03/2026,https://www.irs.gov/pub/irs-pdf/p6118.pdf
Publication 6120,Individuals Employed by Foreign Governments & International Organizations in the United States,Sep 2025,10/01/2025,https://www.irs.gov/pub/irs-pdf/p6120.pdf
Publication 6122,To Owe or Not to Owe: Resources to Avoid Tax Balances,Oct 2025,10/07/2025,https://www.irs.gov/pub/irs-pdf/p6122.pdf
Publication 6123,Adoption Tax Credit Checklist,Nov 2025,12/04/2025,https://www.irs.gov/pub/irs-pdf/p6123.pdf
Publication 6124,5 Things to Know About the Adoption Tax Credit,Nov 2025,12/15/2025,https://www.irs.gov/pub/irs-pdf/p6124.pdf
Publication 6126,Purchased A New Vehicle?,Jan 2026,02/02/2026,https://www.irs.gov/pub/irs-pdf/p6126.pdf
Publication 6127,Are You An Auto Loan Lender?,Feb 2026,02/03/2026,https://www.irs.gov/pub/irs-pdf/p6127.pdf
Publication 6128,Protect Yourself. Know the Signs of Tax Fraud.,Mar 2026,04/08/2026,https://www.irs.gov/pub/irs-pdf/p6128.pdf
Publication 6129,Bank Secrecy Act (BSA) Metrics,Feb 2026,02/24/2026,https://www.irs.gov/pub/irs-pdf/p6129.pdf
Publication 6130,Adoption Tax Credit Infographic,Feb 2026,02/09/2026,https://www.irs.gov/pub/irs-pdf/p6130.pdf
Publication 6133,Do you receive tips or earn overtime pay at work?,Mar 2026,03/02/2026,https://www.irs.gov/pub/irs-pdf/p6133.pdf
Publication 6138,Your Path to Reporting Tax Fraud & Tax Scams,Feb 2026,03/02/2026,https://www.irs.gov/pub/irs-pdf/p6138.pdf
Publication 6139,Stay Alert Report Suspicious Activity,Feb 2026,03/02/2026,https://www.irs.gov/pub/irs-pdf/p6139.pdf
Publication 6140,How Your Tax Bill or Refund May Be Different For the 2025 Tax Year,Mar 2026,03/25/2026,https://www.irs.gov/pub/irs-pdf/p6140.pdf
Publication 6142,Additional Deduction for Seniors,Mar 2026,03/23/2026,https://www.irs.gov/pub/irs-pdf/p6142.pdf
Publication 6143,"Instructions for Form 4506-A, Request for a Copy of Exempt or Political Organization IRS Form",Mar 2026,03/23/2026,https://www.irs.gov/pub/irs-pdf/p6143.pdf
Publication 6144,"One, Big, Beautiful Bill Act Provisions for SPEC Employees and Partners",Apr 2026,04/08/2026,https://www.irs.gov/pub/irs-pdf/p6144.pdf
Publication 6149,Calendar Year Return Projections by State,Dec 2025,12/17/2025,https://www.irs.gov/pub/irs-pdf/p6149.pdf
Publication 6154,Earned Income Tax Credit (EITC),Apr 2026,04/08/2026,https://www.irs.gov/pub/irs-pdf/p6154.pdf
Publication 6155,Amended Individual Income Tax Returns,Apr 2026,04/08/2026,https://www.irs.gov/pub/irs-pdf/p6155.pdf
Publication 6186,Calendar Year Return Projections for the United States and IRS Campuses 2025 Update,Dec 2025,12/17/2025,https://www.irs.gov/pub/irs-pdf/p6186.pdf
Publication 6186-A,Calendar Year Projections for the United States and IRS Campuses,Dec 2025,12/17/2025,https://www.irs.gov/pub/irs-pdf/p6186a.pdf
Publication 6187,Calendar Year Projections of Individual Returns by Major Processing Categories,Dec 2025,12/17/2025,https://www.irs.gov/pub/irs-pdf/p6187.pdf
Publication 6187-A,Calendar Year Projections of Individual Returns by Major Processing Categories,Dec 2025,12/17/2025,https://www.irs.gov/pub/irs-pdf/p6187a.pdf
Form 6197,Gas Guzzler Tax,Oct 2023,09/19/2024,https://www.irs.gov/pub/irs-pdf/f6197.pdf
Form 6198,At-Risk Limitations,Nov 2025,11/07/2025,https://www.irs.gov/pub/irs-pdf/f6198.pdf
Instruction 6198,"Instructions for Form 6198, At-Risk Limitations",Nov 2025,11/10/2025,https://www.irs.gov/pub/irs-pdf/i6198.pdf
Form 6251,Alternative Minimum Tax - Individuals,2025,01/07/2026,https://www.irs.gov/pub/irs-pdf/f6251.pdf
Instruction 6251,"Instructions for Form 6251, Alternative Minimum Tax - Individuals",2025,01/16/2026,https://www.irs.gov/pub/irs-pdf/i6251.pdf
Form 6252,Installment Sale Income,2025,11/20/2025,https://www.irs.gov/pub/irs-pdf/f6252.pdf
Publication 6292,"Fiscal Year Return Projections for the United States: 2025-2032, Fall 2025",Sep 2025,12/17/2025,https://www.irs.gov/pub/irs-pdf/p6292.pdf
Publication 6292-A,Fiscal Year Return Projections for the United States: 2025-2032,Sep 2025,12/17/2025,https://www.irs.gov/pub/irs-pdf/p6292a.pdf
Publication 6388,Employee Benefit Plans: Explanation No. 1 Minimum Participation Standards,Jun 2021,06/17/2021,https://www.irs.gov/pub/irs-pdf/p6388.pdf
Publication 6389,Employee Benefit Plans: Explanation No. 2 Minimum Vesting Standards Defined Contribution Plan,Jun 2021,06/17/2021,https://www.irs.gov/pub/irs-pdf/p6389.pdf
Publication 6391,Employee Benefit Plans: Explanation No. 3 Joint and Survivor Determination of Qualification,Jun 2021,06/17/2021,https://www.irs.gov/pub/irs-pdf/p6391.pdf
Publication 6392,Employee Benefit Plans: Explanation No. 4 Miscellaneous Provisions,Jun 2021,06/16/2021,https://www.irs.gov/pub/irs-pdf/p6392.pdf
Publication 6393,Employee Benefit Plans: Explanation No. 5 Safe Harbor Nondiscrimination Requirements Defined Contribution Plans,Jun 2021,06/16/2021,https://www.irs.gov/pub/irs-pdf/p6393.pdf
Form 6478,Biofuel Producer Credit,Jan 2020,01/14/2020,https://www.irs.gov/pub/irs-pdf/f6478.pdf
Instruction 6478,"Instructions for Form 6478, Biofuel Producer Credit",Oct 2023,10/26/2023,https://www.irs.gov/pub/irs-pdf/i6478.pdf
Form 6497,Information Return of Nontaxable Energy Grants or Subsidized Energy Financing,Aug 2019,10/01/2019,https://www.irs.gov/pub/irs-pdf/f6497.pdf
Publication 6511,Independent Office of Appeals Focus Guide,Nov 2023,12/07/2023,https://www.irs.gov/pub/irs-pdf/p6511.pdf
Form 6524,Chief Counsel Application Honors/Summer,Mar 2020,03/19/2020,https://www.irs.gov/pub/irs-pdf/f6524.pdf
Form 6627,Environmental Taxes,Jan 2026,12/23/2025,https://www.irs.gov/pub/irs-pdf/f6627.pdf
Instruction 6627,"Instructions for Form 6627, Environmental Taxes",Jan 2026,12/23/2025,https://www.irs.gov/pub/irs-pdf/i6627.pdf
Form 6729-C,VITA/TCE Return Review Sheet,Oct 2025,09/26/2025,https://www.irs.gov/pub/irs-pdf/f6729c.pdf
Form 6729-D,VITA/TCE Site Review Sheet,Oct 2025,10/14/2025,https://www.irs.gov/pub/irs-pdf/f6729d.pdf
Form 6744,VITA/TCE Volunteer Assistor's Test/Retest,Oct 2025,11/10/2025,https://www.irs.gov/pub/irs-pdf/f6744.pdf
Form 6765,Credit for Increasing Research Activities,Dec 2024,02/10/2025,https://www.irs.gov/pub/irs-pdf/f6765.pdf
Instruction 6765,"Instructions for Form 6765, Credit for Increasing Research Activities",Dec 2025,02/06/2026,https://www.irs.gov/pub/irs-pdf/i6765.pdf
Form 6781,Gains and Losses from Section 1256 Contracts and Straddles,2025,12/01/2025,https://www.irs.gov/pub/irs-pdf/f6781.pdf
Publication 6961,Calendar Year Projections of Information and Withholding Documents for the United States and IRS Campuses,Sep 2025,09/18/2025,https://www.irs.gov/pub/irs-pdf/p6961.pdf
Publication 6961-A,Calendar Year Projections of Information and Withholding Documents for the United States and IRS Campuses,Sep 2025,09/18/2025,https://www.irs.gov/pub/irs-pdf/p6961a.pdf
Publication 7001,Employee Benefit Plans: Explanation No. 6 Limitations on Contributions and Benefits,Jun 2021,06/16/2021,https://www.irs.gov/pub/irs-pdf/p7001.pdf
Publication 7002,Employee Benefit Plans: Explanation No. 7 Top-Heavy Requirements,Jun 2021,06/17/2021,https://www.irs.gov/pub/irs-pdf/p7002.pdf
Publication 7003,Employee Benefit Plans Explanation Number 8 Employee Leasing,Jun 2021,06/15/2021,https://www.irs.gov/pub/irs-pdf/p7003.pdf
Form 7004,"Application for Automatic Extension of Time To File Certain Business Income Tax, Information, and Other Returns",Dec 2025,01/12/2026,https://www.irs.gov/pub/irs-pdf/f7004.pdf
Instruction 7004,"Instructions for Form 7004, Application for Automatic Extension of Time To File Certain Business Income Tax, Information, and Other Returns",Dec 2025,12/04/2025,https://www.irs.gov/pub/irs-pdf/i7004.pdf
Publication 7004,Employee Benefit Plans Explanation Number 9 Required Distributions,Jun 2021,06/15/2021,https://www.irs.gov/pub/irs-pdf/p7004.pdf
Publication 7005,"Employee Benefit Plans: Explanation No. 10, Affiliated Service Groups",Apr 2016,09/16/2016,https://www.irs.gov/pub/irs-pdf/p7005.pdf
Form 7036,Election under Section 1101(g)(4) of the Bipartisan Budget Act of 2015,Apr 2017,04/25/2017,https://www.irs.gov/pub/irs-pdf/f7036.pdf
Form 7200,Advance Payment of Employer Credits Due to COVID-19,Apr 2021,02/01/2022,https://www.irs.gov/pub/irs-pdf/f7200.pdf
Instruction 7200,"Instructions for Form 7200, Advance Payment of Employer Credits Due to COVID-19",Apr 2021,02/01/2022,https://www.irs.gov/pub/irs-pdf/i7200.pdf
Form 7203,S Corporation Shareholder Stock and Debt Basis Limitations,Dec 2022,12/06/2022,https://www.irs.gov/pub/irs-pdf/f7203.pdf
Instruction 7203,"Instructions for Form 7203, S Corporation Shareholder Stock and Debt Basis Limitations",Dec 2022,12/05/2022,https://www.irs.gov/pub/irs-pdf/i7203.pdf
Form 7204,Consent To Extend the Time To Assess Tax Related To Contested Foreign Income TaxesÂProvisional Foreign Tax Credit Agreement,Dec 2022,03/30/2023,https://www.irs.gov/pub/irs-pdf/f7204.pdf
Instruction 7204,"Instructions for Form 7204, Consent To Extend the Time To Assess Tax Related To Contested Foreign Income TaxesÂProvisional Foreign Tax Credit Agreement",Dec 2022,03/31/2023,https://www.irs.gov/pub/irs-pdf/i7204.pdf
Form 7205,Energy Efficient Commercial Buildings Deduction,Dec 2023,01/29/2024,https://www.irs.gov/pub/irs-pdf/f7205.pdf
Instruction 7205,"Instructions for Form 7205, Energy Efficient Commercial Buildings Deduction",Dec 2025,12/19/2025,https://www.irs.gov/pub/irs-pdf/i7205.pdf
Form 7206,Self-Employed Health Insurance Deduction,2025,12/17/2025,https://www.irs.gov/pub/irs-pdf/f7206.pdf
Instruction 7206,"Instructions for Form 7206, Self-Employed Health Insurance Deduction",2025,11/20/2025,https://www.irs.gov/pub/irs-pdf/i7206.pdf
Form 7207,Advanced Manufacturing Production Credit,Dec 2025,01/07/2026,https://www.irs.gov/pub/irs-pdf/f7207.pdf
Instruction 7207,"Instructions for Form 7207, Advanced Manufacturing Production Credit",Dec 2025,01/07/2026,https://www.irs.gov/pub/irs-pdf/i7207.pdf
Form 7208,Excise Tax on Repurchase of Corporate Stock,Jun 2024,07/03/2024,https://www.irs.gov/pub/irs-pdf/f7208.pdf
Instruction 7208,"Instructions for Form 7208, Excise Tax on Repurchase of Corporate Stock",Dec 2025,12/19/2025,https://www.irs.gov/pub/irs-pdf/i7208.pdf
Form 7210,Clean Hydrogen Production Credit,2025,01/12/2026,https://www.irs.gov/pub/irs-pdf/f7210.pdf
Instruction 7210,"Instructions for Form 7210, Clean Hydrogen Production Credit",2025,01/12/2026,https://www.irs.gov/pub/irs-pdf/i7210.pdf
Form 7211,Clean Electricity Production Credit,Dec 2024,01/31/2025,https://www.irs.gov/pub/irs-pdf/f7211.pdf
Instruction 7211,"Instructions for Form 7211, Clean Electricity Production Credit",Dec 2025,01/14/2026,https://www.irs.gov/pub/irs-pdf/i7211.pdf
Form 7213,Nuclear Power Production Credit,Dec 2024,11/26/2024,https://www.irs.gov/pub/irs-pdf/f7213.pdf
Instruction 7213,"Instructions for Form 7213, Nuclear Power Production Credit",Dec 2025,01/14/2026,https://www.irs.gov/pub/irs-pdf/i7213.pdf
Form 7217,Partner's Report of Property Distributed by a Partnership,Dec 2024,12/20/2024,https://www.irs.gov/pub/irs-pdf/f7217.pdf
Instruction 7217,"Instructions for Form 7217, Partner's Report of Property Distributed by a Partnership",Dec 2024,01/08/2025,https://www.irs.gov/pub/irs-pdf/i7217.pdf
Form 7218,Clean Fuel Production Credit,Dec 2024,12/23/2024,https://www.irs.gov/pub/irs-pdf/f7218.pdf
Instruction 7218,"Instructions for Form 7218,  Clean Fuel Production Credit",Dec 2025,12/31/2025,https://www.irs.gov/pub/irs-pdf/i7218.pdf
Form 7220,Prevailing Wage and Apprenticeship (PWA) Verification and Corrections,Dec 2025,01/08/2026,https://www.irs.gov/pub/irs-pdf/f7220.pdf
Instruction 7220,"Instructions for Form 7220, Prevailing Wage and Apprenticeship (PWA) Verification and Corrections",Dec 2025,01/08/2026,https://www.irs.gov/pub/irs-pdf/i7220.pdf
Publication 7334,Employee Benefit Plans Explanation Number 11 Employee and Matching Contributions,Jun 2021,06/15/2021,https://www.irs.gov/pub/irs-pdf/p7334.pdf
Publication 7335,Employee Benefit Plans Explanation No. 12 Section 401(k) Requirements,Jun 2021,06/15/2021,https://www.irs.gov/pub/irs-pdf/p7335.pdf
Form 8023,Elections Under Section 338 for Corporations Making Qualified Stock Purchases,Oct 2023,11/07/2023,https://www.irs.gov/pub/irs-pdf/f8023.pdf
Instruction 8023,"Instructions for Form 8023, Elections Under Section 338 for Corporations Making Qualified Stock Purchases",Oct 2023,11/07/2023,https://www.irs.gov/pub/irs-pdf/i8023.pdf
Form 8027,Employer's Annual Information Return of Tip Income and Allocated Tips,2025,10/16/2025,https://www.irs.gov/pub/irs-pdf/f8027.pdf
Instruction 8027,"Instructions for Form 8027, Employer's Annual Information Return of Tip Income and Allocated Tips",2025,10/16/2025,https://www.irs.gov/pub/irs-pdf/i8027.pdf
Form 8027-T,Transmittal of Employer's Annual Information Return of Tip Income and Allocated Tips,Oct 2024,10/09/2024,https://www.irs.gov/pub/irs-pdf/f8027t.pdf
Form 8038,Information Return for Tax-Exempt Private Activity Bond Issues,Sep 2025,09/30/2025,https://www.irs.gov/pub/irs-pdf/f8038.pdf
Instruction 8038,"Instructions for Form 8038, Information Return for Tax-Exempt Private Activity Bond Issues",Sep 2025,10/01/2025,https://www.irs.gov/pub/irs-pdf/i8038.pdf
Form 8038-B,Information Return for Build America Bonds and Recovery Zone Economic Development Bonds,Jan 2010,07/17/2012,https://www.irs.gov/pub/irs-pdf/f8038b.pdf
Instruction 8038-B,"Instructions for Form 8038-B, Information Return for Build America Bonds and Recovery Zone Economic Development Bonds",Sep 2018,09/14/2018,https://www.irs.gov/pub/irs-pdf/i8038b.pdf
Form 8038-CP,Return for Credit Payments to Issuers of Qualified Bonds,Jan 2022,01/07/2022,https://www.irs.gov/pub/irs-pdf/f8038cp.pdf
Instruction 8038-CP,"Instructions for Form 8038-CP and Schedule A (Form 8038-CP), Return for Credit Payments to Issuers of Qualified Bonds",Dec 2024,01/14/2025,https://www.irs.gov/pub/irs-pdf/i8038cp.pdf
Form 8038-CP (Schedule A),Specified Tax Credit Bonds Interest Limit Computation,Dec 2022,01/13/2023,https://www.irs.gov/pub/irs-pdf/f8038cpa.pdf
Form 8038-G,Information Return for Tax-Exempt Governmental Obligations,Oct 2021,10/01/2021,https://www.irs.gov/pub/irs-pdf/f8038g.pdf
Instruction 8038-G,"Instructions for Form 8038-G, Information Return for Tax-Exempt Governmental Obligations",Oct 2021,10/06/2021,https://www.irs.gov/pub/irs-pdf/i8038g.pdf
Form 8038-GC,"Information Return for Small Tax-Exempt Governmental Bond Issues, Leases, and Installment Sales",Oct 2021,10/01/2021,https://www.irs.gov/pub/irs-pdf/f8038gc.pdf
Form 8038-R,Request for Recovery of Overpayments Under Arbitrage Rebate Provisions,Oct 2021,10/14/2021,https://www.irs.gov/pub/irs-pdf/f8038r.pdf
Form 8038-T,"Arbitrage Rebate, Yield Reduction and Penalty in Lieu of Arbitrage Rebate",Oct 2021,10/07/2021,https://www.irs.gov/pub/irs-pdf/f8038t.pdf
Instruction 8038-T,"Instructions for Form 8038-T, Arbitrage Rebate, Yield Reduction and Penalty in Lieu of Arbitrage Rebate",Oct 2021,10/12/2021,https://www.irs.gov/pub/irs-pdf/i8038t.pdf
Form 8038-TC,Information Return for Tax Credit Bonds and Specified Tax Credit Bonds,Nov 2012,12/10/2012,https://www.irs.gov/pub/irs-pdf/f8038tc.pdf
Instruction 8038-TC,"Instructions for Form 8038-TC, Information Return for Tax Credit Bonds and Specified Tax Credit Bonds",Sep 2018,09/19/2018,https://www.irs.gov/pub/irs-pdf/i8038tc.pdf
Form 8050,Direct Deposit of Tax Exempt or Government Entity Tax Refund,Dec 2025,11/12/2025,https://www.irs.gov/pub/irs-pdf/f8050.pdf
Form 8082,Notice of Inconsistent Treatment  or Administrative Adjustment Request (AAR),Oct 2025,10/09/2025,https://www.irs.gov/pub/irs-pdf/f8082.pdf
Instruction 8082,"Instructions for Form 8082, Notice of Inconsistent Treatment or Administrative Adjustment Request (AAR)",Oct 2025,12/01/2025,https://www.irs.gov/pub/irs-pdf/i8082.pdf
Form 8233,Exemption From Withholding on Compensation for Independent (and Certain Dependent) Personal Services of a Nonresident Alien Individual,Sep 2018,09/12/2018,https://www.irs.gov/pub/irs-pdf/f8233.pdf
Instruction 8233,"Instructions for Form 8233, Exemption From Withholding on Compensation for Independent (and Certain Dependent) Personal Services of a Nonresident Alien Individual",Dec 2025,11/24/2025,https://www.irs.gov/pub/irs-pdf/i8233.pdf
Form 8274,Certification by Churches and Qualified Church-Controlled Organizations Electing Exemption From Employer Social Security and Medicare Taxes,Sep 2022,09/30/2022,https://www.irs.gov/pub/irs-pdf/f8274.pdf
Form 8275,Disclosure Statement,Oct 2024,10/29/2024,https://www.irs.gov/pub/irs-pdf/f8275.pdf
Instruction 8275,"Instructions for Form 8275, Disclosure Statement",Oct 2024,10/29/2024,https://www.irs.gov/pub/irs-pdf/i8275.pdf
Form 8275-R,Regulation Disclosure Statement,Nov 2024,11/05/2024,https://www.irs.gov/pub/irs-pdf/f8275r.pdf
Instruction 8275-R,"Instructions for Form 8275-R, Regulation Disclosure Statement",Nov 2024,11/07/2024,https://www.irs.gov/pub/irs-pdf/i8275r.pdf
Form 8281,Information Return for Publicly Offered Original Issue Discount Instruments,Dec 2025,12/16/2025,https://www.irs.gov/pub/irs-pdf/f8281.pdf
Form 8282,"Donee Information Return (Sale, Exchange or Other Disposition of Donated Property)",Oct 2021,10/25/2021,https://www.irs.gov/pub/irs-pdf/f8282.pdf
Form 8283,Noncash Charitable Contributions,Dec 2025,01/06/2026,https://www.irs.gov/pub/irs-pdf/f8283.pdf
Instruction 8283,"Instructions for Form 8283, Noncash Charitable Contributions",Dec 2025,02/02/2026,https://www.irs.gov/pub/irs-pdf/i8283.pdf
Form 8283-V,Payment Voucher for Filing Fee Under Section 170(f)(13),Aug 2013,10/28/2013,https://www.irs.gov/pub/irs-pdf/f8283v.pdf
Form 8288,U.S. Withholding Tax Return for Certain Dispositions by Foreign Persons,Jan 2026,12/17/2025,https://www.irs.gov/pub/irs-pdf/f8288.pdf
Instruction 8288,"Instructions for Form 8288, U.S. Withholding Tax Return for Certain Dispositions by Foreign Persons",Jan 2026,12/17/2025,https://www.irs.gov/pub/irs-pdf/i8288.pdf
Form 8288-A,Statement of Withholding on Dispositions by Foreign Persons of U.S. Real Property Interests,Jan 2023,12/20/2022,https://www.irs.gov/pub/irs-pdf/f8288a.pdf
Form 8288-B,Application for Withholding Certificate for Dispositions by Foreign Persons of U.S. Real Property Interests,Dec 2025,12/08/2025,https://www.irs.gov/pub/irs-pdf/f8288b.pdf
Form 8288-C,Statement of Withholding Under Section 1446(f)(4) on Dispositions by Foreign Persons of Partnership Interests,Jan 2023,12/20/2022,https://www.irs.gov/pub/irs-pdf/f8288c.pdf
Form 8300,"Report of Cash Payments Over $10,000 Received In a Trade or Business",Dec 2023,12/31/2023,https://www.irs.gov/pub/irs-pdf/f8300.pdf
Instruction 8300,"Instructions for Form 8300, Report of Cash Payments Over $10,000 Received in a Trade or Business",Dec 2023,12/31/2023,https://www.irs.gov/pub/irs-pdf/i8300.pdf
Form 8302,Direct Deposit of Tax Refund of $1 Million or More,Nov 2018,11/01/2018,https://www.irs.gov/pub/irs-pdf/f8302.pdf
Form 8308,Report of a Sale or Exchange of Certain Partnership Interests,Oct 2024,10/30/2024,https://www.irs.gov/pub/irs-pdf/f8308.pdf
Instruction 8308,"Instructions for Form 8308, Report of a Sale or Exchange of Certain Partnership Interests",Nov 2025,12/22/2025,https://www.irs.gov/pub/irs-pdf/i8308.pdf
Form 8316,"Information Regarding Request for Refund of Social Security Tax Erroneously Withheld on Wages Received by a Nonresident Alien on an F, J, or M Type Visa",Jan 2006,07/17/2012,https://www.irs.gov/pub/irs-pdf/f8316.pdf
Form 8328,Carryforward Election of Unused Private Activity Bond Volume Cap,Aug 2022,09/01/2022,https://www.irs.gov/pub/irs-pdf/f8328.pdf
Form 8329,Lender's Information Return for Mortgage Credit Certificates (MCCs),Oct 2012,10/22/2012,https://www.irs.gov/pub/irs-pdf/f8329.pdf
Form 8330,Issuer's Quarterly Information Return for Mortgage Credit Certificates (MCCs),Oct 2021,10/15/2021,https://www.irs.gov/pub/irs-pdf/f8330.pdf
Form 8332,Release/Revocation of Release of Claim to Exemption for Child by Custodial Parent,Dec 2025,01/23/2026,https://www.irs.gov/pub/irs-pdf/f8332.pdf
Form 8379,Injured Spouse Allocation,Nov 2023,09/19/2024,https://www.irs.gov/pub/irs-pdf/f8379.pdf
Instruction 8379,"Instructions for Form 8379, Injured Spouse Allocation",Nov 2024,11/27/2024,https://www.irs.gov/pub/irs-pdf/i8379.pdf
Form 8396,Mortgage Interest Credit,2025,12/17/2025,https://www.irs.gov/pub/irs-pdf/f8396.pdf
Form 8404,Interest Charge on DISC-Related Deferred Tax Liability,2025,01/12/2026,https://www.irs.gov/pub/irs-pdf/f8404.pdf
Form 8453,U.S. Individual Income Tax Transmittal for an IRS e-file Return,2025,10/16/2025,https://www.irs.gov/pub/irs-pdf/f8453.pdf
Form 8453-CORP,E-file Declaration for Corporations,Dec 2025,11/20/2025,https://www.irs.gov/pub/irs-pdf/f8453crp.pdf
Form 8453-EG,"E-file Declaration for Forms 709, 709-NA, 706, 706-A, 706-GS(D), 706-GS(T), 706-NA, and 706-QDT",Dec 2025,01/13/2026,https://www.irs.gov/pub/irs-pdf/f8453eg.pdf
Form 8453-EMP,Employment Tax Declaration for an IRS e-file Return,Dec 2024,12/11/2024,https://www.irs.gov/pub/irs-pdf/f8453emp.pdf
Form 8453-EX,Excise Tax Declaration for an IRS e-file Return,Dec 2011,07/17/2012,https://www.irs.gov/pub/irs-pdf/f8453ex.pdf
Form 8453-FE,U.S. Estate or Trust Declaration for an IRS e-file Return,2025,01/13/2026,https://www.irs.gov/pub/irs-pdf/f8453fe.pdf
Form 8453-PE,E-file Declaration for Form 1065,Dec 2025,01/12/2026,https://www.irs.gov/pub/irs-pdf/f8453pe.pdf
Form 8453-R,Electronic Filing Declaration for Form 8963,Jan 2020,01/28/2020,https://www.irs.gov/pub/irs-pdf/f8453r.pdf
Form 8453-S,U.S. S Corporation Income Tax Declaration for an IRS e-file Return,2021,01/11/2022,https://www.irs.gov/pub/irs-pdf/f8453s.pdf
Form 8453-TE,Tax Exempt Entity Declaration and Signature for E-file,2025,12/09/2025,https://www.irs.gov/pub/irs-pdf/f8453te.pdf
Form 8453-TR,E-File Declaration or Authorization for Form 1045/1139,Dec 2025,01/23/2026,https://www.irs.gov/pub/irs-pdf/f8453tr.pdf
Form 8453-WH,Electronic Filing Declaration for Form 1042,Dec 2022,01/06/2023,https://www.irs.gov/pub/irs-pdf/f8453wh.pdf
Form 8453-X,Political Organization Declaration for Electronic Filing of Notice of Section 527 Status,Aug 2019,09/10/2019,https://www.irs.gov/pub/irs-pdf/f8453x.pdf
Form 8498,Continuing Education Provider Application and Request for Provider Number,Sep 2023,08/31/2023,https://www.irs.gov/pub/irs-pdf/f8498.pdf
Form 8508,Application for a Waiver from Electronic Filing of Information Returns,Nov 2023,11/21/2023,https://www.irs.gov/pub/irs-pdf/f8508.pdf
Form 8508-I,Request for Waiver From Filing Information Returns Electronically,Nov 2015,03/31/2016,https://www.irs.gov/pub/irs-pdf/f8508i.pdf
Form 8546,Claim for Reimbursement of Bank Charges,Nov 2024,12/04/2024,https://www.irs.gov/pub/irs-pdf/f8546.pdf
Form 8554,Application for Renewal of Enrollment to Practice Before the Internal Revenue Service,Nov 2022,11/04/2022,https://www.irs.gov/pub/irs-pdf/f8554.pdf
Form 8554-EP,Application for Renewal of Enrollment to Practice Before the Internal Revenue Service as an Enrolled Retirement Plan Agent (ERPA),Nov 2022,11/04/2022,https://www.irs.gov/pub/irs-pdf/f8554ep.pdf
Form 8582,Passive Activity Loss Limitations,2025,12/01/2025,https://www.irs.gov/pub/irs-pdf/f8582.pdf
Instruction 8582,"Instructions for Form 8582, Passive Activity Loss Limitations",2025,12/04/2025,https://www.irs.gov/pub/irs-pdf/i8582.pdf
Form 8582-CR,Passive Activity Credit Limitations,Dec 2024,11/18/2024,https://www.irs.gov/pub/irs-pdf/f8582cr.pdf
Instruction 8582-CR,"Instructions for Form 8582-CR, Passive Activity Credit Limitations",Dec 2025,01/09/2026,https://www.irs.gov/pub/irs-pdf/i8582cr.pdf
Form 8586,Low-Income Housing Credit,Dec 2023,12/07/2023,https://www.irs.gov/pub/irs-pdf/f8586.pdf
Form 8594,Asset Acquisition Statement Under Section 1060,Nov 2021,11/19/2021,https://www.irs.gov/pub/irs-pdf/f8594.pdf
Instruction 8594,"Instructions for Form 8594, Asset Acquisition Statement Under Section 1060",Nov 2021,11/19/2021,https://www.irs.gov/pub/irs-pdf/i8594.pdf
Form 8596,Information Return for Federal Contracts,Jan 2024,11/17/2023,https://www.irs.gov/pub/irs-pdf/f8596.pdf
Form 8596-A,Quarterly Transmittal of Information Returns for Federal Contracts,Aug 2013,08/22/2013,https://www.irs.gov/pub/irs-pdf/f8596a.pdf
Form 8606,Nondeductible IRAs,2025,12/12/2025,https://www.irs.gov/pub/irs-pdf/f8606.pdf
Instruction 8606,"Instructions for Form 8606, Nondeductible IRAs",2025,12/16/2025,https://www.irs.gov/pub/irs-pdf/i8606.pdf
Form 8609,Low-Income Housing Credit Allocation and Certification,Dec 2021,12/29/2021,https://www.irs.gov/pub/irs-pdf/f8609.pdf
Instruction 8609,"Instructions for Form 8609, Low-Income Housing Credit Allocation and Certification",Dec 2025,12/11/2025,https://www.irs.gov/pub/irs-pdf/i8609.pdf
Form 8609-A,Annual Statement for Low-Income Housing Credit,Dec 2008,07/17/2012,https://www.irs.gov/pub/irs-pdf/f8609a.pdf
Instruction 8609-A,"Instructions for Form 8609-A, Annual Statement for Low-Income Housing Credit",Dec 2025,12/12/2025,https://www.irs.gov/pub/irs-pdf/i8609a.pdf
Form 8610,Annual Low-Income Housing Credit Agencies Report,2025,01/09/2026,https://www.irs.gov/pub/irs-pdf/f8610.pdf
Form 8610 (Schedule A),Carryover Allocation of Low-Income Housing Credit,Dec 2024,12/10/2024,https://www.irs.gov/pub/irs-pdf/f8610sa.pdf
Form 8611,Recapture of Low-Income Housing Credit,Dec 2021,12/09/2021,https://www.irs.gov/pub/irs-pdf/f8611.pdf
Form 8612,Return of Excise Tax on Undistributed Income of Real Estate Investment Trusts,Dec 2025,01/09/2026,https://www.irs.gov/pub/irs-pdf/f8612.pdf
Instruction 8612,"Instructions for Form 8612, Return of Excise Tax on Undistributed Income of Real Estate Investment Trusts",Dec 2025,01/26/2026,https://www.irs.gov/pub/irs-pdf/i8612.pdf
Form 8613,Return of Excise Tax on Undistributed Income of Regulated Investment Companies,Dec 2025,01/09/2026,https://www.irs.gov/pub/irs-pdf/f8613.pdf
Instruction 8613,"Instructions for Form 8613, Return of Excise Tax on Undistributed Income of Regulated Investment Companies",Dec 2025,01/29/2026,https://www.irs.gov/pub/irs-pdf/i8613.pdf
Form 8615,Tax for Certain Children Who Have Unearned Income,2025,01/13/2026,https://www.irs.gov/pub/irs-pdf/f8615.pdf
Instruction 8615,"Instructions for Form 8615, Tax for Certain Children Who Have Unearned Income",2025,01/22/2026,https://www.irs.gov/pub/irs-pdf/i8615.pdf
Form 8621,Information Return by a Shareholder of a Passive Foreign Investment Company or Qualified Electing Fund,Dec 2025,11/26/2025,https://www.irs.gov/pub/irs-pdf/f8621.pdf
Instruction 8621,"Instructions for Form 8621, Information Return by a Shareholder of a Passive Foreign Investment Company or Qualified Electing Fund",Dec 2025,01/13/2026,https://www.irs.gov/pub/irs-pdf/i8621.pdf
Form 8621-A,Return by a Shareholder Making Certain Late Elections To End Treatment as a Passive Foreign Investment Company,Dec 2024,02/06/2025,https://www.irs.gov/pub/irs-pdf/f8621a.pdf
Instruction 8621-A,"Instructions for Form 8621-A, Return by a Shareholder Making Certain Late Elections To End Treatment as a Passive Foreign Investment Company",Dec 2024,01/30/2025,https://www.irs.gov/pub/irs-pdf/i8621a.pdf
Form 8653,Tax Counseling for the Elderly Program Application Plan,Apr 2025,10/23/2025,https://www.irs.gov/pub/irs-pdf/f8653.pdf
Form 8654,Tax Counseling for the Elderly Program Semi-Annual/Annual Program Report,Apr 2016,04/20/2016,https://www.irs.gov/pub/irs-pdf/f8654.pdf
Form 8655,Reporting Agent Authorization,Jan 2024,01/08/2024,https://www.irs.gov/pub/irs-pdf/f8655.pdf
Form 8689,Allocation of Individual Income Tax to the U.S. Virgin Islands,2025,11/03/2025,https://www.irs.gov/pub/irs-pdf/f8689.pdf
Form 8691,Internal Revenue Service Memorandum Refund Pursuant To: Settlement/Government Concession,Jun 2022,07/05/2022,https://www.irs.gov/pub/irs-pdf/f8691.pdf
Form 8697,Interest Computation Under the Look-Back Method for Completed Long-Term Contracts,Dec 2025,01/13/2026,https://www.irs.gov/pub/irs-pdf/f8697.pdf
Instruction 8697,"Instructions for Form 8697, Interest Computation Under the Look-Back Method for Completed Long-Term Contracts",Dec 2025,02/10/2026,https://www.irs.gov/pub/irs-pdf/i8697.pdf
Form 8703,Annual Certification of a Residential Rental Project,Dec 2021,12/01/2021,https://www.irs.gov/pub/irs-pdf/f8703.pdf
Form 8716,Election to Have a Tax Year Other Than a Required Tax Year,Aug 2021,09/03/2021,https://www.irs.gov/pub/irs-pdf/f8716.pdf
Form 8717,User Fee for Employee Plan Determination Letter Request,Jun 2022,06/28/2022,https://www.irs.gov/pub/irs-pdf/f8717.pdf
Form 8717-A,User Fee for Employee Plan Opinion Letter Request,Aug 2024,09/03/2024,https://www.irs.gov/pub/irs-pdf/f8717a.pdf
Form 8718,User Fee for Exempt Organization Determination Letter Request,Nov 2021,11/16/2021,https://www.irs.gov/pub/irs-pdf/f8718.pdf
Form 8725,Excise Tax on Greenmail,Dec 2025,01/06/2026,https://www.irs.gov/pub/irs-pdf/f8725.pdf
Instruction 8725,"Instructions for Form 8725, Excise Tax on Greenmail",Dec 2025,01/08/2026,https://www.irs.gov/pub/irs-pdf/i8725.pdf
Form 8752,Required Payments or Refund Under Section 7519,Dec 2025,01/14/2026,https://www.irs.gov/pub/irs-pdf/f8752.pdf
Instruction 8752,"Instructions for Form 8752, Required Payment or Refund Under Section 7519",Dec 2025,01/15/2026,https://www.irs.gov/pub/irs-pdf/i8752.pdf
Form 8796-A,Request for Return/Information (Federal/State Tax Exchange Program - State and Local Government Use Only),Sep 2021,10/14/2021,https://www.irs.gov/pub/irs-pdf/f8796a.pdf
Form 8801,"Credit for Prior Year Minimum Tax - Individuals, Estates, and Trusts",2025,12/23/2025,https://www.irs.gov/pub/irs-pdf/f8801.pdf
Instruction 8801,"Instructions for Form 8801, Credit for Prior Year Minimum Tax - Individuals, Estates, and Trusts",2025,12/23/2025,https://www.irs.gov/pub/irs-pdf/i8801.pdf
Form 8802,Application for United States Residency Certification,Nov 2018,11/08/2018,https://www.irs.gov/pub/irs-pdf/f8802.pdf
Instruction 8802,"Instructions for Form 8802, Application for United States Residency Certification",Oct 2024,09/06/2024,https://www.irs.gov/pub/irs-pdf/i8802.pdf
Form 8804,Annual Return for Partnership Withholding Tax (Section 1446),Dec 2025,12/17/2025,https://www.irs.gov/pub/irs-pdf/f8804.pdf
"Instruction 8804, 8805 and 8813","Instructions for Forms 8804, 8805, and 8813",Jan 2026,01/16/2026,https://www.irs.gov/pub/irs-pdf/i8804.pdf
Form 8804-C,Certificate of Partner-Level Items to Reduce Section 1446 Withholding,Mar 2009,07/17/2012,https://www.irs.gov/pub/irs-pdf/f8804c.pdf
Instruction 8804-C,"Instructions for Form 8804-C, Certificate of Partner-Level Items to Reduce Section 1446 Withholding",Nov 2012,02/28/2024,https://www.irs.gov/pub/irs-pdf/i8804c.pdf
Form 8804 (Schedule A),Penalty for Underpayment of Estimated Section 1446 Tax by Partnerships,2025,12/08/2025,https://www.irs.gov/pub/irs-pdf/f8804sa.pdf
Instruction 8804 (Schedule A),"Instructions for Schedule A (Form 8804), Penalty for Underpayment of Estimated Section 1446 Tax by Partnerships",2025,12/08/2025,https://www.irs.gov/pub/irs-pdf/i8804sa.pdf
Form 8804-W,Installment Payments of Section 1446 Tax for Partnerships,2026,11/24/2025,https://www.irs.gov/pub/irs-pdf/f8804w.pdf
Instruction 8804-W,"Instructions for Form 8804-W, Installment Payments of Section 1446 Tax for Partnerships",2026,11/13/2025,https://www.irs.gov/pub/irs-pdf/i8804w.pdf
Form 8805,Foreign Partner's Information Statement of Section 1446 Withholding tax,Nov 2019,11/08/2019,https://www.irs.gov/pub/irs-pdf/f8805.pdf
Form 8806,Information Return for Acquisition of Control or Substantial Change in Capital Structure,Oct 2016,07/26/2022,https://www.irs.gov/pub/irs-pdf/f8806.pdf
Form 8809,Application for Extension of Time to File Information Returns,Dec 2025,12/17/2025,https://www.irs.gov/pub/irs-pdf/f8809.pdf
Form 8809-EX,Request for Extension of Time To File an ExSTARS Information Return (For Form 720TO or Form 720CS),Jan 2014,01/21/2014,https://www.irs.gov/pub/irs-pdf/f8809ex.pdf
Form 8809-I,Application for Extension of Time to File FATCA Form 8966,Nov 2015,11/17/2015,https://www.irs.gov/pub/irs-pdf/f8809i.pdf
Instruction 8809-I,"Instructions for Form 8809-I, Application for Extension of Time to File FATCA Form 8966",Nov 2015,04/01/2016,https://www.irs.gov/pub/irs-pdf/i8809i.pdf
Form 8810,Corporate Passive Activity Loss and Credit Limitations,2025,11/20/2025,https://www.irs.gov/pub/irs-pdf/f8810.pdf
Instruction 8810,"Instructions for Form 8810, Corporate Passive Activity Loss and Credit Limitations",2025,11/20/2025,https://www.irs.gov/pub/irs-pdf/i8810.pdf
Form 8811,Information Return for Real Estate Mortgage Investment Conduits (REMICs) and Issuers of Collateralized Debt Obligations,Aug 2013,09/18/2013,https://www.irs.gov/pub/irs-pdf/f8811.pdf
Form 8813,Partnership Withholding Tax Payment Voucher (Section 1446),Dec 2008,07/17/2012,https://www.irs.gov/pub/irs-pdf/f8813.pdf
Form 8814,Parents' Election To Report Child's Interest and Dividends,2025,01/06/2026,https://www.irs.gov/pub/irs-pdf/f8814.pdf
Instruction 8814,"Instructions for Form 8814, Parents' Election To Report Child's Interest and Dividends",2025,02/02/2026,https://www.irs.gov/pub/irs-pdf/i8814.pdf
Form 8815,Exclusion of Interest From Series EE and I U.S. Savings Bonds Issued After 1989,2025,12/16/2025,https://www.irs.gov/pub/irs-pdf/f8815.pdf
Form 8818,Optional Form To Record Redemption of Series EE and I U.S. Savings Bonds Issued After 1989,Dec 2007,07/17/2012,https://www.irs.gov/pub/irs-pdf/f8818.pdf
Form 8819,Dollar Election Under Section 985,Sep 2017,09/16/2017,https://www.irs.gov/pub/irs-pdf/f8819.pdf
Form 8820,Orphan Drug Credit,Sep 2018,09/27/2018,https://www.irs.gov/pub/irs-pdf/f8820.pdf
Form 8821,Tax Information Authorization,Jan 2021,01/22/2021,https://www.irs.gov/pub/irs-pdf/f8821.pdf
Instruction 8821,"Instructions for Form 8821, Tax Information Authorization",Sep 2021,09/02/2021,https://www.irs.gov/pub/irs-pdf/i8821.pdf
Form 8821-A,IRS Disclosure Authorization for Victims of Identity Theft,Oct 2021,10/26/2021,https://www.irs.gov/pub/irs-pdf/f8821a.pdf
Form 8822,Change of Address,Feb 2021,01/26/2021,https://www.irs.gov/pub/irs-pdf/f8822.pdf
Form 8822-B,Change of Address or Responsible Party - Business,Dec 2019,06/05/2020,https://www.irs.gov/pub/irs-pdf/f8822b.pdf
Form 8823,Low-Income Housing Credit Agencies Report of Noncompliance or Building Disposition,Jun 2023,08/31/2023,https://www.irs.gov/pub/irs-pdf/f8823.pdf
Form 8824,Like-Kind Exchanges,2025,11/05/2025,https://www.irs.gov/pub/irs-pdf/f8824.pdf
Instruction 8824,"Instructions for Form 8824, Like-Kind Exchanges",2025,12/04/2025,https://www.irs.gov/pub/irs-pdf/i8824.pdf
Form 8825,Rental Real Estate Income and Expenses of a Partnership or an S Corporation,Dec 2025,01/06/2026,https://www.irs.gov/pub/irs-pdf/f8825.pdf
Instruction 8825,"Instructions for Form 8825 and Schedule A, Rental Real Estate Income and Expenses of a Partnership or an S Corporation",Dec 2025,01/06/2026,https://www.irs.gov/pub/irs-pdf/i8825.pdf
Form 8825 (Schedule A),Rental Real Estate Other Deductions,Dec 2025,01/12/2026,https://www.irs.gov/pub/irs-pdf/f8825sa.pdf
Form 8826,Disabled Access Credit,Sep 2017,09/16/2017,https://www.irs.gov/pub/irs-pdf/f8826.pdf
Form 8827,Credit for Prior Year Minimum Tax - Corporations,Dec 2024,01/08/2025,https://www.irs.gov/pub/irs-pdf/f8827.pdf
Form 8828,Recapture of Federal Mortgage Subsidy,Nov 2024,12/11/2024,https://www.irs.gov/pub/irs-pdf/f8828.pdf
Instruction 8828,"Instructions for Form 8828, Recapture of Federal Mortgage Subsidy",Nov 2024,01/22/2025,https://www.irs.gov/pub/irs-pdf/i8828.pdf
Form 8829,Expenses for Business Use of Your Home,2025,11/17/2025,https://www.irs.gov/pub/irs-pdf/f8829.pdf
Instruction 8829,"Instructions for Form 8829, Expenses for Business Use of Your Home",2025,03/05/2026,https://www.irs.gov/pub/irs-pdf/i8829.pdf
Form 8830,Enhanced Oil Recovery Credit,Mar 2022,03/23/2022,https://www.irs.gov/pub/irs-pdf/f8830.pdf
Form 8831,Excise Taxes on Excess Inclusions of REMIC Residual Interests,Apr 2018,03/13/2019,https://www.irs.gov/pub/irs-pdf/f8831.pdf
Form 8832,Entity Classification Election,Dec 2013,08/08/2022,https://www.irs.gov/pub/irs-pdf/f8832.pdf
Form 8833,Treaty-Based Return Position Disclosure Under Section 6114 or 7701(b),Dec 2022,11/30/2022,https://www.irs.gov/pub/irs-pdf/f8833.pdf
Form 8834,Qualified Electric Vehicle Credit,Oct 2024,11/04/2024,https://www.irs.gov/pub/irs-pdf/f8834.pdf
Form 8835,Renewable Electricity Production Credit,2025,01/07/2026,https://www.irs.gov/pub/irs-pdf/f8835.pdf
Instruction 8835,"Instructions for Form 8835, Renewable Electricity Production Credit",2025,01/07/2026,https://www.irs.gov/pub/irs-pdf/i8835.pdf
Form 8838,Consent to Extend the Time to Assess Tax Under Section 367 - Gain Recognition Agreement,Dec 2012,11/08/2012,https://www.irs.gov/pub/irs-pdf/f8838.pdf
Form 8838-P,Consent to Extend the Time to Assess Tax Pursuant to the Gain Deferral Method (Section 721(c)),Oct 2021,11/16/2021,https://www.irs.gov/pub/irs-pdf/f8838p.pdf
Form 8839,Qualified Adoption Expenses,2025,12/17/2025,https://www.irs.gov/pub/irs-pdf/f8839.pdf
Instruction 8839,"Instructions for Form 8839, Qualified Adoption Expenses",2025,12/17/2025,https://www.irs.gov/pub/irs-pdf/i8839.pdf
Form 8840,Closer Connection Exception Statement for Aliens,2025,10/28/2025,https://www.irs.gov/pub/irs-pdf/f8840.pdf
Form 8842,Election to Use Different Annualization Periods for Corporation Estimated Tax,Oct 2021,11/02/2021,https://www.irs.gov/pub/irs-pdf/f8842.pdf
Form 8843,Statement for Exempt Individuals and Individuals With a Medical Condition,2025,11/03/2025,https://www.irs.gov/pub/irs-pdf/f8843.pdf
Form 8844,Empowerment Zone Employment Credit,Mar 2020,03/17/2020,https://www.irs.gov/pub/irs-pdf/f8844.pdf
Instruction 8844,"Instructions for Form 8844, Empowerment Zone Employment Credit",Dec 2021,12/08/2021,https://www.irs.gov/pub/irs-pdf/i8844.pdf
Form 8846,Credit for Employer Social Security and Medicare Taxes Paid on Certain Employee Tips,2025,12/23/2025,https://www.irs.gov/pub/irs-pdf/f8846.pdf
Form 8848,Consent to Extend the Time to Assess the Branch Profits Tax Under Regulations Sections 1.884-2T(a) and (c),Sep 2017,09/16/2017,https://www.irs.gov/pub/irs-pdf/f8848.pdf
Form 8849,Claim for Refund of Excise Taxes,Aug 2014,08/21/2014,https://www.irs.gov/pub/irs-pdf/f8849.pdf
Form 8849 (Schedule 1),Nontaxable Use of Fuels,May 2020,06/01/2020,https://www.irs.gov/pub/irs-pdf/f8849s1.pdf
Form 8849 (Schedule 2),Sales by Registered Ultimate Vendors,Dec 2020,12/08/2020,https://www.irs.gov/pub/irs-pdf/f8849s2.pdf
Form 8849 (Schedule 3),Certain Fuel Mixtures and the Alternative Fuel Credit,Jan 2023,02/06/2023,https://www.irs.gov/pub/irs-pdf/f8849s3.pdf
Form 8849 (Schedule 5),Section 4081(e) Claims,Jan 2006,07/17/2012,https://www.irs.gov/pub/irs-pdf/f8849s5.pdf
Form 8849 (Schedule 6),Other Claims,Aug 2013,09/19/2014,https://www.irs.gov/pub/irs-pdf/f8849s6.pdf
Instruction 8849 (Schedule 6),"Instructions for Schedule 6 (Form 8849), Other Claims",Oct 2025,12/04/2025,https://www.irs.gov/pub/irs-pdf/i8849s6.pdf
Form 8849 (Schedule 8),Registered Credit Card Issuers,Oct 2006,07/17/2012,https://www.irs.gov/pub/irs-pdf/f8849s8.pdf
Form 8851,Summary of Archer MSAs,Feb 2007,07/17/2012,https://www.irs.gov/pub/irs-pdf/f8851.pdf
Form 8853,Archer MSAs and Long-Term Care Insurance Contracts,2025,12/19/2025,https://www.irs.gov/pub/irs-pdf/f8853.pdf
Instruction 8853,"Instructions for Form 8853, Archer MSAs and Long-Term Care Insurance Contracts",2025,12/18/2025,https://www.irs.gov/pub/irs-pdf/i8853.pdf
Form 8854,Initial and Annual Expatriation Information Statement,2025,12/01/2025,https://www.irs.gov/pub/irs-pdf/f8854.pdf
Instruction 8854,"Instructions for Form 8854, Initial and Annual Expatriation Statement",2025,12/01/2025,https://www.irs.gov/pub/irs-pdf/i8854.pdf
Form 8855,Election to Treat a Qualified Revocable Trust as Part of an Estate,Dec 2020,12/11/2020,https://www.irs.gov/pub/irs-pdf/f8855.pdf
Form 8857,Request for Innocent Spouse Relief,Jun 2021,07/30/2021,https://www.irs.gov/pub/irs-pdf/f8857.pdf
Instruction 8857,"Instructions for Form 8857, Request for Innocent Spouse Relief",Jun 2021,07/30/2021,https://www.irs.gov/pub/irs-pdf/i8857.pdf
Form 8858,Information Return of U.S. Persons With Respect to Foreign Disregarded Entities (FDEs) and Foreign Branches (FBs),Dec 2024,12/11/2024,https://www.irs.gov/pub/irs-pdf/f8858.pdf
Instruction 8858,"Instructions for Form 8858, Information Return of U.S. Persons With Respect To Foreign Disregarded Entities (FDEs) and Foreign Branches (FBs)",Dec 2024,12/09/2024,https://www.irs.gov/pub/irs-pdf/i8858.pdf
Form 8858 (Schedule M),Transactions Between Foreign Disregarded Entity (FDE) or Foreign Branch (FB) and the Filer or Other Related Entities,Sep 2021,09/30/2021,https://www.irs.gov/pub/irs-pdf/f8858sm.pdf
Form 8859,Carryforward of the District of Columbia First-Time Homebuyer Credit,2025,12/04/2025,https://www.irs.gov/pub/irs-pdf/f8859.pdf
Form 8862,Information To Claim Certain Credits After Disallowance,Dec 2025,01/08/2026,https://www.irs.gov/pub/irs-pdf/f8862.pdf
Instruction 8862,"Instructions to Form 8862, Information To Claim Certain Credits After Disallowance",Dec 2025,01/07/2026,https://www.irs.gov/pub/irs-pdf/i8862.pdf
Form 8863,Education Credits (American Opportunity and Lifetime Learning Credits),2025,11/06/2025,https://www.irs.gov/pub/irs-pdf/f8863.pdf
Instruction 8863,"Instructions for Form 8863, Education Credits (American Opportunity and Lifetime Learning Credits)",2025,11/06/2025,https://www.irs.gov/pub/irs-pdf/i8863.pdf
Form 8864,"Biodiesel, Renewable Diesel, or Sustainable Aviation Fuels Credit",Dec 2025,01/07/2026,https://www.irs.gov/pub/irs-pdf/f8864.pdf
Instruction 8864,"Instructions for Form 8864, Biodiesel, Renewable Diesel, or Sustainable Aviation Fuels Credit",Dec 2025,01/07/2026,https://www.irs.gov/pub/irs-pdf/i8864.pdf
Form 8865,Return of U.S. Persons With Respect to Certain Foreign Partnerships,2025,01/06/2026,https://www.irs.gov/pub/irs-pdf/f8865.pdf
Instruction 8865,"Instructions for Form 8865, Return of U.S. Persons With Respect to Certain Foreign Partnerships",2025,01/06/2026,https://www.irs.gov/pub/irs-pdf/i8865.pdf
Form 8865 (Schedule G),Statement of Application of the Gain Deferral Method Under Section 721(c),Dec 2021,12/21/2021,https://www.irs.gov/pub/irs-pdf/f8865sg.pdf
Form 8865 (Schedule H),Acceleration Events and Exceptions Reporting Relating to Gain Deferral Method Under Section 721(c),Nov 2018,12/20/2018,https://www.irs.gov/pub/irs-pdf/f8865sh.pdf
Form 8865 (Schedule K-1),"Partner's Share of Income, Deductions, Credits, etc.",2025,01/07/2026,https://www.irs.gov/pub/irs-pdf/f8865sk1.pdf
Form 8865 (Schedule K-2),Partners' Distributive Share Items - International,2025,01/07/2026,https://www.irs.gov/pub/irs-pdf/f8865sk2.pdf
Instruction 8865 (Schedule K-2 & K-3),"Instructions for Schedules K-2 and K-3 (Form 8865), Partners' Distributive Share Items - International and Partner's Share of Income, Deductions, Credits, etc. - International",2025,01/12/2026,https://www.irs.gov/pub/irs-pdf/i8865k23.pdf
Form 8865 (Schedule K-3),"Partner's Share of Income, Deductions, Credits, etc.-International",2025,01/06/2026,https://www.irs.gov/pub/irs-pdf/f8865sk3.pdf
Form 8865 (Schedule O),Transfer of Property to a Foreign Partnership (under section 6038B),Oct 2021,10/04/2021,https://www.irs.gov/pub/irs-pdf/f8865so.pdf
Form 8865 (Schedule P),"Acquisitions, Dispositions, and Changes of Interests in a Foreign Partnership (Under Section 6046A)",Dec 2019,05/13/2020,https://www.irs.gov/pub/irs-pdf/f8865sp.pdf
Form 8866,Interest Computation Under the Look-Back Method for Property Depreciated Under the Income Forecast Method,Dec 2025,01/12/2026,https://www.irs.gov/pub/irs-pdf/f8866.pdf
Instruction 8866,"Instructions for Form 8866, Interest Computation Under the Look-Back Method for Property Depreciated Under the Income Forecast Method",Dec 2025,01/23/2026,https://www.irs.gov/pub/irs-pdf/i8866.pdf
Form 8867,Paid Preparer's Due Diligence Checklist,Nov 2024,11/12/2024,https://www.irs.gov/pub/irs-pdf/f8867.pdf
Instruction 8867,"Instructions for Form 8867, Paid Preparer's Due Diligence Checklist",Nov 2025,01/27/2026,https://www.irs.gov/pub/irs-pdf/i8867.pdf
Form 8868,Application for Extension of Time To File an Exempt Organization Return or Excise Taxes Related to Employee Benefit Plans,Jan 2025,12/30/2024,https://www.irs.gov/pub/irs-pdf/f8868.pdf
Instruction 8868,"Instructions for Form 8868, Application for Extension of Time to File an Exempt Organization Return or Excise Taxes Related to Employee Benefit Plans",Jan 2026,12/15/2025,https://www.irs.gov/pub/irs-pdf/i8868.pdf
Form 8869,Qualified Subchapter S Subsidiary Election,Dec 2020,12/08/2020,https://www.irs.gov/pub/irs-pdf/f8869.pdf
Instruction 8869,"Instructions for Form 8869, Qualified Subchapter S Subsidiary Election",Dec 2020,12/07/2020,https://www.irs.gov/pub/irs-pdf/i8869.pdf
Form 8870,Information Return for Transfers Associated With Certain Personal Benefit Contracts,Oct 2021,10/26/2021,https://www.irs.gov/pub/irs-pdf/f8870.pdf
Instruction 8871,"Instructions for Form 8871, Political Organization Notice of Section 527 Status",Feb 2011,07/17/2012,https://www.irs.gov/pub/irs-pdf/i8871.pdf
Form 8872,Political Organization Report of Contributions and Expenditures,Oct 2014,10/07/2014,https://www.irs.gov/pub/irs-pdf/f8872.pdf
Instruction 8872,"Instructions for Form 8872, Political Organization Report of Contributions and Expenditures",Oct 2020,10/22/2020,https://www.irs.gov/pub/irs-pdf/i8872.pdf
Form 8873,Extraterritorial Income Exclusion,Dec 2010,10/18/2012,https://www.irs.gov/pub/irs-pdf/f8873.pdf
Instruction 8873,"Instructions for Form 8873, Extraterritorial Income Exclusion",Sep 2017,09/16/2017,https://www.irs.gov/pub/irs-pdf/i8873.pdf
Form 8874,New Markets Credit,Nov 2021,11/01/2021,https://www.irs.gov/pub/irs-pdf/f8874.pdf
Form 8874-A,Notice of Qualified Equity Investment for New Markets Credit,Dec 2011,07/17/2012,https://www.irs.gov/pub/irs-pdf/f8874a.pdf
Form 8874-B,Notice of Recapture Event for New Markets Credit,Dec 2011,07/17/2012,https://www.irs.gov/pub/irs-pdf/f8874b.pdf
Form 8875,Taxable REIT Subsidiary Election,Sep 2014,09/11/2014,https://www.irs.gov/pub/irs-pdf/f8875.pdf
Form 8876,Excise Tax on Structured Settlement Factoring Transactions,Dec 2025,01/07/2026,https://www.irs.gov/pub/irs-pdf/f8876.pdf
Instruction 8876,"Instructions for Form 8876, Excise Tax on Structured Settlement Factoring Transactions",Dec 2025,01/14/2026,https://www.irs.gov/pub/irs-pdf/i8876.pdf
Form 8878,IRS e-file Signature Authorization for Form 4868 or  Form 2350,2025,01/07/2026,https://www.irs.gov/pub/irs-pdf/f8878.pdf
Form 8878-A,IRS e-file Electronic Funds Withdrawal Authorization for Form 7004,Dec 2008,07/17/2012,https://www.irs.gov/pub/irs-pdf/f8878a.pdf
Form 8879,IRS e-file Signature Authorization,Jan 2021,01/22/2021,https://www.irs.gov/pub/irs-pdf/f8879.pdf
Form 8879-C,IRS e-file Signature Authorization for Form 1120,2021,11/16/2021,https://www.irs.gov/pub/irs-pdf/f8879c.pdf
Form 8879-CORP,E-file Authorization for Corporations,Dec 2024,12/20/2024,https://www.irs.gov/pub/irs-pdf/f8879crp.pdf
Form 8879-EG,"E-file Authorization for Forms 709, 709-NA, 706, 706-A, 706-GS(D), 706-GS(T), 706-NA, and 706-QDT",Dec 2025,01/13/2026,https://www.irs.gov/pub/irs-pdf/f8879eg.pdf
Form 8879-EMP,"IRS e-file Signature Authorization for Forms 940, 940 (PR), 941, 941 (PR), 941-SS, 943, 943 (PR), 944, and 945",Dec 2024,12/11/2024,https://www.irs.gov/pub/irs-pdf/f8879emp.pdf
Form 8879-EX,"IRS e-file Signature Authorization for Forms 720, 2290, and 8849",Dec 2010,07/17/2012,https://www.irs.gov/pub/irs-pdf/f8879ex.pdf
Form 8879-F,IRS e-file Signature Authorization for Form 1041,2025,10/30/2025,https://www.irs.gov/pub/irs-pdf/f8879f.pdf
Form 8879-PE,E-file Authorization for Form 1065,Dec 2025,01/08/2026,https://www.irs.gov/pub/irs-pdf/f8879pe.pdf
Form 8879-S,IRS e-file Signature Authorization for Form 1120-S,2021,01/03/2022,https://www.irs.gov/pub/irs-pdf/f8879s.pdf
Form 8879-TA,"IRS e-file Signature Authorization for Form 4547, Trump Account Election(s)",Dec 2025,01/08/2026,https://www.irs.gov/pub/irs-pdf/f8879ta.pdf
Form 8879-TE,IRS E-file Signature Authorization for a Tax-Exempt Entity,2025,02/13/2026,https://www.irs.gov/pub/irs-pdf/f8879te.pdf
Form 8879-WH,IRS e-file Signature Authorization for Form 1042,Dec 2022,01/06/2023,https://www.irs.gov/pub/irs-pdf/f8879wh.pdf
Form 8880,Credit for Qualified Retirement Savings Contributions,2025,03/05/2026,https://www.irs.gov/pub/irs-pdf/f8880.pdf
Form 8881,"Credits for Small Employer Pension Plan Startup Costs, Contributions, Auto-Enrollment, and Military Spouse Participation",Dec 2025,01/14/2026,https://www.irs.gov/pub/irs-pdf/f8881.pdf
Instruction 8881,"Instructions for Form 8881, Credits for Small Employer Pension Plan Startup Costs, Contributions, Auto-Enrollment, and Military Spouse Participation",Dec 2025,01/15/2026,https://www.irs.gov/pub/irs-pdf/i8881.pdf
Form 8882,Credit for Employer-Provided Child Care Facilities and Services,Dec 2017,09/22/2017,https://www.irs.gov/pub/irs-pdf/f8882.pdf
Form 8883,Asset Allocation Statement Under Section 338,Oct 2017,10/31/2017,https://www.irs.gov/pub/irs-pdf/f8883.pdf
Instruction 8883,"Instructions for Form 8883, Asset Allocation Statement Under Section 338",Oct 2017,10/31/2017,https://www.irs.gov/pub/irs-pdf/i8883.pdf
Form 8885,Health Coverage Tax Credit,2021,09/14/2021,https://www.irs.gov/pub/irs-pdf/f8885.pdf
Instruction 8885,"Instructions for Form 8885, Health Coverage Tax Credit",2021,12/06/2021,https://www.irs.gov/pub/irs-pdf/i8885.pdf
Form 8886,Reportable Transaction Disclosure Statement,Dec 2019,12/18/2019,https://www.irs.gov/pub/irs-pdf/f8886.pdf
Instruction 8886,"Instructions for Form 8886, Reportable Transaction Disclosure Statement",Oct 2022,02/15/2023,https://www.irs.gov/pub/irs-pdf/i8886.pdf
Form 8886-T,Disclosure by Tax Exempt Entity Regarding Prohibited Tax Shelter Transaction,Dec 2019,01/28/2020,https://www.irs.gov/pub/irs-pdf/f8886t.pdf
Instruction 8886-T,"Instructions for Form 8886-T, Disclosure by Tax-Exempt Entity Regarding Prohibited Tax Shelter Transaction",Dec 2019,01/27/2020,https://www.irs.gov/pub/irs-pdf/i8886t.pdf
Form 8888,Allocation of Refund,Dec 2025,11/28/2025,https://www.irs.gov/pub/irs-pdf/f8888.pdf
Form 8889,Health Savings Accounts (HSAs),2025,12/05/2025,https://www.irs.gov/pub/irs-pdf/f8889.pdf
Instruction 8889,"Instructions for Form 8889, Health Savings Accounts (HSAs)",2025,12/04/2025,https://www.irs.gov/pub/irs-pdf/i8889.pdf
Form 8892,Application for Automatic Extension of Time To File Form 709 or Form 709-NA and/or Payment of Gift/Generation-Skipping Transfer Tax,Dec 2024,01/30/2025,https://www.irs.gov/pub/irs-pdf/f8892.pdf
Instruction 8892,"Instructions for Form 8892, Application for Automatic Extension of Time to File Form 709 or Form 709-NA and/or Payment of Gift/Generation-Skipping Transfer Tax",Dec 2024,03/04/2025,https://www.irs.gov/pub/irs-pdf/i8892.pdf
Form 8896,Low Sulfur Diesel Fuel Production Credit,Dec 2019,12/04/2019,https://www.irs.gov/pub/irs-pdf/f8896.pdf
Form 8898,Statement for Individuals Who Begin or End Bona Fide Residence in a U.S. Territory,Oct 2024,10/17/2024,https://www.irs.gov/pub/irs-pdf/f8898.pdf
Instruction 8898,"Instructions for Form 8898, Statement for Individuals Who Begin or End Bona Fide Residence in a U.S. Territory",Oct 2024,10/28/2024,https://www.irs.gov/pub/irs-pdf/i8898.pdf
Form 8899,Notification of Income from Donated Intellectual Property,Dec 2021,12/07/2021,https://www.irs.gov/pub/irs-pdf/f8899.pdf
Form 8900,Qualified Railroad Track Maintenance Credit,2023,12/08/2023,https://www.irs.gov/pub/irs-pdf/f8900.pdf
Instruction 8900,"Instructions for Form 8900, Qualified Railroad Track Maintenance Credit",Dec 2023,12/12/2023,https://www.irs.gov/pub/irs-pdf/i8900.pdf
Form 8902,Alternative Tax on Qualifying Shipping Activities,Apr 2018,04/13/2018,https://www.irs.gov/pub/irs-pdf/f8902.pdf
Instruction 8902,"Instructions for Form 8902, Alternative Tax on Qualifying Shipping Activities",Apr 2018,04/13/2018,https://www.irs.gov/pub/irs-pdf/i8902.pdf
Form 8903,Domestic Production Activities Deduction,Dec 2018,01/08/2019,https://www.irs.gov/pub/irs-pdf/f8903.pdf
Instruction 8903,"Instructions for Form 8903, Domestic Production Activities Deduction",Dec 2019,01/07/2020,https://www.irs.gov/pub/irs-pdf/i8903.pdf
Form 8904,Credit for Oil and Gas Production from Marginal Wells,Oct 2024,10/03/2024,https://www.irs.gov/pub/irs-pdf/f8904.pdf
Instruction 8904,"Instructions for Form 8904, Credit for Oil and Gas Production From Marginal Wells",Nov 2025,12/04/2025,https://www.irs.gov/pub/irs-pdf/i8904.pdf
Form 8905,Certification of Intent to Adopt a Pre-Approved Plan,Jan 2012,07/17/2012,https://www.irs.gov/pub/irs-pdf/f8905.pdf
Form 8906,Distilled Spirits Credit,2025,11/03/2025,https://www.irs.gov/pub/irs-pdf/f8906.pdf
Form 8908,Energy Efficient Home Credit,Dec 2025,01/07/2026,https://www.irs.gov/pub/irs-pdf/f8908.pdf
Instruction 8908,"Instructions for Form 8908, Energy Efficient Home Credit",Dec 2025,01/07/2026,https://www.irs.gov/pub/irs-pdf/i8908.pdf
Form 8911,Alternative Fuel Vehicle Refueling Property Credit,Dec 2025,12/18/2025,https://www.irs.gov/pub/irs-pdf/f8911.pdf
Instruction 8911,"Instructions for Form 8911, Alternative Fuel Vehicle Refueling Property Credit (and Schedule A (Form 8911) Alternative Fuel Vehicle Refueling Property)",Dec 2025,12/18/2025,https://www.irs.gov/pub/irs-pdf/i8911.pdf
Form 8911 (Schedule A),Alternative Fuel Vehicle Refueling Property,Dec 2025,01/12/2026,https://www.irs.gov/pub/irs-pdf/f8911sa.pdf
Form 8912,Credit to Holders of Tax Credit Bonds,Dec 2024,12/02/2024,https://www.irs.gov/pub/irs-pdf/f8912.pdf
Instruction 8912,"Instructions for Form 8912, Credit to Holders of Tax Credit Bonds",Dec 2024,12/04/2024,https://www.irs.gov/pub/irs-pdf/i8912.pdf
Form 8915-B,Qualified 2017 Disaster Retirement Plan Distributions and Repayments,2021,02/03/2022,https://www.irs.gov/pub/irs-pdf/f8915b.pdf
Instruction 8915-B,"Instructions for Form 8915B, Qualified 2017 Disaster Retirement Plan Distributions and Repayments",2021,02/04/2022,https://www.irs.gov/pub/irs-pdf/i8915b.pdf
Instruction 8915-C,"Instructions for Form 8915-C, Qualified 2018 Disaster Retirement Plan Distributions and Repayments",2023,12/13/2023,https://www.irs.gov/pub/irs-pdf/i8915c.pdf
Form 8915-D,Qualified 2019 Disaster Retirement Plan Distributions and Repayments,2024,12/05/2024,https://www.irs.gov/pub/irs-pdf/f8915d.pdf
Instruction 8915-D,"Instructions for Form 8915-D, Qualified 2019 Disaster Retirement Plan Distributions and Repayments",2024,12/05/2024,https://www.irs.gov/pub/irs-pdf/i8915d.pdf
Form 8915-F,Qualified Disaster Retirement Plan Distributions and Repayments,Dec 2025,12/19/2025,https://www.irs.gov/pub/irs-pdf/f8915f.pdf
Instruction 8915-F,"Instructions for Form 8915-F, Qualified Disaster Retirement Plan Distributions and Repayments",Dec 2025,12/23/2025,https://www.irs.gov/pub/irs-pdf/i8915f.pdf
Form 8916,Reconciliation of Schedule M-3 Taxable Income with Tax Return Taxable Income for Mixed Groups,Oct 2020,10/30/2020,https://www.irs.gov/pub/irs-pdf/f8916.pdf
Form 8916-A,Supplemental Attachment to Schedule M-3,Nov 2019,12/10/2019,https://www.irs.gov/pub/irs-pdf/f8916a.pdf
Form 8917,Tuition and Fees Deduction,Jan 2020,01/24/2020,https://www.irs.gov/pub/irs-pdf/f8917.pdf
Form 8918,Material Advisor Disclosure Statement,Nov 2021,06/19/2022,https://www.irs.gov/pub/irs-pdf/f8918.pdf
Instruction 8918,"Instructions for Form 8918, Material Advisor Disclosure Statement",Nov 2021,12/09/2021,https://www.irs.gov/pub/irs-pdf/i8918.pdf
Form 8919,Uncollected Social Security and Medicare Tax on Wages,2025,11/19/2025,https://www.irs.gov/pub/irs-pdf/f8919.pdf
Form 8922,Third-Party Sick Pay Recap,Oct 2024,10/28/2024,https://www.irs.gov/pub/irs-pdf/f8922.pdf
Form 8924,Excise Tax on Certain Transfers of Qualifying Geothermal or Mineral Interests,Dec 2025,01/06/2026,https://www.irs.gov/pub/irs-pdf/f8924.pdf
Instruction 8924,"Instructions for Form 8924, Excise Tax on Certain Transfers of Qualifying Geothermal or Mineral Interest",Dec 2025,01/07/2026,https://www.irs.gov/pub/irs-pdf/i8924.pdf
Form 8925,Report of Employer-Owned Life Insurance Contracts,Sep 2017,09/21/2017,https://www.irs.gov/pub/irs-pdf/f8925.pdf
Form 8927,Determination Under Section 860(e)(4) by a Qualified Investment Entity,Dec 2016,12/13/2016,https://www.irs.gov/pub/irs-pdf/f8927.pdf
Form 8928,Return of Certain Excise Taxes Under Chapter 43 of the Internal Revenue Code,Dec 2025,12/30/2025,https://www.irs.gov/pub/irs-pdf/f8928.pdf
Instruction 8928,"Instructions for Form 8928, Return of Certain Excise Taxes Under Chapter 43 of the Internal Revenue Code",Dec 2025,12/30/2025,https://www.irs.gov/pub/irs-pdf/i8928.pdf
Form 8932,Credit for Employer Differential Wage Payments,Dec 2021,12/02/2021,https://www.irs.gov/pub/irs-pdf/f8932.pdf
Form 8933,Carbon Oxide Sequestration Credit,Dec 2025,01/12/2026,https://www.irs.gov/pub/irs-pdf/f8933.pdf
Instruction 8933,"Instructions to Form 8933, Carbon Oxide Sequestration Credit",Dec 2025,01/12/2026,https://www.irs.gov/pub/irs-pdf/i8933.pdf
Form 8933 (Schedule A),Disposal or Enhanced Oil Recovery Owner Certification,Dec 2025,01/12/2026,https://www.irs.gov/pub/irs-pdf/f8933sa.pdf
Form 8933 (Schedule B),Disposal Operator Certification,Dec 2025,01/12/2026,https://www.irs.gov/pub/irs-pdf/f8933sb.pdf
Form 8933 (Schedule C),Enhanced Oil Recovery Operator Certification,Dec 2025,01/12/2026,https://www.irs.gov/pub/irs-pdf/f8933sc.pdf
Form 8933 (Schedule D),Recapture Certification,Dec 2025,04/08/2026,https://www.irs.gov/pub/irs-pdf/f8933sd.pdf
Form 8933 (Schedule E),Election Certification,Dec 2025,01/12/2026,https://www.irs.gov/pub/irs-pdf/f8933se.pdf
Form 8933 (Schedule F),Utilization Certification,Dec 2025,01/12/2026,https://www.irs.gov/pub/irs-pdf/f8933sf.pdf
Form 8936,Clean Vehicle Credits,2025,12/08/2025,https://www.irs.gov/pub/irs-pdf/f8936.pdf
Instruction 8936,"Instructions for Form 8936, Clean Vehicle Credits (and Schedule A (Form 8936), Clean Vehicle Credit Amount)",2025,12/08/2025,https://www.irs.gov/pub/irs-pdf/i8936.pdf
Form 8936 (Schedule A),Clean Vehicle Credit Amount,2025,12/08/2025,https://www.irs.gov/pub/irs-pdf/f8936sa.pdf
Form 8937,Report of Organizational Actions Affecting Basis of Securities,Dec 2017,12/01/2017,https://www.irs.gov/pub/irs-pdf/f8937.pdf
Instruction 8937,"Instructions for Form 8937, Report of Organizational Actions Affecting Basis of Securities",Dec 2017,12/26/2017,https://www.irs.gov/pub/irs-pdf/i8937.pdf
Form 8938,Statement of Specified Foreign Financial Assets,Nov 2021,12/13/2021,https://www.irs.gov/pub/irs-pdf/f8938.pdf
Instruction 8938,"Instructions for Form 8938, Statement of Specified Foreign Financial Assets",Nov 2021,12/22/2021,https://www.irs.gov/pub/irs-pdf/i8938.pdf
Form 8940,Request for Miscellaneous Determination,Jun 2011,06/29/2023,https://www.irs.gov/pub/irs-pdf/f8940.pdf
Instruction 8940,"Instructions for Form 8940, Request for Miscellaneous Determination",Dec 2025,02/13/2026,https://www.irs.gov/pub/irs-pdf/i8940.pdf
Form 8941,Credit for Small Employer Health Insurance Premiums,2025,12/19/2025,https://www.irs.gov/pub/irs-pdf/f8941.pdf
Instruction 8941,"Instructions for Form 8941, Credit for Small Employer Health Insurance Premiums",2025,12/19/2025,https://www.irs.gov/pub/irs-pdf/i8941.pdf
Form 8944,Preparer e-file Hardship Waiver Request,Sep 2021,09/30/2021,https://www.irs.gov/pub/irs-pdf/f8944.pdf
Form 8945,PTIN Supplemental Application For U.S. Citizens Without a Social Security Number Due To Conscientious Religious Objection,May 2021,05/27/2021,https://www.irs.gov/pub/irs-pdf/f8945.pdf
Form 8946,PTIN Supplemental Application For Foreign Persons Without a Social Security Number,Oct 2025,10/14/2025,https://www.irs.gov/pub/irs-pdf/f8946.pdf
Form 8947,Report of Branded Prescription Drug Information,Sep 2018,09/14/2018,https://www.irs.gov/pub/irs-pdf/f8947.pdf
Form 8948,Preparer Explanation for Not Filing Electronically,Sep 2018,09/14/2018,https://www.irs.gov/pub/irs-pdf/f8948.pdf
Form 8949,Sales and Other Dispositions of Capital Assets,2025,12/11/2025,https://www.irs.gov/pub/irs-pdf/f8949.pdf
Instruction 8949,"Instructions for Form 8949, Sales and Other Dispositions of Capital Assets",2025,01/22/2026,https://www.irs.gov/pub/irs-pdf/i8949.pdf
Form 8950,Application for Voluntary Correction Program (VCP),Nov 2017,04/10/2019,https://www.irs.gov/pub/irs-pdf/f8950.pdf
Instruction 8950,"Instructions for Form 8950, Application for Voluntary Correction Program (VCP) Submission Under the Employee Plans Compliance Resolution System (EPCRS)",Jan 2022,12/29/2021,https://www.irs.gov/pub/irs-pdf/i8950.pdf
Form 8951,User Fee for Application for Voluntary Correction Program (VCP),Sep 2016,04/10/2019,https://www.irs.gov/pub/irs-pdf/f8951.pdf
Form 8952,Application for Voluntary Classification Settlement Program (VCSP),Nov 2024,11/19/2024,https://www.irs.gov/pub/irs-pdf/f8952.pdf
Instruction 8952,"Instructions for Form 8952, Application for Voluntary Classification Settlement Program (VCSP)",Nov 2025,11/18/2025,https://www.irs.gov/pub/irs-pdf/i8952.pdf
Form 8955-SSA,Annual Registration Statement Identifying Separated Participants with Deferred Vested Benefits,2025,01/15/2026,https://www.irs.gov/pub/irs-pdf/f8955ssa.pdf
Instruction 8955-SSA,"Instructions for Form 8955-SSA, Annual Registration Statement Identifying Separated Participants with Deferred Vested Benefits",2025,01/16/2026,https://www.irs.gov/pub/irs-pdf/i8955ssa.pdf
Form 8957,Foreign Account Tax Compliance Act (FATCA) Registration,Jun 2018,12/17/2025,https://www.irs.gov/pub/irs-pdf/f8957.pdf
Instruction 8957,"Instructions for Form 8957, Foreign Account Tax Compliance Act (FATCA) Registration",Jun 2018,12/17/2025,https://www.irs.gov/pub/irs-pdf/i8957.pdf
Form 8958,Allocation of Tax Amounts Between Certain Individuals in Community Property States,Nov 2023,09/19/2024,https://www.irs.gov/pub/irs-pdf/f8958.pdf
Form 8959,Additional Medicare Tax,2025,12/04/2025,https://www.irs.gov/pub/irs-pdf/f8959.pdf
Instruction 8959,"Instructions for Form 8959, Additional Medicare Tax",2025,12/04/2025,https://www.irs.gov/pub/irs-pdf/i8959.pdf
Form 8960,"Net Investment Income Tax - Individuals, Estates, and Trusts",2025,01/07/2026,https://www.irs.gov/pub/irs-pdf/f8960.pdf
Instruction 8960,"Instructions for Form 8960, Net Investment Income Tax - Individuals, Estates, and Trusts",2025,02/06/2026,https://www.irs.gov/pub/irs-pdf/i8960.pdf
Form 8962,Premium Tax Credit (PTC),2025,01/07/2026,https://www.irs.gov/pub/irs-pdf/f8962.pdf
Instruction 8962,"Instructions for Form 8962, Premium Tax Credit (PTC)",2025,01/29/2026,https://www.irs.gov/pub/irs-pdf/i8962.pdf
Form 8963,Report of Health Insurance Provider Information,Jan 2020,01/17/2020,https://www.irs.gov/pub/irs-pdf/f8963.pdf
Instruction 8963,"Instructions for Form 8963, Report of Health Insurance Provider Information",Jan 2020,02/18/2020,https://www.irs.gov/pub/irs-pdf/i8963.pdf
Form 8964-ELE,Section 987 Elections,Dec 2025,01/12/2026,https://www.irs.gov/pub/irs-pdf/f8964ele.pdf
Instruction 8964-ELE,"Instructions for Form 8964-ELE, Section 987 Elections",Dec 2025,01/12/2026,https://www.irs.gov/pub/irs-pdf/i8964ele.pdf
Form 8964-TRA,Section 987 Transition Information,Dec 2025,01/12/2026,https://www.irs.gov/pub/irs-pdf/f8964tra.pdf
Instruction 8964-TRA,"Instructions for Form 8964-TRA, Section 987 Transition Information",Dec 2025,01/12/2026,https://www.irs.gov/pub/irs-pdf/i8964tra.pdf
Form 8966,FATCA Report,2025,12/19/2025,https://www.irs.gov/pub/irs-pdf/f8966.pdf
Instruction 8966,"Instructions for Form 8966, FATCA Report",2025,12/19/2025,https://www.irs.gov/pub/irs-pdf/i8966.pdf
Form 8966-C,Cover Sheet for Form 8966 Paper Submissions,Dec 2016,11/08/2016,https://www.irs.gov/pub/irs-pdf/f8966c.pdf
Form 8971,Information Regarding Beneficiaries Acquiring Property From a Decedent,Aug 2025,09/04/2025,https://www.irs.gov/pub/irs-pdf/f8971.pdf
Instruction 8971,"Instructions for Form 8971 and Schedule A, Information Regarding Beneficiaries Acquiring Property From a Decedent",Aug 2025,08/29/2025,https://www.irs.gov/pub/irs-pdf/i8971.pdf
Form 8971 (Schedule A),Beneficiary Information Regarding Property Acquired From a Decedent,Aug 2025,08/29/2025,https://www.irs.gov/pub/irs-pdf/f8971sa.pdf
Form 8973,Certified Professional Employer Organization Customer Reporting Agreement,Dec 2023,01/17/2024,https://www.irs.gov/pub/irs-pdf/f8973.pdf
Instruction 8973,"Instructions for Form 8973, Certified Professional Employer Organization/Customer Reporting Agreement",Dec 2018,12/06/2018,https://www.irs.gov/pub/irs-pdf/i8973.pdf
Form 8974,Qualified Small Business Payroll Tax Credit for Increasing Research Activities,Dec 2024,12/04/2024,https://www.irs.gov/pub/irs-pdf/f8974.pdf
Instruction 8974,"Instructions for Form 8974, Qualified Small Business Payroll Tax Credit for Increasing Research Activities",Dec 2024,12/10/2024,https://www.irs.gov/pub/irs-pdf/i8974.pdf
Form 8975,Country by Country Report,Dec 2020,12/17/2020,https://www.irs.gov/pub/irs-pdf/f8975.pdf
Instruction 8975,"Instructions for Form 8975 and Schedule A (Form 8975), Country-by-Country Report",Dec 2020,12/18/2020,https://www.irs.gov/pub/irs-pdf/i8975.pdf
Form 8975 (Schedule A),Tax Jurisdiction and Constituent Entity Information,Dec 2020,12/18/2020,https://www.irs.gov/pub/irs-pdf/f8975sa.pdf
Form 8978,Partner's Additional Reporting Year Tax,Jan 2023,12/15/2022,https://www.irs.gov/pub/irs-pdf/f8978.pdf
Instruction 8978,"Instructions for Form 8978 (Including Schedule A), Partner's Additional Reporting Year Tax",Dec 2024,12/31/2024,https://www.irs.gov/pub/irs-pdf/i8978.pdf
Form 8978 (Schedule A),Partner's Additional Reporting Year Tax (Schedule of Adjustments),Jan 2023,12/15/2022,https://www.irs.gov/pub/irs-pdf/f8978sa.pdf
Form 8979,Partnership Representative Designation or Resignation,Sep 2025,10/06/2025,https://www.irs.gov/pub/irs-pdf/f8979.pdf
Instruction 8979,"Instructions for Form 8979, Partnership Representative Designation or Resignation Form",Sep 2025,10/06/2025,https://www.irs.gov/pub/irs-pdf/i8979.pdf
Form 8980,Partnership Request for Modification of Imputed Underpayments Under IRC Section 6225(c),Dec 2024,12/04/2024,https://www.irs.gov/pub/irs-pdf/f8980.pdf
Form 8981,Waiver of the Period Under IRC Section 6231(b)(2)(A) and Expiration of the Period for Modification Submissions Under IRC Section 6225(c)(7),Oct 2020,10/30/2020,https://www.irs.gov/pub/irs-pdf/f8981.pdf
Form 8982,Affidavit for Partner Modification Amended Return Under IRC Section 6225(c)(2)(A) or Partner Alternative Procedure Under IRC Section 6225(c)(2)(B),Oct 2020,10/30/2020,https://www.irs.gov/pub/irs-pdf/f8982.pdf
Form 8983,Certification of Partner Tax-Exempt Status for Modification Under IRC Section 6225(c)(3),Oct 2020,10/30/2020,https://www.irs.gov/pub/irs-pdf/f8983.pdf
Form 8984,Extension of the Taxpayer Modification Submission Period Under Section 6225(c)(7),Oct 2020,10/30/2020,https://www.irs.gov/pub/irs-pdf/f8984.pdf
Form 8985,Pass-Through Statement - Transmittal/Partnership Adjustment Tracking Report (Required Under Sections 6226 and 6227),Dec 2024,12/13/2024,https://www.irs.gov/pub/irs-pdf/f8985.pdf
Instruction 8985,"Instructions for Form 8985 and Form 8985-V, Pass-Through Statement - Transmittal/Partnership Adjustment Tracking Report (Required Under Sections 6226 and 6227)",Dec 2024,01/07/2025,https://www.irs.gov/pub/irs-pdf/i8985.pdf
Form 8985-V,Tax Payment by a Pass-Through Partner,Dec 2019,12/23/2019,https://www.irs.gov/pub/irs-pdf/f8985v.pdf
Form 8986,Partner's Share of Adjustment(s) to Partnership-Related Item(s) (Required Under Sections 6226 and 6227),Dec 2024,01/14/2025,https://www.irs.gov/pub/irs-pdf/f8986.pdf
Instruction 8986,"Instructions for Form 8986, Partner's Share of Adjustment(s) to Partnership-Related Item(s) (Required Under Sections 6226 and 6227)",Dec 2024,01/07/2025,https://www.irs.gov/pub/irs-pdf/i8986.pdf
Form 8988,Election for Alternative to Payment of the Imputed Underpayment - IRC Section 6226,Oct 2020,10/30/2020,https://www.irs.gov/pub/irs-pdf/f8988.pdf
Form 8989,Request to Revoke the Election for Alternative to Payment of the Imputed Underpayment,Oct 2020,10/30/2020,https://www.irs.gov/pub/irs-pdf/f8989.pdf
Form 8990,Limitation on Business Interest Expense Under Section 163(j),Dec 2025,01/08/2026,https://www.irs.gov/pub/irs-pdf/f8990.pdf
Instruction 8990,"Instructions for Form 8990, Limitation on Business Interest Expense Under Section 163(j)",Dec 2025,01/21/2026,https://www.irs.gov/pub/irs-pdf/i8990.pdf
Form 8991,Tax on Base Erosion Payments of Taxpayers With Substantial Gross Receipts,Dec 2024,12/17/2024,https://www.irs.gov/pub/irs-pdf/f8991.pdf
Instruction 8991,"Instructions for Form 8991, Tax on Base Erosion Payments of Taxpayers with Substantial Gross Receipts",Dec 2025,01/16/2026,https://www.irs.gov/pub/irs-pdf/i8991.pdf
Form 8992,U.S. Shareholder Calculation of Global Intangible Low-Taxed Income (GILTI),Dec 2022,12/14/2022,https://www.irs.gov/pub/irs-pdf/f8992.pdf
Instruction 8992,"Instructions for Form 8992, U.S. Shareholder Calculation of Global Intangible Low-Taxed Income (GILTI)",Dec 2024,01/15/2025,https://www.irs.gov/pub/irs-pdf/i8992.pdf
Form 8992 (Schedule A),Schedule of Controlled Foreign Corporation (CFC) Information to Compute Global Intangible Low-Taxed Income (GILTI),Dec 2022,12/22/2022,https://www.irs.gov/pub/irs-pdf/f8992sa.pdf
Form 8992 (Schedule B),Calculation of Global Intangible Low-Taxed Income (GILTI) for Members of a U.S. Consolidated Group Who Are U.S. Shareholders of a CFC,Dec 2022,12/27/2022,https://www.irs.gov/pub/irs-pdf/f8992sb.pdf
Form 8993,Section 250 Deduction for Foreign-Derived Intangible Income (FDII) and Global Intangible Low-Taxed Income (GILTI),Dec 2025,01/07/2026,https://www.irs.gov/pub/irs-pdf/f8993.pdf
Instruction 8993,"Instructions for Form 8993, Section 250 Deduction for Foreign-Derived Intangible Income (FDII) and Global Intangible Low-Taxed Income (GILTI)",Dec 2025,01/08/2026,https://www.irs.gov/pub/irs-pdf/i8993.pdf
Form 8994,Employer Credit for Paid Family and Medical Leave,Jan 2021,01/23/2021,https://www.irs.gov/pub/irs-pdf/f8994.pdf
Instruction 8994,"Instructions for Form 8994, Employer Credit for Paid Family and Medical Leave",Dec 2024,12/19/2024,https://www.irs.gov/pub/irs-pdf/i8994.pdf
Form 8995,Qualified Business Income Deduction Simplified Computation,2025,01/09/2026,https://www.irs.gov/pub/irs-pdf/f8995.pdf
Instruction 8995,"Instructions for Form 8995, Qualified Business Income Deduction Simplified Computation",2025,01/27/2026,https://www.irs.gov/pub/irs-pdf/i8995.pdf
Form 8995-A,Qualified Business Income Deduction,2025,01/09/2026,https://www.irs.gov/pub/irs-pdf/f8995a.pdf
Instruction 8995-A,"Instructions for Form 8995-A, Deduction for Qualified Business Income",2025,01/27/2026,https://www.irs.gov/pub/irs-pdf/i8995a.pdf
Form 8995-A (Schedule A),Specified Service Trades or Businesses,2025,01/12/2026,https://www.irs.gov/pub/irs-pdf/f8995aa.pdf
Form 8995-A (Schedule B),Aggregation of Business Operations,Dec 2022,01/12/2023,https://www.irs.gov/pub/irs-pdf/f8995ab.pdf
Form 8995-A (Schedule C),Loss Netting And Carryforward,Dec 2022,01/12/2023,https://www.irs.gov/pub/irs-pdf/f8995ac.pdf
Form 8995-A (Schedule D),Special Rules for Patrons of Agricultural or Horticultural Cooperatives,Dec 2022,01/12/2023,https://www.irs.gov/pub/irs-pdf/f8995ad.pdf
Form 8996,Qualified Opportunity Fund,Dec 2021,12/22/2021,https://www.irs.gov/pub/irs-pdf/f8996.pdf
Instruction 8996,"Instructions for Form 8996, Qualified Opportunity Fund",Dec 2024,01/30/2025,https://www.irs.gov/pub/irs-pdf/i8996.pdf
Form 8997,Initial and Annual Statement of Qualified Opportunity Fund (QOF) Investments,2025,12/30/2025,https://www.irs.gov/pub/irs-pdf/f8997.pdf
Form 9000,Alternative Media Preference,Nov 2021,02/06/2025,https://www.irs.gov/pub/irs-pdf/f9000.pdf
Form 9210,Alien Status Questionnaire,Jul 2015,09/10/2015,https://www.irs.gov/pub/irs-pdf/f9210.pdf
Form 9212,Income Questionnaire,Apr 2015,12/04/2024,https://www.irs.gov/pub/irs-pdf/f9212.pdf
Form 9214,Moving Expenses Questionnaire,May 2015,12/04/2024,https://www.irs.gov/pub/irs-pdf/f9214.pdf
Form 9249,Questionnaire - Housing Exclusion,May 2015,12/04/2024,https://www.irs.gov/pub/irs-pdf/f9249.pdf
Form 9250,Questionnaire - Tax Treaty Benefits,May 2015,12/04/2024,https://www.irs.gov/pub/irs-pdf/f9250.pdf
Form 9325,Acknowledgement and General Information for Taxpayers Who File Returns Electronically,Jan 2017,12/13/2016,https://www.irs.gov/pub/irs-pdf/f9325.pdf
Form 9368,Questionnaire - Scholarship or Fellowship Grant,May 2015,12/04/2024,https://www.irs.gov/pub/irs-pdf/f9368.pdf
Form 9423,Collection Appeal Request,Feb 2020,05/12/2020,https://www.irs.gov/pub/irs-pdf/f9423.pdf
Form 9465,Installment Agreement Request,Sep 2020,10/07/2020,https://www.irs.gov/pub/irs-pdf/f9465.pdf
Instruction 9465,"Instructions for Form 9465, Installment Agreement Request",Jul 2024,06/24/2024,https://www.irs.gov/pub/irs-pdf/i9465.pdf
Form 9549,Explanation of Other Income,Mar 2024,03/18/2024,https://www.irs.gov/pub/irs-pdf/f9549.pdf
Form 9661,Cooperative Agreement,Jun 2025,06/27/2025,https://www.irs.gov/pub/irs-pdf/f9661.pdf
Form 9779,EFTPS Business Enrollment Form,Dec 2011,09/16/2017,https://www.irs.gov/pub/irs-pdf/f9779.pdf
Form 9783,EFTPS Individual Enrollment Form,Dec 2011,09/16/2017,https://www.irs.gov/pub/irs-pdf/f9783.pdf
Form 10301,CD Encryption Code Authorization For CP2100 972CG Notices,Jan 2017,02/09/2017,https://www.irs.gov/pub/irs-pdf/f10301.pdf
Form 10837,Request for Weather and Safety Leave Due to Emergency Conditions,Feb 2025,02/28/2025,https://www.irs.gov/pub/irs-pdf/f10837.pdf
Publication 11433,Employee Benefit Plans Explanation Number 13 Section 401(h) and Section 420 Determination Of Qualification,Jun 2021,06/15/2021,https://www.irs.gov/pub/irs-pdf/p11433.pdf
Form 11652,Questionnaire -- Form 1040 Schedule C (Profit or Loss From Business),Jan 2021,02/10/2023,https://www.irs.gov/pub/irs-pdf/f11652.pdf
Form 12009,Request for an Informal Conference and Appeals Review,Dec 2006,07/17/2012,https://www.irs.gov/pub/irs-pdf/f12009.pdf
Form 12153,Request for a Collection Due Process or Equivalent Hearing,Jul 2022,07/20/2022,https://www.irs.gov/pub/irs-pdf/f12153.pdf
Form 12203,Request for Appeals Review,Aug 2022,02/13/2023,https://www.irs.gov/pub/irs-pdf/f12203.pdf
Form 12203-A,Request for Appeal,Apr 2019,05/08/2019,https://www.irs.gov/pub/irs-pdf/f12203a.pdf
Form 12256,Withdrawal of Request for Collection Due Process or Equivalent Hearing,May 2020,05/12/2020,https://www.irs.gov/pub/irs-pdf/f12256.pdf
Form 12277,"Application for Withdrawal of Filed Form 668(Y), Notice of Federal Tax Lien (Internal Revenue Code Section 6323(j))",Oct 2011,07/17/2012,https://www.irs.gov/pub/irs-pdf/f12277.pdf
Form 12325,Military Status Questionnaire,Feb 2014,04/26/2021,https://www.irs.gov/pub/irs-pdf/f12325.pdf
Form 12339,Internal Revenue Service Advisory Council Membership Application,Apr 2024,04/17/2024,https://www.irs.gov/pub/irs-pdf/f12339.pdf
Form 12451,Request for Relocation Expenses Allowance,Jan 2005,07/17/2012,https://www.irs.gov/pub/irs-pdf/f12451.pdf
Form 12508,Questionnaire for Non-Requesting Spouse,Jun 2021,07/01/2021,https://www.irs.gov/pub/irs-pdf/f12508.pdf
Form 12509,Innocent Spouse Statement of Disagreement,May 2018,05/16/2018,https://www.irs.gov/pub/irs-pdf/f12509.pdf
Form 12661,Disputed Issue Verification,Oct 2015,06/21/2016,https://www.irs.gov/pub/irs-pdf/f12661.pdf
Form 12673,Agreement to Bid,Aug 2016,08/08/2016,https://www.irs.gov/pub/irs-pdf/f12673.pdf
Form 13072,Victim Witness Assistance,Feb 2012,07/17/2012,https://www.irs.gov/pub/irs-pdf/f13072.pdf
Form 13206,Volunteer Assistance Summary Report,Oct 2025,09/23/2025,https://www.irs.gov/pub/irs-pdf/f13206.pdf
Form 13285-A,Reducing Tax Burden on America's Taxpayers,Jan 2012,05/12/2020,https://www.irs.gov/pub/irs-pdf/f13285a.pdf
Form 13287,Bank Payment Problem Identification,Jan 2026,01/20/2026,https://www.irs.gov/pub/irs-pdf/f13287.pdf
Form 13369,Agreement to Mediate,Mar 2022,08/16/2023,https://www.irs.gov/pub/irs-pdf/f13369.pdf
Form 13424,Low Income Taxpayer Clinic (LITC) Application Information,Apr 2018,04/27/2018,https://www.irs.gov/pub/irs-pdf/f13424.pdf
Form 13424-A,Low Income Taxpayer Clinic (LITC) General Information Report,Apr 2016,08/26/2016,https://www.irs.gov/pub/irs-pdf/f13424a.pdf
Form 13424-B,Low Income Taxpayer Clinic (LITC) Case Issues Report,Apr 2016,08/26/2016,https://www.irs.gov/pub/irs-pdf/f13424b.pdf
Form 13424-C,Low Income Taxpayer Clinic (LITC) Advocacy Information Report,Apr 2016,08/26/2016,https://www.irs.gov/pub/irs-pdf/f13424c.pdf
Form 13424-F,Volunteer / Pro Bono Time Reporting,Apr 2010,07/17/2012,https://www.irs.gov/pub/irs-pdf/f13424f.pdf
Form 13424-J,Detailed Budget Worksheet,May 2018,05/13/2020,https://www.irs.gov/pub/irs-pdf/f13424j.pdf
Form 13424-K,Low Income Taxpayer Clinic (LITC) Case Information Report,Apr 2016,08/26/2016,https://www.irs.gov/pub/irs-pdf/f13424k.pdf
Form 13424-L,Statement of Grant Expenditures,May 2018,05/13/2020,https://www.irs.gov/pub/irs-pdf/f13424l.pdf
Form 13424-M,Low Income Taxpayer Clinic (LITC) Application Narrative,Mar 2019,05/06/2019,https://www.irs.gov/pub/irs-pdf/f13424m.pdf
Form 13424-N,Low Income Taxpayer Clinic (LITC) Program Narrative Report,Apr 2016,02/06/2025,https://www.irs.gov/pub/irs-pdf/f13424n.pdf
Form 13424-P,Application For Special Appearance Authorization,Sep 2021,09/28/2021,https://www.irs.gov/pub/irs-pdf/f13424p.pdf
Form 13424-Q,LITC or STCP Student and Law Graduate Information Chart,Sep 2021,09/28/2021,https://www.irs.gov/pub/irs-pdf/f13424q.pdf
Form 13424-R,Low Income Taxpayer Clinic (LITC) Program Report,Oct 2025,12/11/2025,https://www.irs.gov/pub/irs-pdf/f13424r.pdf
Form 13441-A,Health Coverage Tax Credit (HCTC) Monthly Registration and Update,Apr 2021,04/12/2021,https://www.irs.gov/pub/irs-pdf/f13441a.pdf
Form 13533,VITA/TCE Partner Sponsor Agreement,Oct 2025,10/17/2025,https://www.irs.gov/pub/irs-pdf/f13533.pdf
Form 13560,Health Plan Administrator (HPA) Return of Funds,May 2017,09/16/2017,https://www.irs.gov/pub/irs-pdf/f13560.pdf
Form 13588,Native Americans and the Earned Income Credit,Aug 2025,08/25/2025,https://www.irs.gov/pub/irs-pdf/f13588.pdf
Form 13614-C,Intake/Interview and Quality Review Sheet,Oct 2025,10/02/2025,https://www.irs.gov/pub/irs-pdf/f13614c.pdf
Form 13614-NR,Nonresident Alien Intake and Interview Sheet,Oct 2025,06/26/2025,https://www.irs.gov/pub/irs-pdf/f13614nr.pdf
Form 13615,Volunteer Standards of Conduct Agreement - VITA/TCE Programs,Oct 2025,06/06/2025,https://www.irs.gov/pub/irs-pdf/f13615.pdf
Form 13683,Statement of Disputed Issues,May 2024,05/30/2024,https://www.irs.gov/pub/irs-pdf/f13683.pdf
Form 13711,Request for Appeal of Offer in Compromise,Dec 2017,05/13/2020,https://www.irs.gov/pub/irs-pdf/f13711.pdf
Form 13715,Volunteer Site Information Sheet,Oct 2025,10/01/2025,https://www.irs.gov/pub/irs-pdf/f13715.pdf
Form 13748,Workshops/Seminars Registration,Oct 2005,07/17/2012,https://www.irs.gov/pub/irs-pdf/f13748.pdf
Form 13750,Election to Participate in Announcement 2005-80 Settlement Initiative,Oct 2005,07/17/2012,https://www.irs.gov/pub/irs-pdf/f13750.pdf
Form 13751,"Waiver of Right to Consistent Agreement of Partnership Items and Partnership-Level Determinations as to Penalties, Additions to Tax, and Additional Amounts",Oct 2005,07/17/2012,https://www.irs.gov/pub/irs-pdf/f13751.pdf
Form 13768,Electronic Tax Administration Advisory Committee Membership Application,Jan 2026,01/23/2026,https://www.irs.gov/pub/irs-pdf/f13768.pdf
Form 13797,Compliance Check Report,Nov 2006,07/17/2012,https://www.irs.gov/pub/irs-pdf/f13797.pdf
Form 13803,Income Verification Express Service (IVES) Application,Aug 2022,08/18/2022,https://www.irs.gov/pub/irs-pdf/f13803.pdf
Form 13825,Employee Business Expense Questionnaire,Aug 2017,12/04/2024,https://www.irs.gov/pub/irs-pdf/f13825.pdf
Form 13844,Application For Reduced User Fee For Installment Agreements,Feb 2026,03/03/2026,https://www.irs.gov/pub/irs-pdf/f13844.pdf
Form 13909,Tax-Exempt Organization Complaint (Referral),Nov 2023,12/05/2023,https://www.irs.gov/pub/irs-pdf/f13909.pdf
Form 13920,Directed Withholding and Deposit Verification,Oct 2013,12/04/2024,https://www.irs.gov/pub/irs-pdf/f13920.pdf
Form 13930,Application for Central Withholding Agreement,Sep 2022,10/04/2022,https://www.irs.gov/pub/irs-pdf/f13930.pdf
Form 13973,Health Coverage Tax Credit (HCTC) Blank Payment Coupon,Nov 2016,11/10/2016,https://www.irs.gov/pub/irs-pdf/f13973.pdf
Form 13976,Itemized Statement Component of Advisee List,Apr 2008,07/17/2012,https://www.irs.gov/pub/irs-pdf/f13976.pdf
Form 13977,VITA Grant Budget Plan,Jul 2025,07/25/2025,https://www.irs.gov/pub/irs-pdf/f13977.pdf
Form 13978,Projected Operations VITA Grant Program Application Plan,Mar 2022,03/24/2022,https://www.irs.gov/pub/irs-pdf/f13978.pdf
Form 13979,VITA Grant Final Expense Report,Sep 2025,09/29/2025,https://www.irs.gov/pub/irs-pdf/f13979.pdf
Form 13979-A,VITA Grant Budget and Narrative,Jun 2025,06/27/2025,https://www.irs.gov/pub/irs-pdf/f13979a.pdf
Form 13980,VITA Grant Performance Measures Report,Jun 2025,06/27/2025,https://www.irs.gov/pub/irs-pdf/f13980.pdf
Form 13981,VITA Grant Agreement,Jun 2025,06/27/2025,https://www.irs.gov/pub/irs-pdf/f13981.pdf
Form 13989,IRS Tax Forum Case Resolution Data Sheet,May 2012,06/26/2018,https://www.irs.gov/pub/irs-pdf/f13989.pdf
Form 13997,Validating Your TIN and Reasonable Cause,Aug 2015,08/13/2015,https://www.irs.gov/pub/irs-pdf/f13997.pdf
Form 14017,Application for Fast Track Settlement,Mar 2020,05/07/2020,https://www.irs.gov/pub/irs-pdf/f14017.pdf
Form 14039,Identity Theft Affidavit,Feb 2026,03/18/2026,https://www.irs.gov/pub/irs-pdf/f14039.pdf
Form 14039-B,Business Identity Theft Affidavit,May 2021,05/24/2021,https://www.irs.gov/pub/irs-pdf/f14039b.pdf
Form 14095,The Health Coverage Tax Credit (HCTC) Reimbursement Request,Aug 2020,08/24/2020,https://www.irs.gov/pub/irs-pdf/f14095.pdf
Form 14134,Application for Certificate of Subordination of Federal Tax Lien,Oct 2024,12/31/2024,https://www.irs.gov/pub/irs-pdf/f14134.pdf
Form 14135,Application for Certificate of Discharge of Property from Federal Tax Lien,Nov 2024,01/22/2025,https://www.irs.gov/pub/irs-pdf/f14135.pdf
Form 14157,Return Preparer Complaint,Jun 2018,11/27/2018,https://www.irs.gov/pub/irs-pdf/f14157.pdf
Form 14157-A,Tax Return Preparer Fraud or Misconduct Affidavit,Dec 2023,12/27/2023,https://www.irs.gov/pub/irs-pdf/f14157a.pdf
Form 14199,COBRA Recapture Statement,Jan 2011,07/17/2012,https://www.irs.gov/pub/irs-pdf/f14199.pdf
Form 14204,Tax Counseling for the Elderly (TCE) Program Application Checklist and Contact Sheet,Mar 2019,03/14/2019,https://www.irs.gov/pub/irs-pdf/f14204.pdf
Form 14234,Compliance Assurance Process (CAP) Application,Aug 2025,08/22/2025,https://www.irs.gov/pub/irs-pdf/f14234.pdf
Form 14234-A,Compliance Assurance Process (CAP) Research Credit Questionnaire (CRCQ),Jul 2025,07/09/2025,https://www.irs.gov/pub/irs-pdf/f14234a.pdf
Form 14234-B,Material Intercompany Transactions Template (MITT),Apr 2025,04/02/2025,https://www.irs.gov/pub/irs-pdf/f14234b.pdf
Form 14234-C,Taxpayer Initial Issues List,May 2025,05/15/2025,https://www.irs.gov/pub/irs-pdf/f14234c.pdf
Form 14234-D,Tax Control Framework Questionnaire,Dec 2023,01/17/2024,https://www.irs.gov/pub/irs-pdf/f14234d.pdf
Form 14234-E,Compliance Assurance Process (CAP) Cross Border Activities Questionnaire (CBAQ),Mar 2026,03/11/2026,https://www.irs.gov/pub/irs-pdf/f14234e.pdf
Form 14234-F,Post-Filing Representation by Taxpayer,Aug 2024,08/21/2024,https://www.irs.gov/pub/irs-pdf/f14234f.pdf
Form 14242,Report Suspected Abusive Tax Promotions or Preparers,Jul 2024,07/31/2024,https://www.irs.gov/pub/irs-pdf/f14242.pdf
Form 14310,Partner and Volunteer Sign Up,Oct 2025,06/06/2025,https://www.irs.gov/pub/irs-pdf/f14310.pdf
Form 14310-A,Potential Partner Referral from a Home Territory,Oct 2025,09/26/2025,https://www.irs.gov/pub/irs-pdf/f14310a.pdf
Form 14335,Primary Contact Information for VITA/TCE Grant Programs,Mar 2022,03/24/2022,https://www.irs.gov/pub/irs-pdf/f14335.pdf
Form 14345,"Application for Qualified Intermediary, Withholding Foreign Partnership, or Withholding Foreign Trust Status",Oct 2016,02/23/2017,https://www.irs.gov/pub/irs-pdf/f14345.pdf
Form 14360,Continuing Education Provider Complaint Referral,May 2023,05/17/2023,https://www.irs.gov/pub/irs-pdf/f14360.pdf
Form 14364,Continuing Education Evaluation,Aug 2013,08/06/2013,https://www.irs.gov/pub/irs-pdf/f14364.pdf
Form 14388,Taxpayer Advocacy Panel (TAP) Issue Submission,Mar 2026,03/13/2026,https://www.irs.gov/pub/irs-pdf/f14388.pdf
Form 14392,Continuing Education Waiver Request,Jul 2022,07/01/2022,https://www.irs.gov/pub/irs-pdf/f14392.pdf
Form 14402,Internal Revenue Code (IRC) Section 6702(d) Frivolous Return Submissions Penalty Reduction,Nov 2012,11/29/2012,https://www.irs.gov/pub/irs-pdf/f14402.pdf
Form 14411,Systemic Advocacy Issue Submission,Mar 2022,03/30/2022,https://www.irs.gov/pub/irs-pdf/f14411.pdf
Form 14414,Group Ruling Questionnaire,Oct 2012,05/13/2013,https://www.irs.gov/pub/irs-pdf/f14414.pdf
Form 14417,"Reimbursable Agreement - Non-Federal Entities (State and Local Governments, Foreign Governments, Commercial Organizations, and Private Businesses)",Mar 2023,03/06/2024,https://www.irs.gov/pub/irs-pdf/f14417.pdf
Form 14429,Tax Exempt Bonds Voluntary Closing Agreement Program Request,Feb 2020,02/11/2020,https://www.irs.gov/pub/irs-pdf/f14429.pdf
Form 14439,Employee Data Report,Mar 2022,01/10/2023,https://www.irs.gov/pub/irs-pdf/f14439.pdf
Form 14446,Virtual VITA/TCE Taxpayer Consent,Nov 2023,12/01/2023,https://www.irs.gov/pub/irs-pdf/f14446.pdf
Form 14452,Foreign Account or Asset Statement,Jun 2014,05/11/2020,https://www.irs.gov/pub/irs-pdf/f14452.pdf
Form 14453,Penalty Computation Worksheet,Dec 2015,01/06/2016,https://www.irs.gov/pub/irs-pdf/f14453.pdf
Form 14454,Attachment to Offshore Voluntary Disclosure Letter,Dec 2017,12/21/2017,https://www.irs.gov/pub/irs-pdf/f14454.pdf
Form 14457,Voluntary Disclosure Practice Preclearance Request and Application,Jul 2025,07/21/2025,https://www.irs.gov/pub/irs-pdf/f14457.pdf
Form 14467,Statement on Abandoned Entities,Jun 2014,01/06/2016,https://www.irs.gov/pub/irs-pdf/f14467.pdf
Form 14497,Notice of Nonjudicial Sale of Property,Jan 2022,01/10/2022,https://www.irs.gov/pub/irs-pdf/f14497.pdf
Form 14498,Application for Consent to Sale of Property Free of the Federal Tax Lien,Jan 2022,01/10/2022,https://www.irs.gov/pub/irs-pdf/f14498.pdf
Form 14512,VITA/TCE History Sheet for Site and Return Reviews,Oct 2025,10/27/2025,https://www.irs.gov/pub/irs-pdf/f14512.pdf
Form 14534,Intake/Interview and Quality Review Certificate of Completion,Oct 2013,10/22/2013,https://www.irs.gov/pub/irs-pdf/f14534.pdf
Form 14568,Model VCP Compliance Statement,Jul 2023,08/01/2023,https://www.irs.gov/pub/irs-pdf/f14568.pdf
Form 14568-A,Model VCP Compliance Statement Schedule 1 Interim Nonamender Failures,Jul 2023,08/01/2023,https://www.irs.gov/pub/irs-pdf/f14568a.pdf
Form 14568-B,Model VCP Compliance Statement Schedule 2 Other Nonamender Failures and Failure to Adopt a 403(b) Plan Timely,Jul 2023,08/01/2023,https://www.irs.gov/pub/irs-pdf/f14568b.pdf
Form 14568-C,Model VCP Compliance Statement Schedule 3 SEPs and SARSEPs,Jul 2023,08/01/2023,https://www.irs.gov/pub/irs-pdf/f14568c.pdf
Form 14568-D,Model VCP Compliance Statement Schedule 4 SIMPLE IRAs,Jul 2023,08/01/2023,https://www.irs.gov/pub/irs-pdf/f14568d.pdf
Form 14568-E,Model VCP Compliance Statement Schedule 5 Plan Loan Failures (Qualified Plans and 403(b) Plans),Jun 2018,06/28/2018,https://www.irs.gov/pub/irs-pdf/f14568e.pdf
Form 14568-F,Model VCP Compliance Statement Schedule 6 Employer Eligibility Failure (401(k) and 403(b) Plans only),Mar 2020,03/27/2020,https://www.irs.gov/pub/irs-pdf/f14568f.pdf
Form 14568-G,Model VCP Compliance Statement Schedule 7 Failure to Distribute Elective Deferrals in Excess of the 402(g) Limit,Mar 2020,03/27/2020,https://www.irs.gov/pub/irs-pdf/f14568g.pdf
Form 14568-H,Model VCP Compliance Statement Schedule 8 Failure to Pay Required Minimum Distributions Timely,Jun 2018,06/28/2018,https://www.irs.gov/pub/irs-pdf/f14568h.pdf
Form 14568-I,Model VCP Compliance Statement Schedule 9 Limited Safe Harbor Correction by Plan Amendment,Sep 2017,09/16/2017,https://www.irs.gov/pub/irs-pdf/f14568i.pdf
Form 14581-A,Fringe Benefits Compliance Self-Assessment For Public Employers,Jun 2017,09/16/2017,https://www.irs.gov/pub/irs-pdf/f14581a.pdf
Form 14581-B,International Issues Compliance Self-Assessment For Public Employers,Jun 2017,09/16/2017,https://www.irs.gov/pub/irs-pdf/f14581b.pdf
Form 14581-C,Medicare Coverage Compliance Self-Assessment For State and Local Government Employers,Jun 2017,09/16/2017,https://www.irs.gov/pub/irs-pdf/f14581c.pdf
Form 14581-D,Other Tax Issues Compliance Self-Assessment For Public Employers,Jun 2017,09/16/2017,https://www.irs.gov/pub/irs-pdf/f14581d.pdf
Form 14581-E,Retirement Plan Coverage Compliance Self-Assessment For State and Local Government Entities,Jun 2017,09/16/2017,https://www.irs.gov/pub/irs-pdf/f14581e.pdf
Form 14581-F,Social Security Coverage Compliance Self-Assessment For State and Local Government Entities,Jun 2017,09/16/2017,https://www.irs.gov/pub/irs-pdf/f14581f.pdf
Form 14581-G,Employee or Independent Contractor Compliance Self-Assessment For Public Employers,Jun 2017,09/16/2017,https://www.irs.gov/pub/irs-pdf/f14581g.pdf
Form 14653,Certification by U.S. Person Residing Outside of the United States for Streamlined Foreign Offshore Procedures,Mar 2025,03/11/2025,https://www.irs.gov/pub/irs-pdf/f14653.pdf
Form 14654,Certification by U.S. Person Residing in the United States for Streamlined Domestic Offshore Procedures,Sep 2017,04/13/2018,https://www.irs.gov/pub/irs-pdf/f14654.pdf
Form 14693,Application for Reduced Rate of Withholding on Whistleblower Award Payment,Feb 2017,02/13/2017,https://www.irs.gov/pub/irs-pdf/f14693.pdf
Form 14704,Transmittal Schedule Form 5500-EZ Delinquent Filer Penalty Relief Program (Revenue Procedure 2015-32),May 2015,06/01/2015,https://www.irs.gov/pub/irs-pdf/f14704.pdf
Form 14708,Streamlined Domestic Penalty Reconsideration Request Related to Canadian Retirement Plans,Sep 2016,10/13/2016,https://www.irs.gov/pub/irs-pdf/f14708.pdf
Form 14711-A,TEB Analysis of Future Related Form 8038-CP Returns,Aug 2015,03/05/2025,https://www.irs.gov/pub/irs-pdf/f14711a.pdf
Form 14726,Waiver of the Notice of Final Partnership Adjustment (FPA),Oct 2020,10/30/2020,https://www.irs.gov/pub/irs-pdf/f14726.pdf
Form 14751,Certified Professional Employer Organization Surety Bond,May 2017,09/16/2017,https://www.irs.gov/pub/irs-pdf/f14751.pdf
Form 14764,ESRP Response,Feb 2018,05/02/2018,https://www.irs.gov/pub/irs-pdf/f14764.pdf
Form 14765,Employee Premium Tax Credit (PTC) Listing,May 2021,05/04/2021,https://www.irs.gov/pub/irs-pdf/f14765.pdf
Form 14773,Offer in Compromise Withdrawal,Dec 2017,12/20/2017,https://www.irs.gov/pub/irs-pdf/f14773.pdf
Form 14781,Electronic Federal Tax Payment System (EFTPS) Insolvency Registration,Dec 2020,01/13/2021,https://www.irs.gov/pub/irs-pdf/f14781.pdf
Form 14815,Supporting Documents to Prove the Child Tax Credit (CTC) and Credit for Other Dependents (ODC),Apr 2019,04/08/2019,https://www.irs.gov/pub/irs-pdf/f14815.pdf
Form 14815-A,Supporting Documents to Prove the Child Tax Credit (CTC) and Credit for Other Dependents (ODC) for 2021,Jun 2021,06/28/2021,https://www.irs.gov/pub/irs-pdf/f14815a.pdf
Form 14824,Supporting Documents to Prove Filing Status,Oct 2022,02/10/2023,https://www.irs.gov/pub/irs-pdf/f14824.pdf
Form 14900,Worksheet for Qualified Loan Limit and Deductible Home Mortgage Interest for Tax Years Beginning after 2017,Jul 2020,12/04/2024,https://www.irs.gov/pub/irs-pdf/f14900.pdf
Form 14950,Premium Tax Credit Verification,Jun 2024,11/04/2024,https://www.irs.gov/pub/irs-pdf/f14950.pdf
Form 15028,Certification of Publicly Traded Partnership to Notify Specified Partners and Qualified Relevant Partners for Approved Modifications Under IRC Section 6225(c)(5),Dec 2024,12/04/2024,https://www.irs.gov/pub/irs-pdf/f15028.pdf
Form 15057,Agreement to Rescind Notice of Final Partnership Adjustment,Feb 2019,02/07/2019,https://www.irs.gov/pub/irs-pdf/f15057.pdf
Form 15080,Consent to Disclose Tax Return Information to VITA/TCE Tax Preparation Sites,Oct 2025,10/28/2025,https://www.irs.gov/pub/irs-pdf/f15080.pdf
Form 15086,Offer in Compromise Public Inspection File Request,Jun 2024,07/02/2024,https://www.irs.gov/pub/irs-pdf/f15086.pdf
Form 15091,Benefit Assurance,Jan 2019,12/04/2024,https://www.irs.gov/pub/irs-pdf/f15091.pdf
Form 15094,Consent to Disclose Tax Information,Jun 2019,05/30/2019,https://www.irs.gov/pub/irs-pdf/f15094.pdf
Form 15100,Adoption Taxpayer Identification Number (ATIN) Extension Request,Oct 2017,10/25/2017,https://www.irs.gov/pub/irs-pdf/f15100.pdf
Form 15101,Provide a Social Security Number (SSN) for Adoptive Child,Oct 2017,10/25/2017,https://www.irs.gov/pub/irs-pdf/f15101.pdf
Form 15103,Form 1040 Return Delinquency,Jun 2017,10/05/2017,https://www.irs.gov/pub/irs-pdf/f15103.pdf
Form 15104,Status of the Taxpayer Levy,Jun 2017,01/10/2018,https://www.irs.gov/pub/irs-pdf/f15104.pdf
Form 15105,No Breakdown of Liability By Abstract Number on Form 720,Jun 2017,03/01/2018,https://www.irs.gov/pub/irs-pdf/f15105.pdf
Form 15106,Request for Updated Taxpayer Information,Jul 2017,01/25/2024,https://www.irs.gov/pub/irs-pdf/f15106.pdf
Form 15107,Information Request for a Deceased Taxpayer,Sep 2017,01/30/2018,https://www.irs.gov/pub/irs-pdf/f15107.pdf
Form 15108,Correction to Your Federal Tax Deposit (FTD),Dec 2017,08/27/2025,https://www.irs.gov/pub/irs-pdf/f15108.pdf
Form 15109,Request for Tax Deferment,Jan 2023,09/23/2025,https://www.irs.gov/pub/irs-pdf/f15109.pdf
Form 15110,Additional Child Tax Credit Worksheet,Feb 2026,02/03/2026,https://www.irs.gov/pub/irs-pdf/f15110.pdf
Form 15111,Earned Income Credit (EIC) Worksheet (CP 09),Feb 2026,02/04/2026,https://www.irs.gov/pub/irs-pdf/f15111.pdf
Form 15112,Earned Income Credit Worksheet (CP 27),Feb 2026,02/04/2026,https://www.irs.gov/pub/irs-pdf/f15112.pdf
Form 15114,"Request Verification for Potential Discrepancy of Income, Deductions and/or Credits Claimed on BMF Income Tax Returns Matched to Payer Information Documents",Aug 2024,12/04/2024,https://www.irs.gov/pub/irs-pdf/f15114.pdf
Form 15115,Request for Missing Information on the Application for Enrollment or Renewal of Enrollment to Practice before the IRS,Apr 2021,12/04/2024,https://www.irs.gov/pub/irs-pdf/f15115.pdf
Form 15116,Information Sheet,Apr 2022,04/29/2024,https://www.irs.gov/pub/irs-pdf/f15116.pdf
Form 15118,Response to Notice CP562A,Dec 2024,01/17/2025,https://www.irs.gov/pub/irs-pdf/f15118.pdf
Form 15119,Response to Notice CP54,Dec 2024,01/17/2025,https://www.irs.gov/pub/irs-pdf/f15119.pdf
Form 15200,Certificate of Completion (Paid Preparer Due Diligence Training),Dec 2024,03/12/2025,https://www.irs.gov/pub/irs-pdf/f15200.pdf
Form 15230,Senior Executive Service Candidate Development Program Endorsement,Jun 2020,06/16/2020,https://www.irs.gov/pub/irs-pdf/f15230.pdf
Form 15230-A,Mobility Statement for the Senior Executive Service Candidate Development Program,Jun 2020,06/16/2020,https://www.irs.gov/pub/irs-pdf/f15230a.pdf
Form 15230-B,IRS Continuing Service Agreement (for Candidate Development Program Participants),Oct 2020,10/15/2020,https://www.irs.gov/pub/irs-pdf/f15230b.pdf
Form 15237,"Administrative Damage Claim Under Sections 7426(h), 7432, 7433(a-d)",Feb 2020,02/28/2020,https://www.irs.gov/pub/irs-pdf/f15237.pdf
Form 15237-A,Request for Section 7430 Recoverable Costs,Feb 2020,02/28/2020,https://www.irs.gov/pub/irs-pdf/f15237a.pdf
Form 15247,Product Review Feedback for SPEC Products,Dec 2020,02/01/2021,https://www.irs.gov/pub/irs-pdf/f15247.pdf
Form 15250,Nonbank Trustee/Custodian Status Notification,Apr 2020,04/13/2020,https://www.irs.gov/pub/irs-pdf/f15250.pdf
Form 15254,Request for Section 754 Revocation,Feb 2021,02/18/2021,https://www.irs.gov/pub/irs-pdf/f15254.pdf
Form 15272,VITA/TCE Security Plan,Oct 2025,10/17/2025,https://www.irs.gov/pub/irs-pdf/f15272.pdf
Form 15288,Request to Revoke Partnership Election under IRC Section 6221(b) or Request to Revoke Election under 1101(g)(4),Oct 2022,11/02/2022,https://www.irs.gov/pub/irs-pdf/f15288.pdf
Form 15293,Consent for Disclosure of Non-Tax IRS Records Protected under the Privacy Act,Jul 2024,07/22/2024,https://www.irs.gov/pub/irs-pdf/f15293.pdf
Form 15307,Post-Filing Disclosure for Specified Large Business Taxpayers,Nov 2022,11/15/2022,https://www.irs.gov/pub/irs-pdf/f15307.pdf
Form 15314,TE/GE Secure Messaging Taxpayer Agreement Authorization of Disclosure to Designated Users,Aug 2021,08/19/2021,https://www.irs.gov/pub/irs-pdf/f15314.pdf
Form 15315,Annual Certification for Multiemployer Defined Benefit Plans,Apr 2025,10/01/2025,https://www.irs.gov/pub/irs-pdf/f15315.pdf
Form 15320,Application for Security Summit Membership,May 2024,05/01/2024,https://www.irs.gov/pub/irs-pdf/f15320.pdf
Form 15344,Free Tax Preparation and Assistance for Your Employees!,Oct 2021,10/22/2021,https://www.irs.gov/pub/irs-pdf/f15344.pdf
Form 15345,Free Tax Preparation and Assistance for Your Members!,Oct 2021,10/22/2021,https://www.irs.gov/pub/irs-pdf/f15345.pdf
Form 15348,Filing Your Taxes Costs Less Than This,Oct 2021,10/27/2021,https://www.irs.gov/pub/irs-pdf/f15348.pdf
Form 15349,File Your Taxes Yourself For Free,Nov 2021,11/24/2021,https://www.irs.gov/pub/irs-pdf/f15349.pdf
Form 15358,Coronavirus Safety Protocols for VITA/TCE Site,Dec 2021,03/21/2022,https://www.irs.gov/pub/irs-pdf/f15358.pdf
Form 15373,VITA/TCE Free Tax Preparation Using Over the Phone Interpreter Services,Aug 2022,08/15/2022,https://www.irs.gov/pub/irs-pdf/f15373.pdf
Form 15397,Application for Extension of Time to Furnish Recipient Statements,Mar 2025,05/19/2025,https://www.irs.gov/pub/irs-pdf/f15397.pdf
Form 15398-A,IRS Form Requirements,Oct 2024,03/05/2025,https://www.irs.gov/pub/irs-pdf/f15398a.pdf
Form 15417,403(b) Plan - Eligibility and Participation Worksheet 1A - Determination of 403(b) Status,Apr 2023,12/04/2024,https://www.irs.gov/pub/irs-pdf/f15417.pdf
Form 15417-A,403(b) Plan - Minimum Vesting Standards Worksheet 2B - Determination of 403(b),Apr 2023,12/04/2024,https://www.irs.gov/pub/irs-pdf/f15417a.pdf
Form 15417-B,403(b) Plan - Miscellaneous Provisions Worksheet 4A - Determination of 403(b) Status,Apr 2023,12/04/2024,https://www.irs.gov/pub/irs-pdf/f15417b.pdf
Form 15417-C,403(b) Plan - Coverage and Nondiscrimination Requirements for Employer Contributions (Other than Matching Contributions) Worksheet 5B - Determination of 403(b) Status,Apr 2023,03/05/2025,https://www.irs.gov/pub/irs-pdf/f15417c.pdf
Form 15417-D,403(b) Plan - Plan Limitation on Contribution and Benefits Worksheet Number 6A - Determination of 403(b) Status,Apr 2023,03/05/2025,https://www.irs.gov/pub/irs-pdf/f15417d.pdf
Form 15417-E,403(b) Plan - Required Minimum Distributions Worksheet 9A - Determination of 403(b) Status,Apr 2023,03/11/2025,https://www.irs.gov/pub/irs-pdf/f15417e.pdf
Form 15417-F,403(b) Plan - Nondiscrimination Requirements for Matching Contributions and Employee After-Tax Contributions Worksheet 11A - Determination of 403(b) Status,Apr 2023,03/05/2025,https://www.irs.gov/pub/irs-pdf/f15417f.pdf
Form 15417-G,403(b) Plan - Elective Deferrals Worksheet 12A - Determination of 403(b) Status,Apr 2023,03/05/2025,https://www.irs.gov/pub/irs-pdf/f15417g.pdf
Form 15417-H,403(b) Plan - Distributions Worksheet 15 - Determination of 403(b) Status,Apr 2023,03/05/2025,https://www.irs.gov/pub/irs-pdf/f15417h.pdf
Form 15417-I,403(b) Plan - 403(b)(9) Retirement Income Accounts Worksheet 16 - Determination of 403(b) Status,Apr 2023,03/05/2025,https://www.irs.gov/pub/irs-pdf/f15417i.pdf
Form 15426,IRS Governmental Liaison (GL) Data Exchange Request,Apr 2025,04/14/2025,https://www.irs.gov/pub/irs-pdf/f15426.pdf
Form 15434,Application for Second Employee Retention Credit (ERC) Voluntary Disclosure Program,Aug 2024,08/14/2024,https://www.irs.gov/pub/irs-pdf/f15434.pdf
Form 15503,"Supporting Documentation Required for Certain Business Expenses Claimed on Form 1040, Schedule 1",Jul 2023,03/05/2025,https://www.irs.gov/pub/irs-pdf/f15503.pdf
Form 15504,Supporting Documents for Clean Vehicle Credits,Nov 2024,12/19/2024,https://www.irs.gov/pub/irs-pdf/f15504.pdf
Form 15601,Rural Partner Action Day Initiative,Oct 2023,01/22/2024,https://www.irs.gov/pub/irs-pdf/f15601.pdf
Form 15603,IRS Request for individual Access to Non-Tax Records Protected under the Privacy Act,Jul 2024,07/19/2024,https://www.irs.gov/pub/irs-pdf/f15603.pdf
Form 15620,Section 83(b) Election,Apr 2025,08/07/2025,https://www.irs.gov/pub/irs-pdf/f15620.pdf
Form 15644,Supplemental Group Ruling Information,Apr 2026,04/08/2026,https://www.irs.gov/pub/irs-pdf/f15644.pdf
Form 15658,SB/SE Secure Messaging Business Taxpayer Agreement and Authorization of Disclosure to Designated Users,Jun 2025,06/18/2025,https://www.irs.gov/pub/irs-pdf/f15658.pdf
Form 15662,Application for Private Letter Rulings,Sep 2025,09/16/2025,https://www.irs.gov/pub/irs-pdf/f15662.pdf
Form 15674,Consent to Disclose Tax Information,Mar 2025,03/20/2025,https://www.irs.gov/pub/irs-pdf/f15674.pdf
Form 15714,Advance Election to Participate Under Section 25F for 2027,Dec 2025,12/11/2025,https://www.irs.gov/pub/irs-pdf/f15714.pdf
Form 15721,Consent to Suspend the Period to Conduct a Church Tax Examination,Mar 2026,04/08/2026,https://www.irs.gov/pub/irs-pdf/f15721.pdf
Form CT-1,Employer's Annual Railroad Retirement Tax Return,2025,01/14/2026,https://www.irs.gov/pub/irs-pdf/fct1.pdf
Instruction CT-1,"Instructions for Form CT-1, Employer's Annual Railroad Retirement Tax Return",2025,01/14/2026,https://www.irs.gov/pub/irs-pdf/ict1.pdf
Form CT-1X,Adjusted Employer's Annual Railroad Retirement Tax Return or Claim for Refund,Apr 2025,04/16/2025,https://www.irs.gov/pub/irs-pdf/fct1x.pdf
Instruction CT-1X,"Instructions for Form CT-1X, Adjusted Employer's Annual Railroad Retirement Tax Return or Claim for Refund",Apr 2025,04/16/2025,https://www.irs.gov/pub/irs-pdf/ict1x.pdf
Form CT-2,Employee Representative's Quarterly Railroad Tax Return,Mar 2026,03/03/2026,https://www.irs.gov/pub/irs-pdf/fct2.pdf
Form SS-4,Application for Employer Identification Number,Dec 2025,12/22/2025,https://www.irs.gov/pub/irs-pdf/fss4.pdf
Instruction SS-4,"Instructions for Form SS-4, Application for Employer Identification Number (EIN)",Dec 2025,12/23/2025,https://www.irs.gov/pub/irs-pdf/iss4.pdf
Form SS-8,Determination of Worker Status for Purposes of Federal Employment Taxes and Income Tax Withholding,Dec 2023,12/11/2023,https://www.irs.gov/pub/irs-pdf/fss8.pdf
Instruction SS-8,"Instructions for Form SS-8, Determination of Worker Status for Purposes of Federal Employment Taxes and Income Tax Withholding",Jan 2024,12/20/2023,https://www.irs.gov/pub/irs-pdf/iss8.pdf
Form SS-16,Certificate of Election of Coverage Under the Federal Insurance Contributions Act,Dec 2025,11/28/2025,https://www.irs.gov/pub/irs-pdf/fss16.pdf
Publication TD CIR 230,Regulations Governing Practice before the Internal Revenue Service,Jun 2014,10/20/2020,https://www.irs.gov/pub/irs-pdf/pcir230.pdf
Form T (Timber),Forest Activities Schedule,Dec 2013,10/01/2013,https://www.irs.gov/pub/irs-pdf/ft.pdf
Instruction T (Timber),"Instructions for Form T (Timber), Forest Activities Schedule",Dec 2013,10/02/2013,https://www.irs.gov/pub/irs-pdf/it.pdf
Form W-2,Wage and Tax Statement (Info Copy Only),2026,01/09/2026,https://www.irs.gov/pub/irs-pdf/fw2.pdf
Instruction W-2 and W-3,"General Instructions for Forms W-2 and W-3, (Including Forms W-2AS, W-2CM, W-2GU, W-2VI, W-3SS, W-2C, and W-3C)",2026,01/30/2026,https://www.irs.gov/pub/irs-pdf/iw2w3.pdf
Form W-2AS,American Samoa Wage and Tax Statement (Info Copy Only),2026,01/12/2026,https://www.irs.gov/pub/irs-pdf/fw2as.pdf
Form W-2C,Corrected Wage and Tax Statement (Info Copy Only),Jan 2026,02/02/2026,https://www.irs.gov/pub/irs-pdf/fw2c.pdf
Form W-2G,Certain Gambling Winnings (Info Copy Only),Jan 2026,01/07/2026,https://www.irs.gov/pub/irs-pdf/fw2g.pdf
Instruction W-2G and 5754,Instructions for Forms W-2G and 5754,Jan 2026,01/12/2026,https://www.irs.gov/pub/irs-pdf/iw2g.pdf
Form W-2GU,Guam Wage and Tax Statement (Info Copy Only),2026,01/12/2026,https://www.irs.gov/pub/irs-pdf/fw2gu.pdf
Form W-2VI,U.S. Virgin Islands Wage and Tax Statement (Info Copy Only),2026,01/14/2026,https://www.irs.gov/pub/irs-pdf/fw2vi.pdf
Form W-3,Transmittal of Wage and Tax Statements (Info Copy Only),2026,10/28/2025,https://www.irs.gov/pub/irs-pdf/fw3.pdf
Form W-3C,Transmittal of Corrected Wage and Tax Statements (Info Copy Only),Jun 2024,06/26/2024,https://www.irs.gov/pub/irs-pdf/fw3c.pdf
Form W-3SS,Transmittal of Wage and Tax Statements (Info Copy Only),2026,10/28/2025,https://www.irs.gov/pub/irs-pdf/fw3ss.pdf
Form W-4,Employee's Withholding Certificate,2026,12/11/2025,https://www.irs.gov/pub/irs-pdf/fw4.pdf
Form W-4P,Withholding Certificate for Periodic Pension or Annuity Payments,2026,12/11/2025,https://www.irs.gov/pub/irs-pdf/fw4p.pdf
Form W-4R,Withholding Certificate for Nonperiodic Payments and Eligible Rollover Distributions,2026,12/17/2025,https://www.irs.gov/pub/irs-pdf/fw4r.pdf
Form W-4S,Request for Federal Income Tax Withholding From Sick Pay,2026,12/19/2025,https://www.irs.gov/pub/irs-pdf/fw4s.pdf
Form W-4V,Voluntary Withholding Request,Jan 2026,12/17/2025,https://www.irs.gov/pub/irs-pdf/fw4v.pdf
Form W-7,Application for IRS Individual Taxpayer Identification Number,Dec 2024,12/10/2024,https://www.irs.gov/pub/irs-pdf/fw7.pdf
Instruction W-7,"Instructions for Form W-7, Application for IRS Individual Taxpayer Identification Number",Dec 2024,12/17/2024,https://www.irs.gov/pub/irs-pdf/iw7.pdf
Form W-7A,Application for Taxpayer Identification Number for Pending U.S. Adoptions,Oct 2017,10/24/2017,https://www.irs.gov/pub/irs-pdf/fw7a.pdf
Instruction W-7A,"Instructions for Form W-7-A, Application for Taxpayer Identification Number for Pending U.S. Adoptions",Oct 2017,10/25/2017,https://www.irs.gov/pub/irs-pdf/iw7a.pdf
Form W-7-COA,Certificate of Accuracy for IRS Individual Taxpayer Identification Number,Aug 2025,10/28/2025,https://www.irs.gov/pub/irs-pdf/fw7coa.pdf
Instruction W-8,"Instructions for the Requester of Forms W-8BEN, W-8BEN-E, W-8ECI, W-8EXP, and W-8IMY",Jun 2022,06/28/2022,https://www.irs.gov/pub/irs-pdf/iw8.pdf
Form W-8BEN,Certificate of Foreign Status of Beneficial Owner for United States Tax Withholding and Reporting (Individuals),Oct 2021,09/30/2021,https://www.irs.gov/pub/irs-pdf/fw8ben.pdf
Instruction W-8BEN,Certificate of Foreign Status of Beneficial Owner for United States Tax Withholding and Reporting (Individuals),Oct 2021,10/04/2021,https://www.irs.gov/pub/irs-pdf/iw8ben.pdf
Form W-8BEN-E,Certificate of Entities Status of Beneficial Owner for United States Tax Withholding and Reporting (Entities),Oct 2021,10/12/2021,https://www.irs.gov/pub/irs-pdf/fw8bene.pdf
Instruction W-8BEN-E,"Instructions for Form W-8BEN-E, Certificate of Entities Status of Beneficial Owner for United States Tax Withholding and Reporting (Entities)",Oct 2021,10/12/2021,https://www.irs.gov/pub/irs-pdf/iw8bene.pdf
Form W-8CE,Notice of Expatriation and Waiver of Treaty Benefits,Oct 2025,10/30/2025,https://www.irs.gov/pub/irs-pdf/fw8ce.pdf
Form W-8ECI,Certificate of Foreign Person's Claim That Income Is Effectively Connected With the Conduct of a Trade or Business in the United States,Oct 2021,10/04/2021,https://www.irs.gov/pub/irs-pdf/fw8eci.pdf
Instruction W-8ECI,"Instructions for Form W-8ECI, Certificate of Foreign Person's Claim That Income Is Effectively Connected With the Conduct of a Trade or Business in the United States",Oct 2021,10/05/2021,https://www.irs.gov/pub/irs-pdf/iw8eci.pdf
Form W-8EXP,Certificate of Foreign Government or Other Foreign Organization for United States Tax Withholding and Reporting,Oct 2023,11/20/2023,https://www.irs.gov/pub/irs-pdf/fw8exp.pdf
Instruction W-8EXP,"Instructions for Form W-8EXP, Certificate of Foreign Government or Other Foreign Organization for United States Tax Withholding and Reporting",Oct 2023,11/20/2023,https://www.irs.gov/pub/irs-pdf/iw8exp.pdf
Form W-8IMY,"Certificate of Foreign Intermediary, Foreign Flow-Through Entity, or Certain U.S. Branches for United States Tax Withholding and Reporting",Oct 2021,11/18/2021,https://www.irs.gov/pub/irs-pdf/fw8imy.pdf
Instruction W-8IMY,"Instructions for Form W-8IMY, Certificate of Foreign Intermediary, Foreign Flow-Through Entity, or Certain U.S. Branches for United States Tax Withholding and Reporting",Oct 2021,11/03/2021,https://www.irs.gov/pub/irs-pdf/iw8imy.pdf
Form W-9,Request for Taxpayer Identification Number and Certification,Mar 2024,03/06/2024,https://www.irs.gov/pub/irs-pdf/fw9.pdf
Instruction W-9,"Instructions for the Requestor of Form W-9, Request for Taxpayer Identification Number and Certification",Mar 2024,03/11/2024,https://www.irs.gov/pub/irs-pdf/iw9.pdf
Form W-9S,Request for Student's or Borrower's Taxpayer Identification Number and Certification,Jan 2026,12/30/2025,https://www.irs.gov/pub/irs-pdf/fw9s.pdf
Form W-10,Dependent Care Provider's Identification and Certification,Oct 2020,11/04/2020,https://www.irs.gov/pub/irs-pdf/fw10.pdf
Form W-12,IRS Paid Preparer Tax Identification Number (PTIN) Application and Renewal,Oct 2025,10/14/2025,https://www.irs.gov/pub/irs-pdf/fw12.pdf
Instruction W-12,"Instructions for Form W-12, IRS Paid Preparer Tax Identification Number (PTIN) Application and Renewal",Oct 2025,10/14/2025,https://www.irs.gov/pub/irs-pdf/iw12.pdf
Form W-13,ExSTARS Reporting Information Request for Taxpayer Identification Number and Certification,Jan 2014,01/24/2014,https://www.irs.gov/pub/irs-pdf/fw13.pdf
Form W-14,Certificate of Foreign Contracting Party Receiving Federal Procurement Payments,Aug 2016,08/19/2016,https://www.irs.gov/pub/irs-pdf/fw14.pdf
Instruction W-14,"Instructions for Form W-14, Certificate of Foreign Contracting Party Receiving Federal Procurement Payments",Aug 2016,08/19/2016,https://www.irs.gov/pub/irs-pdf/iw14.pdf
